2025-12-03 00:00:07 | INFO     | emotion_detector | Background emotion monitoring started
2025-12-03 00:00:07 | INFO     | app | Background emotion monitor started
2025-12-03 00:00:07 | INFO     | conversation_memory | Database initialized successfully
2025-12-03 00:00:07 | INFO     | app | Database and audio directory initialized
2025-12-03 00:00:07 | INFO     | app | ROOMie Backend v3.0 starting...
2025-12-03 00:00:07 | INFO     | app | Server: http://127.0.0.1:5000
2025-12-03 00:00:07 | INFO     | app | WebSocket: ws://127.0.0.1:5000
2025-12-03 00:00:10 | INFO     | emotion_detector | Background emotion monitoring started
2025-12-03 00:00:10 | INFO     | emotion_detector | Emotion monitor updated for user: 1
2025-12-03 00:00:10 | INFO     | tts_output | Generating TTS with voice 'nova' for tone 'cheerful' (speed: 1.0)
2025-12-03 00:00:11 | INFO     | emotion_detector | Detected emotion: angry (confidence: 0.89)
2025-12-03 00:00:14 | INFO     | emotion_detector | Detected emotion: angry (confidence: 0.84)
2025-12-03 00:00:14 | INFO     | tts_output | TTS audio saved: C:\Users\SHIVANSH\Desktop\ROOMie\backend\audio\tmpbsdb2c8r.mp3
2025-12-03 00:00:14 | INFO     | app | ROOMie backend ready
2025-12-03 00:00:17 | WARNING  | emotion_detector | Failed to capture frame from camera
2025-12-03 00:00:27 | INFO     | emotion_detector | Detected emotion: angry (confidence: 0.87)
2025-12-03 00:00:27 | INFO     | emotion_calibration | Matched emotion: angry (similarity: 0.96)
2025-12-03 00:00:27 | INFO     | emotion_detector | Personalized match: angry (confidence: 0.96)
2025-12-03 00:00:33 | INFO     | emotion_calibration | Matched emotion: angry (similarity: 0.96)
2025-12-03 00:00:33 | INFO     | emotion_detector | Personalized match: angry (confidence: 0.96)
2025-12-03 00:00:33 | INFO     | emotion_detector | Detected emotion: angry (confidence: 0.64)
2025-12-03 00:00:38 | INFO     | emotion_calibration | Matched emotion: angry (similarity: 0.96)
2025-12-03 00:00:38 | INFO     | emotion_detector | Personalized match: angry (confidence: 0.96)
2025-12-03 00:00:40 | INFO     | emotion_detector | Detected emotion: angry (confidence: 0.75)
2025-12-03 00:00:44 | INFO     | emotion_calibration | Matched emotion: angry (similarity: 0.96)
2025-12-03 00:00:44 | INFO     | emotion_detector | Personalized match: angry (confidence: 0.96)
2025-12-03 00:00:46 | INFO     | emotion_detector | Background emotion monitoring stopped
2025-12-03 00:00:46 | INFO     | emotion_detector | Background emotion monitoring started
2025-12-03 00:00:46 | INFO     | emotion_detector | Emotion monitor updated for user: 1
2025-12-03 00:00:48 | INFO     | emotion_detector | Detected emotion: angry (confidence: 0.95)
2025-12-03 00:00:53 | INFO     | voice_commands | Detected command: open_game_center with params: {}
2025-12-03 00:00:53 | INFO     | emotion_detector | Detected emotion: angry (confidence: 0.73)
2025-12-03 00:00:58 | INFO     | emotion_detector | Detected emotion: angry (confidence: 0.78)
2025-12-03 00:00:59 | INFO     | emotion_detector | Background emotion monitoring stopped
2025-12-03 00:00:59 | INFO     | emotion_detector | Background emotion monitoring started
2025-12-03 00:01:01 | INFO     | emotion_detector | Background emotion monitoring stopped
2025-12-03 00:01:01 | INFO     | emotion_detector | Background emotion monitoring started
2025-12-03 00:01:01 | INFO     | emotion_detector | Emotion monitor updated for user: 1
2025-12-03 00:01:03 | INFO     | emotion_calibration | Matched emotion: angry (similarity: 0.97)
2025-12-03 00:01:03 | INFO     | emotion_detector | Personalized match: angry (confidence: 0.97)
2025-12-03 00:01:08 | INFO     | voice_tone | Voice tone analysis: neutral (confidence: 0.50)
2025-12-03 00:01:09 | INFO     | emotion_detector | Detected emotion: angry (confidence: 0.83)
2025-12-03 00:01:11 | INFO     | ai_core | AI response generated: If you're looking for analytics on a specific app ...
2025-12-03 00:01:11 | WARNING  | emotion_detector | Failed to capture frame from camera
2025-12-03 00:01:11 | INFO     | tts_output | Generating TTS with voice 'nova' for tone 'sad' (speed: 0.85)
2025-12-03 00:01:11 | INFO     | emotion_detector | Detected emotion: angry (confidence: 0.83)
2025-12-03 00:01:16 | INFO     | tts_output | TTS audio saved: C:\Users\SHIVANSH\Desktop\ROOMie\backend\audio\tmppkvnfrhv.mp3
2025-12-03 00:01:18 | INFO     | emotion_detector | Background emotion monitoring stopped
2025-12-03 00:01:19 | INFO     | emotion_detector | Background emotion monitoring started
2025-12-03 00:01:21 | INFO     | emotion_detector | Background emotion monitoring stopped
2025-12-03 00:01:21 | INFO     | emotion_detector | Background emotion monitoring started
2025-12-03 00:01:21 | INFO     | emotion_detector | Emotion monitor updated for user: 1
2025-12-03 00:01:22 | INFO     | emotion_detector | Detected emotion: angry (confidence: 0.56)
2025-12-03 00:01:23 | INFO     | emotion_calibration | Matched emotion: angry (similarity: 0.95)
2025-12-03 00:01:23 | INFO     | emotion_detector | Personalized match: angry (confidence: 0.95)
2025-12-03 00:01:23 | INFO     | emotion_detector | Background emotion monitoring stopped
2025-12-03 00:01:23 | INFO     | emotion_detector | Background emotion monitoring started
2025-12-03 00:01:23 | INFO     | emotion_detector | Emotion monitor updated for user: 1
2025-12-03 00:01:28 | INFO     | emotion_detector | Detected emotion: angry (confidence: 0.83)
2025-12-03 00:01:28 | INFO     | emotion_detector | Background emotion monitoring stopped
2025-12-03 00:01:28 | INFO     | emotion_detector | Background emotion monitoring started
2025-12-03 00:01:30 | INFO     | emotion_detector | Background emotion monitoring stopped
2025-12-03 00:01:31 | INFO     | emotion_detector | Detected emotion: angry (confidence: 0.82)
2025-12-03 00:01:33 | INFO     | emotion_detector | Detected emotion: angry (confidence: 0.82)
2025-12-03 00:01:34 | INFO     | emotion_detector | Detected emotion: angry (confidence: 0.82)
2025-12-03 00:01:37 | INFO     | emotion_detector | Detected emotion: angry (confidence: 0.82)
2025-12-03 00:01:38 | INFO     | emotion_detector | Background emotion monitoring started
2025-12-03 00:01:38 | INFO     | emotion_detector | Emotion monitor updated for user: 1
2025-12-03 00:01:40 | INFO     | emotion_detector | Background emotion monitoring stopped
2025-12-03 00:01:40 | INFO     | emotion_detector | Background emotion monitoring started
2025-12-03 00:01:40 | INFO     | emotion_detector | Emotion monitor updated for user: 1
2025-12-03 00:01:45 | INFO     | emotion_detector | Detected emotion: angry (confidence: 0.82)
2025-12-03 00:01:45 | INFO     | voice_tone | Voice tone analysis: neutral (confidence: 0.50)
2025-12-03 00:01:47 | INFO     | emotion_detector | Detected emotion: angry (confidence: 0.82)
2025-12-03 00:01:48 | INFO     | ai_core | AI response generated: It seems like you’re trying to view analytics. If ...
2025-12-03 00:01:48 | INFO     | tts_output | Generating TTS with voice 'nova' for tone 'sad' (speed: 0.85)
2025-12-03 00:01:49 | INFO     | emotion_detector | Detected emotion: angry (confidence: 0.82)
2025-12-03 00:01:53 | INFO     | tts_output | TTS audio saved: C:\Users\SHIVANSH\Desktop\ROOMie\backend\audio\tmper4xe6wo.mp3
2025-12-03 00:01:56 | INFO     | emotion_detector | Detected emotion: angry (confidence: 0.82)
2025-12-03 00:01:59 | INFO     | emotion_calibration | Matched emotion: angry (similarity: 0.96)
2025-12-03 00:01:59 | INFO     | emotion_detector | Personalized match: angry (confidence: 0.96)
2025-12-03 00:02:05 | INFO     | emotion_detector | Detected emotion: angry (confidence: 0.82)
2025-12-03 00:02:06 | WARNING  | emotion_detector | Failed to capture frame from camera
2025-12-03 00:02:15 | INFO     | emotion_detector | Detected emotion: angry (confidence: 0.84)
2025-12-03 00:02:17 | INFO     | emotion_calibration | Matched emotion: angry (similarity: 0.96)
2025-12-03 00:02:17 | INFO     | emotion_detector | Personalized match: angry (confidence: 0.96)
2025-12-03 00:02:22 | INFO     | voice_commands | Detected command: show_stats with params: {}
2025-12-03 00:02:25 | INFO     | emotion_detector | Detected emotion: angry (confidence: 0.81)
2025-12-03 00:02:26 | INFO     | emotion_calibration | Matched emotion: angry (similarity: 0.97)
2025-12-03 00:02:26 | INFO     | emotion_detector | Personalized match: angry (confidence: 0.97)
2025-12-03 00:02:34 | WARNING  | emotion_detector | Failed to capture frame from camera
2025-12-03 00:02:35 | INFO     | emotion_calibration | Matched emotion: angry (similarity: 0.95)
2025-12-03 00:02:35 | INFO     | emotion_detector | Personalized match: angry (confidence: 0.95)
2025-12-03 00:02:43 | WARNING  | emotion_detector | Failed to capture frame from camera
2025-12-03 00:02:44 | INFO     | emotion_calibration | Matched emotion: angry (similarity: 0.97)
2025-12-03 00:02:44 | INFO     | emotion_detector | Personalized match: angry (confidence: 0.97)
2025-12-03 00:02:51 | WARNING  | emotion_detector | Failed to capture frame from camera
2025-12-03 00:02:52 | INFO     | emotion_calibration | Matched emotion: angry (similarity: 0.96)
2025-12-03 00:02:52 | INFO     | emotion_detector | Personalized match: angry (confidence: 0.96)
2025-12-03 00:02:57 | WARNING  | emotion_detector | Failed to capture frame from camera
2025-12-03 00:02:57 | INFO     | emotion_calibration | Matched emotion: angry (similarity: 0.96)
2025-12-03 00:02:57 | INFO     | emotion_detector | Personalized match: angry (confidence: 0.96)
2025-12-03 00:03:02 | WARNING  | emotion_detector | Failed to capture frame from camera
2025-12-03 00:03:03 | INFO     | emotion_detector | Detected emotion: angry (confidence: 0.76)
2025-12-03 00:03:08 | INFO     | emotion_calibration | Matched emotion: angry (similarity: 0.95)
2025-12-03 00:03:08 | INFO     | emotion_detector | Personalized match: angry (confidence: 0.95)
2025-12-03 00:03:09 | INFO     | emotion_detector | Detected emotion: angry (confidence: 0.71)
2025-12-03 00:03:13 | INFO     | emotion_calibration | Matched emotion: angry (similarity: 0.96)
2025-12-03 00:03:13 | INFO     | emotion_detector | Personalized match: angry (confidence: 0.96)
2025-12-03 00:03:15 | INFO     | emotion_detector | Detected emotion: angry (confidence: 0.79)
2025-12-03 00:03:19 | INFO     | emotion_calibration | Matched emotion: angry (similarity: 0.97)
2025-12-03 00:03:19 | INFO     | emotion_detector | Personalized match: angry (confidence: 0.97)
2025-12-03 00:03:21 | INFO     | emotion_detector | Detected emotion: angry (confidence: 0.82)
2025-12-03 00:03:24 | INFO     | emotion_calibration | Matched emotion: angry (similarity: 0.97)
2025-12-03 00:03:24 | INFO     | emotion_detector | Personalized match: angry (confidence: 0.97)
2025-12-03 00:03:27 | INFO     | emotion_detector | Detected emotion: angry (confidence: 0.82)
2025-12-03 00:03:30 | INFO     | emotion_calibration | Matched emotion: angry (similarity: 0.96)
2025-12-03 00:03:30 | INFO     | emotion_detector | Personalized match: angry (confidence: 0.96)
2025-12-03 00:03:33 | INFO     | emotion_detector | Detected emotion: angry (confidence: 0.81)
2025-12-03 00:03:36 | INFO     | emotion_calibration | Matched emotion: angry (similarity: 0.95)
2025-12-03 00:03:36 | INFO     | emotion_detector | Personalized match: angry (confidence: 0.95)
2025-12-03 00:03:39 | INFO     | emotion_detector | Detected emotion: angry (confidence: 0.70)
2025-12-03 00:03:41 | INFO     | emotion_calibration | Matched emotion: angry (similarity: 0.96)
2025-12-03 00:03:41 | INFO     | emotion_detector | Personalized match: angry (confidence: 0.96)
2025-12-03 00:03:45 | INFO     | emotion_detector | Detected emotion: angry (confidence: 0.79)
2025-12-03 00:03:47 | INFO     | emotion_calibration | Matched emotion: angry (similarity: 0.95)
2025-12-03 00:03:47 | INFO     | emotion_detector | Personalized match: angry (confidence: 0.95)
2025-12-03 00:03:51 | WARNING  | emotion_detector | Failed to capture frame from camera
2025-12-03 00:03:52 | INFO     | emotion_calibration | Matched emotion: angry (similarity: 0.96)
2025-12-03 00:03:52 | INFO     | emotion_detector | Personalized match: angry (confidence: 0.96)
2025-12-03 00:03:57 | WARNING  | emotion_detector | Failed to capture frame from camera
2025-12-03 00:03:57 | INFO     | emotion_detector | Detected emotion: angry (confidence: 0.81)
2025-12-03 00:04:03 | INFO     | emotion_calibration | Matched emotion: angry (similarity: 0.96)
2025-12-03 00:04:03 | INFO     | emotion_detector | Personalized match: angry (confidence: 0.96)
2025-12-03 00:04:04 | INFO     | emotion_detector | Detected emotion: angry (confidence: 0.60)
2025-12-03 00:04:08 | INFO     | emotion_calibration | Matched emotion: angry (similarity: 0.96)
2025-12-03 00:04:08 | INFO     | emotion_detector | Personalized match: angry (confidence: 0.96)
2025-12-03 00:04:10 | INFO     | emotion_detector | Detected emotion: angry (confidence: 0.69)
2025-12-03 00:04:14 | INFO     | emotion_calibration | Matched emotion: angry (similarity: 0.97)
2025-12-03 00:04:14 | INFO     | emotion_detector | Personalized match: angry (confidence: 0.97)
2025-12-03 00:04:16 | INFO     | emotion_detector | Detected emotion: angry (confidence: 0.82)
2025-12-03 00:04:19 | INFO     | emotion_calibration | Matched emotion: angry (similarity: 0.97)
2025-12-03 00:04:19 | INFO     | emotion_detector | Personalized match: angry (confidence: 0.97)
2025-12-03 00:04:22 | INFO     | emotion_detector | Detected emotion: angry (confidence: 0.82)
2025-12-03 00:04:25 | INFO     | emotion_calibration | Matched emotion: angry (similarity: 0.97)
2025-12-03 00:04:25 | INFO     | emotion_detector | Personalized match: angry (confidence: 0.97)
2025-12-03 00:04:28 | INFO     | emotion_detector | Detected emotion: angry (confidence: 0.82)
2025-12-03 00:04:30 | INFO     | emotion_calibration | Matched emotion: angry (similarity: 0.96)
2025-12-03 00:04:30 | INFO     | emotion_detector | Personalized match: angry (confidence: 0.96)
2025-12-03 00:04:34 | INFO     | emotion_detector | Detected emotion: angry (confidence: 0.72)
2025-12-03 00:04:36 | INFO     | emotion_calibration | Matched emotion: angry (similarity: 0.96)
2025-12-03 00:04:36 | INFO     | emotion_detector | Personalized match: angry (confidence: 0.96)
2025-12-03 00:04:40 | INFO     | emotion_detector | Detected emotion: angry (confidence: 0.58)
2025-12-03 00:04:42 | INFO     | emotion_calibration | Matched emotion: angry (similarity: 0.96)
2025-12-03 00:04:42 | INFO     | emotion_detector | Personalized match: angry (confidence: 0.96)
2025-12-03 00:04:47 | INFO     | emotion_detector | Detected emotion: angry (confidence: 0.63)
2025-12-03 00:04:48 | INFO     | emotion_calibration | Matched emotion: angry (similarity: 0.94)
2025-12-03 00:04:48 | INFO     | emotion_detector | Personalized match: angry (confidence: 0.94)
2025-12-03 00:04:53 | INFO     | emotion_calibration | Matched emotion: angry (similarity: 0.95)
2025-12-03 00:04:53 | INFO     | emotion_detector | Personalized match: angry (confidence: 0.95)
2025-12-03 00:04:53 | INFO     | emotion_detector | Detected emotion: angry (confidence: 0.78)
2025-12-03 00:04:59 | INFO     | emotion_calibration | Matched emotion: angry (similarity: 0.96)
2025-12-03 00:04:59 | INFO     | emotion_detector | Personalized match: angry (confidence: 0.96)
2025-12-03 00:04:59 | INFO     | emotion_detector | Detected emotion: angry (confidence: 0.87)
2025-12-03 00:05:04 | INFO     | emotion_calibration | Matched emotion: angry (similarity: 0.95)
2025-12-03 00:05:04 | INFO     | emotion_detector | Personalized match: angry (confidence: 0.95)
2025-12-03 00:05:05 | INFO     | emotion_detector | Detected emotion: angry (confidence: 0.79)
2025-12-03 00:05:10 | INFO     | emotion_calibration | Matched emotion: angry (similarity: 0.95)
2025-12-03 00:05:10 | INFO     | emotion_detector | Personalized match: angry (confidence: 0.95)
2025-12-03 00:05:11 | INFO     | emotion_detector | Detected emotion: angry (confidence: 0.62)
2025-12-03 00:05:14 | WARNING  | emotion_detector | Failed to capture frame from camera
2025-12-03 00:05:18 | INFO     | emotion_detector | Detected emotion: angry (confidence: 0.83)
2025-12-03 00:05:20 | INFO     | emotion_calibration | Matched emotion: angry (similarity: 0.95)
2025-12-03 00:05:20 | INFO     | emotion_detector | Personalized match: angry (confidence: 0.95)
2025-12-03 00:05:24 | INFO     | emotion_detector | Detected emotion: angry (confidence: 0.81)
2025-12-03 00:05:25 | INFO     | emotion_calibration | Matched emotion: angry (similarity: 0.95)
2025-12-03 00:05:25 | INFO     | emotion_detector | Personalized match: angry (confidence: 0.95)
2025-12-03 00:05:30 | WARNING  | emotion_detector | Failed to capture frame from camera
2025-12-03 00:05:30 | INFO     | emotion_detector | Detected emotion: angry (confidence: 0.77)
2025-12-03 00:05:35 | INFO     | emotion_calibration | Matched emotion: angry (similarity: 0.96)
2025-12-03 00:05:35 | INFO     | emotion_detector | Personalized match: angry (confidence: 0.96)
2025-12-03 00:05:36 | INFO     | emotion_detector | Detected emotion: angry (confidence: 0.67)
2025-12-03 00:05:41 | INFO     | emotion_calibration | Matched emotion: angry (similarity: 0.97)
2025-12-03 00:05:41 | INFO     | emotion_detector | Personalized match: angry (confidence: 0.97)
2025-12-03 00:05:42 | INFO     | emotion_detector | Detected emotion: angry (confidence: 0.82)
2025-12-03 00:05:45 | WARNING  | emotion_detector | Failed to capture frame from camera
2025-12-03 00:05:49 | INFO     | emotion_detector | Detected emotion: angry (confidence: 0.82)
2025-12-03 00:05:51 | INFO     | emotion_calibration | Matched emotion: angry (similarity: 0.97)
2025-12-03 00:05:51 | INFO     | emotion_detector | Personalized match: angry (confidence: 0.97)
2025-12-03 00:05:55 | INFO     | emotion_detector | Detected emotion: angry (confidence: 0.70)
2025-12-03 00:05:57 | INFO     | emotion_calibration | Matched emotion: angry (similarity: 0.96)
2025-12-03 00:05:57 | INFO     | emotion_detector | Personalized match: angry (confidence: 0.96)
2025-12-03 00:06:01 | INFO     | emotion_detector | Detected emotion: angry (confidence: 0.58)
2025-12-03 00:06:02 | INFO     | emotion_calibration | Matched emotion: angry (similarity: 0.96)
2025-12-03 00:06:02 | INFO     | emotion_detector | Personalized match: angry (confidence: 0.96)
2025-12-03 00:06:07 | WARNING  | emotion_detector | Failed to capture frame from camera
2025-12-03 00:06:08 | INFO     | emotion_detector | Detected emotion: angry (confidence: 0.87)
2025-12-03 00:06:13 | INFO     | emotion_calibration | Matched emotion: angry (similarity: 0.96)
2025-12-03 00:06:13 | INFO     | emotion_detector | Personalized match: angry (confidence: 0.96)
2025-12-03 00:06:14 | INFO     | emotion_detector | Detected emotion: angry (confidence: 0.76)
2025-12-03 00:06:17 | INFO     | voice_tone | Voice tone analysis: neutral (confidence: 0.50)
2025-12-03 00:06:18 | INFO     | emotion_calibration | Matched emotion: angry (similarity: 0.96)
2025-12-03 00:06:18 | INFO     | emotion_detector | Personalized match: angry (confidence: 0.96)
2025-12-03 00:06:19 | INFO     | ai_core | AI response generated: I’m glad we’re on the same page! If you need any a...
2025-12-03 00:06:19 | INFO     | tts_output | Generating TTS with voice 'nova' for tone 'sad' (speed: 0.85)
2025-12-03 00:06:20 | INFO     | emotion_detector | Detected emotion: sad (confidence: 0.88)
2025-12-03 00:06:23 | WARNING  | emotion_detector | Failed to capture frame from camera
2025-12-03 00:06:26 | INFO     | tts_output | TTS audio saved: C:\Users\SHIVANSH\Desktop\ROOMie\backend\audio\tmpihuiva0h.mp3
2025-12-03 00:06:26 | INFO     | emotion_detector | Detected emotion: angry (confidence: 0.82)
2025-12-03 00:06:28 | INFO     | emotion_calibration | Matched emotion: angry (similarity: 0.96)
2025-12-03 00:06:28 | INFO     | emotion_detector | Personalized match: angry (confidence: 0.96)
2025-12-03 00:06:32 | INFO     | emotion_detector | Detected emotion: angry (confidence: 0.72)
2025-12-03 00:06:35 | INFO     | emotion_calibration | Matched emotion: angry (similarity: 0.94)
2025-12-03 00:06:35 | INFO     | emotion_detector | Personalized match: angry (confidence: 0.94)
2025-12-03 00:06:40 | INFO     | emotion_detector | Background emotion monitoring stopped
2025-12-03 00:06:40 | INFO     | emotion_detector | Background emotion monitoring started
2025-12-03 00:06:41 | INFO     | emotion_detector | Detected emotion: angry (confidence: 0.65)
2025-12-03 00:06:42 | INFO     | emotion_detector | Background emotion monitoring stopped
2025-12-03 00:06:43 | INFO     | emotion_calibration | Matched emotion: angry (similarity: 0.95)
2025-12-03 00:06:43 | INFO     | emotion_detector | Personalized match: angry (confidence: 0.95)
2025-12-03 00:06:44 | INFO     | emotion_detector | Detected emotion: angry (confidence: 0.95)
2025-12-03 00:06:47 | INFO     | emotion_detector | Detected emotion: angry (confidence: 0.69)
2025-12-03 00:06:53 | INFO     | emotion_detector | Detected emotion: angry (confidence: 0.86)
2025-12-03 00:06:59 | INFO     | emotion_detector | Detected emotion: angry (confidence: 0.70)
2025-12-03 00:07:05 | INFO     | emotion_detector | Detected emotion: angry (confidence: 0.83)
2025-12-03 00:07:11 | INFO     | emotion_detector | Detected emotion: angry (confidence: 0.58)
2025-12-03 00:07:17 | INFO     | emotion_detector | Detected emotion: angry (confidence: 0.65)
2025-12-03 00:07:23 | INFO     | emotion_detector | Detected emotion: angry (confidence: 0.89)
2025-12-03 00:07:29 | INFO     | emotion_detector | Detected emotion: angry (confidence: 0.81)
2025-12-03 00:07:35 | INFO     | emotion_detector | Detected emotion: angry (confidence: 0.86)
2025-12-03 00:07:41 | INFO     | emotion_detector | Detected emotion: angry (confidence: 0.73)
2025-12-03 00:07:47 | INFO     | emotion_detector | Detected emotion: angry (confidence: 0.82)
2025-12-03 00:07:53 | INFO     | emotion_detector | Detected emotion: angry (confidence: 0.82)
2025-12-03 00:07:59 | INFO     | emotion_detector | Detected emotion: angry (confidence: 0.82)
2025-12-03 00:08:05 | INFO     | emotion_detector | Detected emotion: angry (confidence: 0.82)
2025-12-03 00:08:11 | INFO     | emotion_detector | Detected emotion: angry (confidence: 0.86)
2025-12-03 00:08:16 | INFO     | emotion_detector | Background emotion monitoring started
2025-12-03 00:08:16 | INFO     | emotion_detector | Emotion monitor updated for user: 1
2025-12-03 00:08:18 | INFO     | emotion_detector | Background emotion monitoring stopped
2025-12-03 00:08:18 | INFO     | emotion_detector | Background emotion monitoring started
2025-12-03 00:08:18 | INFO     | emotion_detector | Emotion monitor updated for user: 1
2025-12-03 00:08:20 | INFO     | emotion_detector | Detected emotion: angry (confidence: 0.59)
2025-12-03 00:08:22 | INFO     | emotion_detector | Detected emotion: angry (confidence: 0.65)
2025-12-03 00:08:24 | INFO     | voice_commands | Detected command: show_stats with params: {}
2025-12-03 00:08:25 | INFO     | emotion_detector | Detected emotion: angry (confidence: 0.77)
2025-12-03 00:08:29 | INFO     | emotion_detector | Detected emotion: angry (confidence: 0.76)
2025-12-03 00:08:34 | INFO     | emotion_calibration | Matched emotion: angry (similarity: 0.95)
2025-12-03 00:08:34 | INFO     | emotion_detector | Personalized match: angry (confidence: 0.95)
2025-12-03 00:08:38 | INFO     | emotion_detector | Detected emotion: angry (confidence: 0.87)
2025-12-03 00:08:41 | INFO     | voice_commands | Detected command: open_goals with params: {}
2025-12-03 00:08:43 | INFO     | emotion_calibration | Matched emotion: angry (similarity: 0.96)
2025-12-03 00:08:43 | INFO     | emotion_detector | Personalized match: angry (confidence: 0.96)
2025-12-03 00:08:46 | INFO     | emotion_detector | Detected emotion: angry (confidence: 0.88)
2025-12-03 00:08:50 | INFO     | emotion_calibration | Matched emotion: angry (similarity: 0.95)
2025-12-03 00:08:50 | INFO     | emotion_detector | Personalized match: angry (confidence: 0.95)
2025-12-03 00:08:54 | INFO     | emotion_detector | Detected emotion: angry (confidence: 0.76)
2025-12-03 00:08:57 | INFO     | emotion_calibration | Matched emotion: angry (similarity: 0.95)
2025-12-03 00:08:57 | INFO     | emotion_detector | Personalized match: angry (confidence: 0.95)
2025-12-03 00:09:01 | INFO     | emotion_detector | Detected emotion: angry (confidence: 0.53)
2025-12-03 00:09:04 | INFO     | emotion_calibration | Matched emotion: angry (similarity: 0.95)
2025-12-03 00:09:04 | INFO     | emotion_detector | Personalized match: angry (confidence: 0.95)
2025-12-03 00:09:09 | INFO     | emotion_detector | Detected emotion: angry (confidence: 0.73)
2025-12-03 00:09:12 | INFO     | emotion_calibration | Matched emotion: angry (similarity: 0.95)
2025-12-03 00:09:12 | INFO     | emotion_detector | Personalized match: angry (confidence: 0.95)
2025-12-03 00:09:17 | INFO     | voice_commands | Detected command: open_game_center with params: {}
2025-12-03 00:09:17 | INFO     | emotion_detector | Detected emotion: angry (confidence: 0.80)
2025-12-03 00:09:19 | INFO     | emotion_calibration | Matched emotion: angry (similarity: 0.95)
2025-12-03 00:09:19 | INFO     | emotion_detector | Personalized match: angry (confidence: 0.95)
2025-12-03 00:09:25 | INFO     | emotion_detector | Detected emotion: angry (confidence: 0.60)
2025-12-03 00:09:26 | INFO     | emotion_calibration | Matched emotion: angry (similarity: 0.95)
2025-12-03 00:09:26 | INFO     | emotion_detector | Personalized match: angry (confidence: 0.95)
2025-12-03 00:09:28 | INFO     | emotion_detector | Background emotion monitoring stopped
2025-12-03 00:09:31 | INFO     | emotion_detector | Detected emotion: angry (confidence: 0.79)
2025-12-03 00:09:38 | INFO     | emotion_detector | Detected emotion: angry (confidence: 0.75)
2025-12-03 17:29:29 | INFO     | emotion_detector | Background emotion monitoring started
2025-12-03 17:29:29 | INFO     | app | Background emotion monitor started
2025-12-03 17:29:29 | INFO     | conversation_memory | Database initialized successfully
2025-12-03 17:29:29 | INFO     | app | Database and audio directory initialized
2025-12-03 17:29:29 | INFO     | app | ROOMie Backend v3.0 starting...
2025-12-03 17:29:29 | INFO     | app | Server: http://127.0.0.1:5000
2025-12-03 17:29:29 | INFO     | app | WebSocket: ws://127.0.0.1:5000
2025-12-03 17:29:37 | INFO     | emotion_detector | Detected emotion: angry (confidence: 0.90)
2025-12-03 17:29:42 | INFO     | emotion_detector | Background emotion monitoring started
2025-12-03 17:29:42 | INFO     | app | Background emotion monitor started
2025-12-03 17:29:42 | INFO     | conversation_memory | Database initialized successfully
2025-12-03 17:29:42 | INFO     | app | Database and audio directory initialized
2025-12-03 17:29:42 | INFO     | app | ROOMie Backend v3.0 starting...
2025-12-03 17:29:42 | INFO     | app | Server: http://127.0.0.1:5000
2025-12-03 17:29:42 | INFO     | app | WebSocket: ws://127.0.0.1:5000
2025-12-03 17:29:44 | INFO     | emotion_detector | Detected emotion: angry (confidence: 0.61)
2025-12-03 17:29:49 | INFO     | emotion_detector | Detected emotion: neutral (confidence: 1.00)
2025-12-03 17:29:53 | INFO     | emotion_detector | Detected emotion: angry (confidence: 0.82)
2025-12-03 17:29:58 | INFO     | emotion_detector | Detected emotion: fear (confidence: 0.94)
2025-12-03 17:30:03 | INFO     | emotion_detector | Detected emotion: fear (confidence: 0.74)
2025-12-03 17:30:07 | INFO     | emotion_detector | Detected emotion: sad (confidence: 0.62)
2025-12-03 17:30:12 | INFO     | emotion_detector | Detected emotion: neutral (confidence: 0.99)
2025-12-03 17:30:17 | INFO     | emotion_detector | Detected emotion: sad (confidence: 1.00)
2025-12-03 17:30:22 | INFO     | emotion_detector | Detected emotion: neutral (confidence: 0.99)
2025-12-03 17:30:26 | INFO     | emotion_detector | Detected emotion: neutral (confidence: 0.92)
2025-12-03 17:30:31 | INFO     | emotion_detector | Detected emotion: neutral (confidence: 0.96)
2025-12-03 17:30:33 | INFO     | emotion_detector | Detected emotion: neutral (confidence: 1.00)
2025-12-03 17:30:37 | INFO     | emotion_detector | Detected emotion: neutral (confidence: 0.95)
2025-12-03 17:30:39 | INFO     | emotion_detector | Detected emotion: neutral (confidence: 0.74)
2025-12-03 17:30:43 | INFO     | emotion_detector | Detected emotion: fear (confidence: 0.90)
2025-12-03 17:30:45 | INFO     | emotion_detector | Detected emotion: fear (confidence: 0.93)
2025-12-03 17:30:49 | INFO     | emotion_detector | Detected emotion: fear (confidence: 0.78)
2025-12-03 17:30:51 | INFO     | emotion_detector | Detected emotion: fear (confidence: 0.67)
2025-12-03 17:30:56 | INFO     | emotion_detector | Detected emotion: neutral (confidence: 0.89)
2025-12-03 17:30:57 | INFO     | emotion_detector | Detected emotion: neutral (confidence: 0.98)
2025-12-03 17:31:02 | INFO     | emotion_detector | Detected emotion: sad (confidence: 0.79)
2025-12-03 17:31:03 | INFO     | emotion_detector | Detected emotion: neutral (confidence: 1.00)
2025-12-03 17:31:08 | INFO     | emotion_detector | Detected emotion: sad (confidence: 0.84)
2025-12-03 17:31:10 | INFO     | emotion_detector | Detected emotion: sad (confidence: 0.64)
2025-12-03 17:31:14 | INFO     | emotion_detector | Detected emotion: neutral (confidence: 0.47)
2025-12-03 17:31:16 | INFO     | emotion_detector | Detected emotion: neutral (confidence: 0.76)
2025-12-03 17:31:20 | INFO     | emotion_detector | Detected emotion: neutral (confidence: 0.99)
2025-12-03 17:31:22 | INFO     | emotion_detector | Detected emotion: sad (confidence: 0.56)
2025-12-03 17:31:26 | INFO     | emotion_detector | Detected emotion: neutral (confidence: 0.83)
2025-12-03 17:31:28 | INFO     | emotion_detector | Detected emotion: neutral (confidence: 0.93)
2025-12-03 17:31:30 | INFO     | emotion_detector | Background emotion monitoring started
2025-12-03 17:31:33 | INFO     | emotion_detector | Detected emotion: neutral (confidence: 0.86)
2025-12-03 17:31:35 | INFO     | emotion_detector | Detected emotion: neutral (confidence: 0.90)
2025-12-03 17:31:35 | INFO     | emotion_detector | Detected emotion: angry (confidence: 0.39)
2025-12-03 17:31:41 | INFO     | emotion_detector | Detected emotion: neutral (confidence: 0.96)
2025-12-03 17:31:41 | INFO     | emotion_detector | Emotion monitor updated for user: 1
2025-12-03 17:31:41 | INFO     | tts_output | Generating TTS with voice 'nova' for tone 'cheerful' (speed: 1.0)
2025-12-03 17:31:42 | INFO     | emotion_detector | Detected emotion: neutral (confidence: 0.59)
2025-12-03 17:31:43 | INFO     | emotion_detector | Detected emotion: neutral (confidence: 0.97)
2025-12-03 17:31:45 | INFO     | tts_output | TTS audio saved: C:\Users\SHIVANSH\Desktop\ROOMie\backend\audio\tmpbhj6tu0v.mp3
2025-12-03 17:31:45 | INFO     | app | ROOMie backend ready
2025-12-03 17:31:49 | WARNING  | emotion_detector | Failed to capture frame from camera
2025-12-03 17:31:50 | WARNING  | emotion_detector | Failed to capture frame from camera
2025-12-03 17:31:52 | WARNING  | emotion_detector | Failed to capture frame from camera
2025-12-03 17:31:57 | WARNING  | emotion_detector | Failed to capture frame from camera
2025-12-03 17:31:57 | WARNING  | emotion_detector | Failed to capture frame from camera
2025-12-03 17:31:59 | INFO     | voice_tone | Voice tone analysis: neutral (confidence: 0.50)
2025-12-03 17:31:59 | WARNING  | emotion_detector | Failed to capture frame from camera
2025-12-03 17:32:01 | INFO     | ai_core | AI response generated: Sure thing! If you need anything else or want to c...
2025-12-03 17:32:01 | INFO     | tts_output | Generating TTS with voice 'nova' for tone 'neutral' (speed: 1.0)
2025-12-03 17:32:03 | WARNING  | emotion_detector | Failed to capture frame from camera
2025-12-03 17:32:05 | WARNING  | emotion_detector | Failed to capture frame from camera
2025-12-03 17:32:05 | INFO     | tts_output | TTS audio saved: C:\Users\SHIVANSH\Desktop\ROOMie\backend\audio\tmphtc5d0cj.mp3
2025-12-03 17:32:07 | WARNING  | emotion_detector | Failed to capture frame from camera
2025-12-03 17:32:09 | WARNING  | emotion_detector | Failed to capture frame from camera
2025-12-03 17:32:13 | WARNING  | emotion_detector | Failed to capture frame from camera
2025-12-03 17:32:15 | WARNING  | emotion_detector | Failed to capture frame from camera
2025-12-03 17:32:17 | WARNING  | emotion_detector | Failed to capture frame from camera
2025-12-03 17:32:20 | INFO     | voice_tone | Voice tone analysis: neutral (confidence: 0.50)
2025-12-03 17:32:22 | INFO     | ai_core | AI response generated: I’m doing well, thanks for asking! How about you? ...
2025-12-03 17:32:22 | INFO     | tts_output | Generating TTS with voice 'nova' for tone 'neutral' (speed: 1.0)
2025-12-03 17:32:23 | INFO     | emotion_detector | Detected emotion: neutral (confidence: 0.51)
2025-12-03 17:32:24 | INFO     | tts_output | TTS audio saved: C:\Users\SHIVANSH\Desktop\ROOMie\backend\audio\tmpmjlfvh5g.mp3
2025-12-03 17:32:25 | INFO     | emotion_detector | Detected emotion: fear (confidence: 0.99)
2025-12-03 17:32:31 | INFO     | emotion_detector | Detected emotion: neutral (confidence: 0.96)
2025-12-03 17:32:33 | INFO     | emotion_detector | Detected emotion: neutral (confidence: 0.99)
2025-12-03 17:32:36 | INFO     | emotion_calibration | Matched emotion: happy (similarity: 0.93)
2025-12-03 17:32:36 | INFO     | emotion_detector | Personalized match: happy (confidence: 0.93)
2025-12-03 17:32:36 | INFO     | voice_tone | Voice tone analysis: happy (confidence: 0.67)
2025-12-03 17:32:40 | INFO     | emotion_detector | Detected emotion: neutral (confidence: 0.88)
2025-12-03 17:32:40 | INFO     | ai_core | AI response generated: That's okay! Sometimes we don't hit all our goals,...
2025-12-03 17:32:40 | INFO     | tts_output | Generating TTS with voice 'nova' for tone 'happy' (speed: 1.1)
2025-12-03 17:32:42 | INFO     | emotion_detector | Detected emotion: sad (confidence: 0.69)
2025-12-03 17:32:43 | INFO     | tts_output | TTS audio saved: C:\Users\SHIVANSH\Desktop\ROOMie\backend\audio\tmpp38yvl_c.mp3
2025-12-03 17:32:49 | INFO     | emotion_detector | Detected emotion: neutral (confidence: 0.81)
2025-12-03 17:32:50 | INFO     | emotion_calibration | Matched emotion: happy (similarity: 0.98)
2025-12-03 17:32:50 | INFO     | emotion_detector | Personalized match: happy (confidence: 0.98)
2025-12-03 17:32:51 | INFO     | emotion_detector | Detected emotion: angry (confidence: 0.85)
2025-12-03 17:32:58 | WARNING  | emotion_detector | Failed to capture frame from camera
2025-12-03 17:33:00 | INFO     | emotion_calibration | Matched emotion: neutral (similarity: 0.69)
2025-12-03 17:33:00 | INFO     | emotion_detector | Personalized match: neutral (confidence: 0.69)
2025-12-03 17:33:01 | INFO     | emotion_detector | Bias correction: Switched from fear/sad to neutral (neutral score: 0.44)
2025-12-03 17:33:01 | INFO     | emotion_detector | Detected emotion: neutral (confidence: 0.44)
2025-12-03 17:33:04 | INFO     | voice_tone | Voice tone analysis: neutral (confidence: 0.50)
2025-12-03 17:33:06 | INFO     | ai_core | AI response generated: Stacks and queues can be tricky sometimes, but the...
2025-12-03 17:33:06 | INFO     | tts_output | Generating TTS with voice 'nova' for tone 'sad' (speed: 0.85)
2025-12-03 17:33:07 | INFO     | emotion_detector | Detected emotion: sad (confidence: 0.60)
2025-12-03 17:33:09 | INFO     | emotion_calibration | Matched emotion: neutral (similarity: 0.72)
2025-12-03 17:33:09 | INFO     | emotion_detector | Personalized match: neutral (confidence: 0.72)
2025-12-03 17:33:10 | INFO     | emotion_detector | Detected emotion: fear (confidence: 0.74)
2025-12-03 17:33:11 | INFO     | tts_output | TTS audio saved: C:\Users\SHIVANSH\Desktop\ROOMie\backend\audio\tmponf7etcs.mp3
2025-12-03 17:33:16 | INFO     | emotion_detector | Detected emotion: neutral (confidence: 0.73)
2025-12-03 17:33:17 | INFO     | emotion_calibration | Matched emotion: happy (similarity: 0.69)
2025-12-03 17:33:17 | INFO     | emotion_detector | Personalized match: happy (confidence: 0.69)
2025-12-03 17:33:19 | INFO     | emotion_detector | Detected emotion: angry (confidence: 0.62)
2025-12-03 17:33:25 | INFO     | emotion_detector | Detected emotion: neutral (confidence: 0.61)
2025-12-03 17:33:26 | INFO     | emotion_calibration | Matched emotion: neutral (similarity: 0.75)
2025-12-03 17:33:26 | INFO     | emotion_detector | Personalized match: neutral (confidence: 0.75)
2025-12-03 17:33:27 | INFO     | emotion_detector | Detected emotion: happy (confidence: 1.00)
2025-12-03 17:33:34 | INFO     | emotion_detector | Detected emotion: neutral (confidence: 0.93)
2025-12-03 17:33:36 | INFO     | emotion_calibration | Matched emotion: neutral (similarity: 0.76)
2025-12-03 17:33:36 | INFO     | emotion_detector | Personalized match: neutral (confidence: 0.76)
2025-12-03 17:33:36 | INFO     | emotion_detector | Detected emotion: neutral (confidence: 0.58)
2025-12-03 17:33:38 | INFO     | voice_commands | Detected command: open_game_center with params: {}
2025-12-03 17:33:44 | WARNING  | emotion_detector | Failed to capture frame from camera
2025-12-03 17:33:44 | INFO     | emotion_detector | Detected emotion: angry (confidence: 0.58)
2025-12-03 17:33:47 | INFO     | emotion_detector | Detected emotion: angry (confidence: 0.69)
2025-12-03 17:33:47 | INFO     | voice_commands | Detected command: start_game_rapid_fire with params: {}
2025-12-03 17:33:53 | INFO     | emotion_calibration | Matched emotion: neutral (similarity: 0.65)
2025-12-03 17:33:53 | INFO     | emotion_detector | Personalized match: neutral (confidence: 0.65)
2025-12-03 17:33:54 | INFO     | emotion_detector | Detected emotion: neutral (confidence: 0.72)
2025-12-03 17:33:56 | INFO     | emotion_detector | Detected emotion: sad (confidence: 0.44)
2025-12-03 17:33:59 | INFO     | voice_tone | Voice tone analysis: angry (confidence: 0.67)
2025-12-03 17:34:01 | INFO     | ai_core | AI response generated: No problem! If you just want to take a break from ...
2025-12-03 17:34:01 | INFO     | tts_output | Generating TTS with voice 'nova' for tone 'happy' (speed: 1.1)
2025-12-03 17:34:01 | INFO     | emotion_calibration | Matched emotion: neutral (similarity: 0.64)
2025-12-03 17:34:01 | INFO     | emotion_detector | Personalized match: neutral (confidence: 0.64)
2025-12-03 17:34:03 | INFO     | emotion_detector | Detected emotion: happy (confidence: 0.99)
2025-12-03 17:34:03 | INFO     | tts_output | TTS audio saved: C:\Users\SHIVANSH\Desktop\ROOMie\backend\audio\tmpf2om25tr.mp3
2025-12-03 17:34:05 | INFO     | emotion_detector | Detected emotion: happy (confidence: 0.99)
2025-12-03 17:34:09 | INFO     | emotion_calibration | Matched emotion: angry (similarity: 0.64)
2025-12-03 17:34:09 | INFO     | emotion_detector | Personalized match: angry (confidence: 0.64)
2025-12-03 17:34:12 | INFO     | emotion_detector | Detected emotion: sad (confidence: 0.45)
2025-12-03 17:34:13 | INFO     | emotion_detector | Detected emotion: neutral (confidence: 0.84)
2025-12-03 17:34:17 | INFO     | emotion_calibration | Matched emotion: neutral (similarity: 0.75)
2025-12-03 17:34:17 | INFO     | emotion_detector | Personalized match: neutral (confidence: 0.75)
2025-12-03 17:34:20 | INFO     | emotion_detector | Bias correction: Switched from fear/sad to neutral (neutral score: 0.32)
2025-12-03 17:34:20 | INFO     | emotion_detector | Detected emotion: neutral (confidence: 0.32)
2025-12-03 17:34:22 | INFO     | emotion_detector | Bias correction: Switched from fear/sad to neutral (neutral score: 0.37)
2025-12-03 17:34:22 | INFO     | emotion_detector | Detected emotion: neutral (confidence: 0.37)
2025-12-03 17:34:25 | INFO     | emotion_calibration | Matched emotion: neutral (similarity: 0.72)
2025-12-03 17:34:25 | INFO     | emotion_detector | Personalized match: neutral (confidence: 0.72)
2025-12-03 17:34:29 | INFO     | emotion_detector | Detected emotion: neutral (confidence: 0.96)
2025-12-03 17:34:31 | INFO     | emotion_detector | Detected emotion: angry (confidence: 0.83)
2025-12-03 17:34:33 | INFO     | emotion_calibration | Matched emotion: neutral (similarity: 0.66)
2025-12-03 17:34:33 | INFO     | emotion_detector | Personalized match: neutral (confidence: 0.66)
2025-12-03 17:34:38 | INFO     | emotion_detector | Detected emotion: neutral (confidence: 0.69)
2025-12-03 17:34:39 | INFO     | emotion_detector | Detected emotion: sad (confidence: 0.65)
2025-12-03 17:34:41 | INFO     | emotion_calibration | Matched emotion: happy (similarity: 0.80)
2025-12-03 17:34:41 | INFO     | emotion_detector | Personalized match: happy (confidence: 0.80)
2025-12-03 17:34:47 | INFO     | emotion_detector | Detected emotion: fear (confidence: 0.68)
2025-12-03 17:34:49 | INFO     | emotion_detector | Detected emotion: angry (confidence: 0.77)
2025-12-03 17:34:50 | INFO     | emotion_calibration | Matched emotion: neutral (similarity: 0.71)
2025-12-03 17:34:50 | INFO     | emotion_detector | Personalized match: neutral (confidence: 0.71)
2025-12-03 17:34:55 | INFO     | emotion_detector | Detected emotion: fear (confidence: 1.00)
2025-12-03 17:34:58 | INFO     | emotion_detector | Detected emotion: sad (confidence: 0.48)
2025-12-03 17:34:59 | INFO     | emotion_calibration | Matched emotion: surprised (similarity: 0.68)
2025-12-03 17:34:59 | INFO     | emotion_detector | Personalized match: surprised (confidence: 0.68)
2025-12-03 17:35:04 | INFO     | emotion_detector | Detected emotion: sad (confidence: 0.63)
2025-12-03 17:35:06 | WARNING  | emotion_detector | Failed to capture frame from camera
2025-12-03 17:35:07 | INFO     | emotion_calibration | Matched emotion: surprised (similarity: 0.70)
2025-12-03 17:35:07 | INFO     | emotion_detector | Personalized match: surprised (confidence: 0.70)
2025-12-03 17:35:12 | INFO     | emotion_detector | Detected emotion: sad (confidence: 0.64)
2025-12-03 17:35:14 | WARNING  | emotion_detector | Failed to capture frame from camera
2025-12-03 17:35:15 | INFO     | emotion_calibration | Matched emotion: neutral (similarity: 0.79)
2025-12-03 17:35:15 | INFO     | emotion_detector | Personalized match: neutral (confidence: 0.79)
2025-12-03 17:35:20 | INFO     | emotion_detector | Detected emotion: neutral (confidence: 0.87)
2025-12-03 17:35:22 | WARNING  | emotion_detector | Failed to capture frame from camera
2025-12-03 17:35:24 | INFO     | emotion_calibration | Matched emotion: happy (similarity: 0.71)
2025-12-03 17:35:24 | INFO     | emotion_detector | Personalized match: happy (confidence: 0.71)
2025-12-03 17:35:29 | INFO     | emotion_detector | Detected emotion: sad (confidence: 0.60)
2025-12-03 17:35:31 | WARNING  | emotion_detector | Failed to capture frame from camera
2025-12-03 17:35:33 | INFO     | emotion_calibration | Matched emotion: angry (similarity: 0.76)
2025-12-03 17:35:33 | INFO     | emotion_detector | Personalized match: angry (confidence: 0.76)
2025-12-03 17:35:38 | INFO     | emotion_detector | Detected emotion: neutral (confidence: 1.00)
2025-12-03 17:35:40 | WARNING  | emotion_detector | Failed to capture frame from camera
2025-12-03 17:35:41 | INFO     | emotion_calibration | Matched emotion: neutral (similarity: 0.83)
2025-12-03 17:35:41 | INFO     | emotion_detector | Personalized match: neutral (confidence: 0.83)
2025-12-03 17:35:47 | INFO     | emotion_detector | Detected emotion: neutral (confidence: 1.00)
2025-12-03 17:35:48 | WARNING  | emotion_detector | Failed to capture frame from camera
2025-12-03 17:35:50 | INFO     | emotion_calibration | Matched emotion: neutral (similarity: 0.75)
2025-12-03 17:35:50 | INFO     | emotion_detector | Personalized match: neutral (confidence: 0.75)
2025-12-03 17:35:56 | INFO     | emotion_detector | Detected emotion: neutral (confidence: 0.62)
2025-12-03 17:35:57 | WARNING  | emotion_detector | Failed to capture frame from camera
2025-12-03 17:35:58 | INFO     | emotion_calibration | Matched emotion: neutral (similarity: 0.72)
2025-12-03 17:35:58 | INFO     | emotion_detector | Personalized match: neutral (confidence: 0.72)
2025-12-03 17:36:05 | INFO     | emotion_detector | Detected emotion: fear (confidence: 0.62)
2025-12-03 17:36:06 | WARNING  | emotion_detector | Failed to capture frame from camera
2025-12-03 17:36:07 | INFO     | emotion_calibration | Matched emotion: happy (similarity: 0.80)
2025-12-03 17:36:07 | INFO     | emotion_detector | Personalized match: happy (confidence: 0.80)
2025-12-03 17:36:14 | INFO     | emotion_detector | Detected emotion: fear (confidence: 0.99)
2025-12-03 17:36:15 | WARNING  | emotion_detector | Failed to capture frame from camera
2025-12-03 17:36:16 | INFO     | emotion_calibration | Matched emotion: happy (similarity: 0.69)
2025-12-03 17:36:16 | INFO     | emotion_detector | Personalized match: happy (confidence: 0.69)
2025-12-03 17:36:24 | INFO     | emotion_detector | Detected emotion: fear (confidence: 1.00)
2025-12-03 17:36:25 | WARNING  | emotion_detector | Failed to capture frame from camera
2025-12-03 17:36:26 | INFO     | emotion_calibration | Matched emotion: happy (similarity: 0.70)
2025-12-03 17:36:26 | INFO     | emotion_detector | Personalized match: happy (confidence: 0.70)
2025-12-03 17:36:34 | WARNING  | emotion_detector | Failed to capture frame from camera
2025-12-03 17:36:34 | INFO     | emotion_detector | Detected emotion: fear (confidence: 1.00)
2025-12-03 17:36:35 | INFO     | emotion_calibration | Matched emotion: happy (similarity: 0.73)
2025-12-03 17:36:35 | INFO     | emotion_detector | Personalized match: happy (confidence: 0.73)
2025-12-03 17:36:43 | INFO     | voice_tone | Voice tone analysis: neutral (confidence: 0.50)
2025-12-03 17:36:43 | WARNING  | emotion_detector | Failed to capture frame from camera
2025-12-03 17:36:43 | WARNING  | emotion_detector | Failed to capture frame from camera
2025-12-03 17:36:45 | INFO     | emotion_calibration | Matched emotion: happy (similarity: 0.72)
2025-12-03 17:36:45 | INFO     | emotion_detector | Personalized match: happy (confidence: 0.72)
2025-12-03 17:36:45 | INFO     | ai_core | AI response generated: Hey there! While I can't analyze your mood in real...
2025-12-03 17:36:45 | INFO     | tts_output | Generating TTS with voice 'nova' for tone 'happy' (speed: 1.1)
2025-12-03 17:36:50 | INFO     | tts_output | TTS audio saved: C:\Users\SHIVANSH\Desktop\ROOMie\backend\audio\tmprafn_u3x.mp3
2025-12-03 17:36:53 | WARNING  | emotion_detector | Failed to capture frame from camera
2025-12-03 17:36:53 | WARNING  | emotion_detector | Failed to capture frame from camera
2025-12-03 17:36:53 | INFO     | emotion_detector | Detected emotion: neutral (confidence: 0.57)
2025-12-03 17:37:02 | INFO     | emotion_calibration | Matched emotion: angry (similarity: 0.81)
2025-12-03 17:37:02 | INFO     | emotion_detector | Personalized match: angry (confidence: 0.81)
2025-12-03 17:37:02 | INFO     | emotion_detector | Detected emotion: fear (confidence: 0.51)
2025-12-03 17:37:03 | INFO     | emotion_detector | Detected emotion: neutral (confidence: 0.71)
2025-12-03 17:37:10 | INFO     | emotion_calibration | Matched emotion: sad (similarity: 0.73)
2025-12-03 17:37:10 | INFO     | emotion_detector | Personalized match: sad (confidence: 0.73)
2025-12-03 17:37:11 | INFO     | emotion_detector | Detected emotion: fear (confidence: 0.92)
2025-12-03 17:37:12 | INFO     | emotion_detector | Detected emotion: fear (confidence: 0.96)
2025-12-03 17:37:14 | INFO     | voice_tone | Voice tone analysis: neutral (confidence: 0.50)
2025-12-03 17:37:16 | INFO     | ai_core | AI response generated: Great! Let’s start with how you've been feeling la...
2025-12-03 17:37:16 | INFO     | tts_output | Generating TTS with voice 'nova' for tone 'sad' (speed: 0.85)
2025-12-03 17:37:19 | INFO     | tts_output | TTS audio saved: C:\Users\SHIVANSH\Desktop\ROOMie\backend\audio\tmps6ngjng1.mp3
2025-12-03 17:37:20 | INFO     | emotion_calibration | Matched emotion: happy (similarity: 0.65)
2025-12-03 17:37:20 | INFO     | emotion_detector | Personalized match: happy (confidence: 0.65)
2025-12-03 17:37:21 | INFO     | emotion_detector | Detected emotion: neutral (confidence: 0.96)
2025-12-03 17:37:22 | INFO     | emotion_detector | Detected emotion: neutral (confidence: 0.85)
2025-12-03 17:37:28 | INFO     | emotion_calibration | Matched emotion: happy (similarity: 0.67)
2025-12-03 17:37:28 | INFO     | emotion_detector | Personalized match: happy (confidence: 0.67)
2025-12-03 17:37:30 | INFO     | emotion_detector | Detected emotion: fear (confidence: 1.00)
2025-12-03 17:37:31 | INFO     | emotion_detector | Detected emotion: angry (confidence: 0.42)
2025-12-03 17:37:35 | INFO     | emotion_calibration | Matched emotion: angry (similarity: 0.86)
2025-12-03 17:37:35 | INFO     | emotion_detector | Personalized match: angry (confidence: 0.86)
2025-12-03 17:37:38 | INFO     | emotion_detector | Detected emotion: angry (confidence: 0.61)
2025-12-03 17:37:39 | INFO     | emotion_detector | Detected emotion: sad (confidence: 0.57)
2025-12-03 17:37:44 | INFO     | emotion_calibration | Matched emotion: angry (similarity: 0.74)
2025-12-03 17:37:44 | INFO     | emotion_detector | Personalized match: angry (confidence: 0.74)
2025-12-03 17:37:46 | INFO     | emotion_detector | Detected emotion: sad (confidence: 0.76)
2025-12-03 17:37:49 | INFO     | emotion_detector | Detected emotion: fear (confidence: 0.96)
2025-12-03 17:37:51 | INFO     | voice_tone | Voice tone analysis: neutral (confidence: 0.50)
2025-12-03 17:37:53 | INFO     | emotion_calibration | Matched emotion: angry (similarity: 0.83)
2025-12-03 17:37:53 | INFO     | emotion_detector | Personalized match: angry (confidence: 0.83)
2025-12-03 17:37:54 | INFO     | ai_core | AI response generated: I wish I could pull up specific analytics for you,...
2025-12-03 17:37:54 | INFO     | tts_output | Generating TTS with voice 'nova' for tone 'neutral' (speed: 1.0)
2025-12-03 17:37:55 | INFO     | emotion_detector | Detected emotion: neutral (confidence: 0.70)
2025-12-03 17:37:58 | INFO     | emotion_detector | Detected emotion: angry (confidence: 0.62)
2025-12-03 17:37:59 | INFO     | tts_output | TTS audio saved: C:\Users\SHIVANSH\Desktop\ROOMie\backend\audio\tmpeijf_xlb.mp3
2025-12-03 17:38:02 | INFO     | emotion_calibration | Matched emotion: neutral (similarity: 0.81)
2025-12-03 17:38:02 | INFO     | emotion_detector | Personalized match: neutral (confidence: 0.81)
2025-12-03 17:38:04 | INFO     | emotion_detector | Detected emotion: sad (confidence: 0.49)
2025-12-03 17:38:06 | INFO     | emotion_detector | Detected emotion: sad (confidence: 0.62)
2025-12-03 17:38:10 | INFO     | emotion_calibration | Matched emotion: angry (similarity: 0.72)
2025-12-03 17:38:10 | INFO     | emotion_detector | Personalized match: angry (confidence: 0.72)
2025-12-03 17:38:12 | INFO     | emotion_detector | Background emotion monitoring stopped
2025-12-03 17:38:12 | INFO     | emotion_detector | Background emotion monitoring started
2025-12-03 17:38:12 | INFO     | emotion_detector | Detected emotion: sad (confidence: 0.45)
2025-12-03 17:38:14 | INFO     | emotion_detector | Background emotion monitoring stopped
2025-12-03 17:38:15 | INFO     | emotion_detector | Detected emotion: sad (confidence: 0.68)
2025-12-03 17:38:16 | INFO     | emotion_detector | Detected emotion: sad (confidence: 0.58)
2025-12-03 17:38:18 | INFO     | emotion_detector | Detected emotion: sad (confidence: 0.44)
2025-12-03 17:38:21 | INFO     | emotion_detector | Detected emotion: angry (confidence: 0.48)
2025-12-03 17:38:24 | INFO     | emotion_detector | Detected emotion: fear (confidence: 1.00)
2025-12-03 17:38:27 | INFO     | emotion_detector | Detected emotion: fear (confidence: 1.00)
2025-12-03 17:38:30 | INFO     | emotion_detector | Detected emotion: angry (confidence: 0.65)
2025-12-03 17:38:33 | INFO     | emotion_detector | Detected emotion: fear (confidence: 1.00)
2025-12-03 17:38:36 | INFO     | emotion_detector | Detected emotion: fear (confidence: 1.00)
2025-12-03 17:38:38 | INFO     | emotion_detector | Detected emotion: angry (confidence: 0.43)
2025-12-03 17:38:41 | INFO     | emotion_detector | Detected emotion: fear (confidence: 1.00)
2025-12-03 17:38:44 | INFO     | emotion_detector | Detected emotion: fear (confidence: 1.00)
2025-12-03 17:38:47 | INFO     | emotion_detector | Detected emotion: neutral (confidence: 0.73)
2025-12-03 17:38:50 | INFO     | emotion_detector | Detected emotion: angry (confidence: 0.87)
2025-12-03 17:38:53 | INFO     | emotion_detector | Detected emotion: angry (confidence: 0.40)
2025-12-03 17:38:56 | INFO     | emotion_detector | Detected emotion: fear (confidence: 1.00)
2025-12-03 17:38:59 | INFO     | emotion_detector | Detected emotion: fear (confidence: 0.95)
2025-12-03 17:39:01 | INFO     | emotion_detector | Detected emotion: angry (confidence: 0.69)
2025-12-03 17:39:05 | INFO     | emotion_detector | Detected emotion: fear (confidence: 1.00)
2025-12-03 17:39:07 | INFO     | emotion_detector | Detected emotion: angry (confidence: 0.82)
2025-12-03 17:39:10 | INFO     | emotion_detector | Detected emotion: angry (confidence: 0.96)
2025-12-03 17:39:13 | INFO     | emotion_detector | Detected emotion: fear (confidence: 1.00)
2025-12-03 17:39:16 | INFO     | emotion_detector | Detected emotion: fear (confidence: 1.00)
2025-12-03 17:39:19 | INFO     | emotion_detector | Detected emotion: fear (confidence: 0.99)
2025-12-03 17:39:22 | INFO     | emotion_detector | Detected emotion: angry (confidence: 0.49)
2025-12-03 17:39:25 | INFO     | emotion_detector | Detected emotion: fear (confidence: 1.00)
2025-12-03 17:39:28 | INFO     | emotion_detector | Detected emotion: fear (confidence: 0.61)
2025-12-03 17:39:31 | INFO     | emotion_detector | Detected emotion: neutral (confidence: 0.92)
2025-12-03 17:39:34 | INFO     | emotion_detector | Detected emotion: neutral (confidence: 0.68)
2025-12-03 17:39:37 | INFO     | emotion_detector | Detected emotion: neutral (confidence: 0.70)
2025-12-03 17:39:39 | INFO     | emotion_detector | Detected emotion: sad (confidence: 0.87)
2025-12-03 17:39:42 | INFO     | emotion_detector | Detected emotion: neutral (confidence: 0.59)
2025-12-03 17:39:45 | INFO     | emotion_detector | Detected emotion: neutral (confidence: 0.76)
2025-12-03 17:39:48 | INFO     | emotion_detector | Detected emotion: sad (confidence: 0.81)
2025-12-03 17:39:51 | INFO     | emotion_detector | Detected emotion: sad (confidence: 0.59)
2025-12-03 17:39:54 | INFO     | emotion_detector | Detected emotion: neutral (confidence: 0.99)
2025-12-03 17:39:57 | INFO     | emotion_detector | Detected emotion: angry (confidence: 0.94)
2025-12-03 17:40:00 | INFO     | emotion_detector | Detected emotion: neutral (confidence: 0.81)
2025-12-03 17:40:03 | INFO     | emotion_detector | Detected emotion: fear (confidence: 1.00)
2025-12-03 17:40:06 | INFO     | emotion_detector | Detected emotion: neutral (confidence: 0.40)
2025-12-03 17:40:08 | INFO     | emotion_detector | Detected emotion: sad (confidence: 0.55)
2025-12-03 17:40:11 | INFO     | emotion_detector | Detected emotion: sad (confidence: 0.46)
2025-12-03 17:40:14 | INFO     | emotion_detector | Detected emotion: neutral (confidence: 0.86)
2025-12-03 17:40:17 | INFO     | emotion_detector | Detected emotion: neutral (confidence: 0.84)
2025-12-03 17:40:20 | INFO     | emotion_detector | Detected emotion: neutral (confidence: 0.99)
2025-12-03 17:40:23 | INFO     | emotion_detector | Detected emotion: neutral (confidence: 0.85)
2025-12-03 17:40:26 | INFO     | emotion_detector | Detected emotion: angry (confidence: 0.78)
2025-12-03 17:40:29 | INFO     | emotion_detector | Detected emotion: neutral (confidence: 0.61)
2025-12-03 17:40:32 | INFO     | emotion_detector | Detected emotion: neutral (confidence: 0.85)
2025-12-03 17:40:35 | INFO     | emotion_detector | Detected emotion: neutral (confidence: 0.81)
2025-12-03 17:40:38 | INFO     | emotion_detector | Detected emotion: angry (confidence: 0.47)
2025-12-03 17:40:41 | INFO     | emotion_detector | Detected emotion: angry (confidence: 0.43)
2025-12-03 17:40:44 | INFO     | emotion_detector | Detected emotion: neutral (confidence: 0.55)
2025-12-03 17:40:47 | INFO     | emotion_detector | Detected emotion: sad (confidence: 0.56)
2025-12-03 17:40:50 | INFO     | emotion_detector | Detected emotion: fear (confidence: 0.60)
2025-12-03 17:40:53 | INFO     | emotion_detector | Detected emotion: happy (confidence: 0.96)
2025-12-03 17:40:56 | INFO     | emotion_detector | Detected emotion: neutral (confidence: 0.93)
2025-12-03 17:40:59 | INFO     | emotion_detector | Detected emotion: happy (confidence: 0.53)
2025-12-03 17:41:02 | INFO     | emotion_detector | Detected emotion: sad (confidence: 0.99)
2025-12-03 17:41:05 | INFO     | emotion_detector | Detected emotion: sad (confidence: 0.47)
2025-12-03 17:41:08 | INFO     | emotion_detector | Detected emotion: angry (confidence: 0.56)
2025-12-03 17:41:11 | INFO     | emotion_detector | Detected emotion: sad (confidence: 0.80)
2025-12-03 17:41:13 | INFO     | emotion_detector | Detected emotion: sad (confidence: 0.86)
2025-12-03 17:41:17 | INFO     | emotion_detector | Detected emotion: sad (confidence: 0.80)
2025-12-03 17:41:19 | INFO     | emotion_detector | Detected emotion: sad (confidence: 0.91)
2025-12-03 17:41:23 | INFO     | emotion_detector | Detected emotion: neutral (confidence: 0.42)
2025-12-03 17:41:25 | INFO     | emotion_detector | Detected emotion: angry (confidence: 0.33)
2025-12-03 17:41:28 | INFO     | emotion_detector | Detected emotion: angry (confidence: 0.76)
2025-12-03 17:41:31 | INFO     | emotion_detector | Detected emotion: neutral (confidence: 0.97)
2025-12-03 17:41:34 | INFO     | emotion_detector | Detected emotion: sad (confidence: 0.82)
2025-12-03 17:41:37 | INFO     | emotion_detector | Detected emotion: fear (confidence: 0.79)
2025-12-03 17:41:40 | INFO     | emotion_detector | Detected emotion: fear (confidence: 0.95)
2025-12-03 17:41:43 | INFO     | emotion_detector | Detected emotion: fear (confidence: 0.98)
2025-12-03 17:41:46 | INFO     | emotion_detector | Detected emotion: fear (confidence: 0.99)
2025-12-03 17:41:48 | INFO     | emotion_detector | Detected emotion: fear (confidence: 1.00)
2025-12-03 17:41:52 | INFO     | emotion_detector | Detected emotion: fear (confidence: 0.99)
2025-12-03 17:41:57 | INFO     | emotion_detector | Detected emotion: neutral (confidence: 0.87)
2025-12-03 17:42:04 | INFO     | emotion_detector | Detected emotion: fear (confidence: 0.69)
2025-12-03 17:42:09 | INFO     | emotion_detector | Detected emotion: neutral (confidence: 1.00)
2025-12-03 17:42:15 | INFO     | emotion_detector | Detected emotion: neutral (confidence: 0.99)
2025-12-03 17:42:18 | INFO     | emotion_detector | Background emotion monitoring started
2025-12-03 17:42:18 | INFO     | app | Background emotion monitor started
2025-12-03 17:42:18 | INFO     | conversation_memory | Database initialized successfully
2025-12-03 17:42:18 | INFO     | app | Database and audio directory initialized
2025-12-03 17:42:18 | INFO     | app | ROOMie Backend v3.0 starting...
2025-12-03 17:42:18 | INFO     | app | Server: http://127.0.0.1:5000
2025-12-03 17:42:18 | INFO     | app | WebSocket: ws://127.0.0.1:5000
2025-12-03 17:42:21 | WARNING  | emotion_detector | Failed to capture frame from camera
2025-12-03 17:42:22 | INFO     | emotion_detector | Detected emotion: fear (confidence: 0.81)
2025-12-03 17:42:23 | INFO     | emotion_detector | Background emotion monitoring started
2025-12-03 17:42:23 | INFO     | emotion_detector | Emotion monitor updated for user: 1
2025-12-03 17:42:23 | INFO     | tts_output | Generating TTS with voice 'nova' for tone 'cheerful' (speed: 1.0)
2025-12-03 17:42:26 | INFO     | tts_output | TTS audio saved: C:\Users\SHIVANSH\Desktop\ROOMie\backend\audio\tmp_0iin0xo.mp3
2025-12-03 17:42:26 | INFO     | app | ROOMie backend ready
2025-12-03 17:42:27 | INFO     | emotion_detector | Detected emotion: neutral (confidence: 0.86)
2025-12-03 17:42:27 | INFO     | emotion_detector | Detected emotion: neutral (confidence: 0.93)
2025-12-03 17:42:29 | INFO     | emotion_detector | Detected emotion: neutral (confidence: 0.88)
2025-12-03 17:42:33 | INFO     | emotion_detector | Detected emotion: fear (confidence: 0.94)
2025-12-03 17:42:35 | INFO     | emotion_detector | Detected emotion: sad (confidence: 0.60)
2025-12-03 17:42:36 | INFO     | emotion_calibration | Matched emotion: neutral (similarity: 0.82)
2025-12-03 17:42:36 | INFO     | emotion_detector | Personalized match: neutral (confidence: 0.82)
2025-12-03 17:42:40 | INFO     | emotion_detector | Detected emotion: neutral (confidence: 0.96)
2025-12-03 17:42:41 | INFO     | emotion_calibration | Matched emotion: neutral (similarity: 0.80)
2025-12-03 17:42:41 | INFO     | emotion_detector | Personalized match: neutral (confidence: 0.80)
2025-12-03 17:42:42 | INFO     | emotion_detector | Detected emotion: sad (confidence: 0.88)
2025-12-03 17:42:48 | INFO     | emotion_detector | Detected emotion: neutral (confidence: 0.47)
2025-12-03 17:42:50 | INFO     | emotion_calibration | Matched emotion: neutral (similarity: 0.70)
2025-12-03 17:42:50 | INFO     | emotion_detector | Personalized match: neutral (confidence: 0.70)
2025-12-03 17:42:51 | INFO     | emotion_detector | Detected emotion: sad (confidence: 0.73)
2025-12-03 17:42:57 | INFO     | emotion_detector | Detected emotion: happy (confidence: 0.46)
2025-12-03 17:42:59 | INFO     | emotion_calibration | Matched emotion: neutral (similarity: 0.63)
2025-12-03 17:42:59 | INFO     | emotion_detector | Personalized match: neutral (confidence: 0.63)
2025-12-03 17:43:00 | INFO     | emotion_detector | Detected emotion: surprise (confidence: 0.71)
2025-12-03 17:43:06 | INFO     | emotion_detector | Detected emotion: sad (confidence: 0.56)
2025-12-03 17:43:08 | INFO     | emotion_calibration | Matched emotion: sad (similarity: 0.83)
2025-12-03 17:43:08 | INFO     | emotion_detector | Personalized match: sad (confidence: 0.83)
2025-12-03 17:43:09 | INFO     | emotion_detector | Detected emotion: neutral (confidence: 0.53)
2025-12-03 17:43:13 | INFO     | emotion_detector | Emotion monitor updated for user: 1
2025-12-03 17:43:15 | INFO     | emotion_detector | Background emotion monitoring stopped
2025-12-03 17:43:15 | INFO     | emotion_detector | Background emotion monitoring started
2025-12-03 17:43:15 | INFO     | emotion_detector | Emotion monitor updated for user: 1
2025-12-03 17:43:15 | INFO     | emotion_detector | Detected emotion: neutral (confidence: 0.75)
2025-12-03 17:43:17 | INFO     | emotion_calibration | Matched emotion: happy (similarity: 0.70)
2025-12-03 17:43:17 | INFO     | emotion_detector | Personalized match: happy (confidence: 0.70)
2025-12-03 17:43:18 | INFO     | emotion_detector | Detected emotion: neutral (confidence: 0.88)
2025-12-03 17:43:21 | INFO     | emotion_detector | Detected emotion: neutral (confidence: 0.63)
2025-12-03 17:43:21 | INFO     | voice_tone | Voice tone analysis: neutral (confidence: 0.50)
2025-12-03 17:43:23 | INFO     | emotion_detector | Detected emotion: fear (confidence: 0.99)
2025-12-03 17:43:24 | INFO     | ai_core | AI response generated: Sure! Over the past week, your emotions have mostl...
2025-12-03 17:43:24 | INFO     | tts_output | Generating TTS with voice 'nova' for tone 'sad' (speed: 0.85)
2025-12-03 17:43:27 | INFO     | emotion_detector | Detected emotion: neutral (confidence: 0.73)
2025-12-03 17:43:29 | INFO     | emotion_calibration | Matched emotion: sad (similarity: 0.66)
2025-12-03 17:43:29 | INFO     | emotion_detector | Personalized match: sad (confidence: 0.66)
2025-12-03 17:43:32 | INFO     | emotion_detector | Detected emotion: fear (confidence: 0.73)
2025-12-03 17:43:32 | INFO     | tts_output | TTS audio saved: C:\Users\SHIVANSH\Desktop\ROOMie\backend\audio\tmp7muv5hh6.mp3
2025-12-03 17:43:35 | INFO     | emotion_detector | Detected emotion: neutral (confidence: 0.69)
2025-12-03 17:43:38 | INFO     | emotion_calibration | Matched emotion: neutral (similarity: 0.75)
2025-12-03 17:43:38 | INFO     | emotion_detector | Personalized match: neutral (confidence: 0.75)
2025-12-03 17:43:40 | INFO     | emotion_detector | Detected emotion: neutral (confidence: 0.94)
2025-12-03 17:43:43 | INFO     | emotion_detector | Detected emotion: neutral (confidence: 0.94)
2025-12-03 17:43:45 | INFO     | emotion_calibration | Matched emotion: neutral (similarity: 0.80)
2025-12-03 17:43:45 | INFO     | emotion_detector | Personalized match: neutral (confidence: 0.80)
2025-12-03 17:43:48 | INFO     | emotion_detector | Detected emotion: neutral (confidence: 0.93)
2025-12-03 17:43:51 | INFO     | emotion_detector | Detected emotion: neutral (confidence: 0.82)
2025-12-03 17:43:53 | INFO     | emotion_calibration | Matched emotion: neutral (similarity: 0.76)
2025-12-03 17:43:53 | INFO     | emotion_detector | Personalized match: neutral (confidence: 0.76)
2025-12-03 17:43:56 | INFO     | emotion_detector | Detected emotion: neutral (confidence: 0.67)
2025-12-03 17:43:59 | WARNING  | emotion_detector | Failed to capture frame from camera
2025-12-03 17:44:01 | INFO     | emotion_calibration | Matched emotion: surprised (similarity: 0.72)
2025-12-03 17:44:01 | INFO     | emotion_detector | Personalized match: surprised (confidence: 0.72)
2025-12-03 17:44:05 | INFO     | emotion_detector | Detected emotion: neutral (confidence: 0.89)
2025-12-03 17:44:07 | INFO     | voice_tone | Voice tone analysis: sad (confidence: 0.67)
2025-12-03 17:44:07 | WARNING  | emotion_detector | Failed to capture frame from camera
2025-12-03 17:44:09 | INFO     | ai_core | AI response generated: You're right—it's all about support during those u...
2025-12-03 17:44:09 | INFO     | tts_output | Generating TTS with voice 'nova' for tone 'neutral' (speed: 1.0)
2025-12-03 17:44:09 | INFO     | emotion_calibration | Matched emotion: angry (similarity: 0.79)
2025-12-03 17:44:09 | INFO     | emotion_detector | Personalized match: angry (confidence: 0.79)
2025-12-03 17:44:13 | INFO     | tts_output | TTS audio saved: C:\Users\SHIVANSH\Desktop\ROOMie\backend\audio\tmpr9cf66xy.mp3
2025-12-03 17:44:14 | INFO     | emotion_detector | Detected emotion: neutral (confidence: 0.91)
2025-12-03 17:44:16 | WARNING  | emotion_detector | Failed to capture frame from camera
2025-12-03 17:44:17 | INFO     | emotion_calibration | Matched emotion: neutral (similarity: 0.72)
2025-12-03 17:44:17 | INFO     | emotion_detector | Personalized match: neutral (confidence: 0.72)
2025-12-03 17:44:22 | INFO     | emotion_detector | Detected emotion: sad (confidence: 0.57)
2025-12-03 17:44:24 | WARNING  | emotion_detector | Failed to capture frame from camera
2025-12-03 17:44:25 | INFO     | emotion_calibration | Matched emotion: happy (similarity: 0.61)
2025-12-03 17:44:25 | INFO     | emotion_detector | Personalized match: happy (confidence: 0.61)
2025-12-03 17:44:32 | INFO     | emotion_detector | Detected emotion: sad (confidence: 0.54)
2025-12-03 17:44:33 | WARNING  | emotion_detector | Failed to capture frame from camera
2025-12-03 17:44:34 | INFO     | emotion_calibration | Matched emotion: neutral (similarity: 0.61)
2025-12-03 17:44:34 | INFO     | emotion_detector | Personalized match: neutral (confidence: 0.61)
2025-12-03 17:44:40 | INFO     | emotion_detector | Detected emotion: surprise (confidence: 0.98)
2025-12-03 17:44:41 | WARNING  | emotion_detector | Failed to capture frame from camera
2025-12-03 17:44:43 | INFO     | emotion_calibration | Matched emotion: happy (similarity: 0.68)
2025-12-03 17:44:43 | INFO     | emotion_detector | Personalized match: happy (confidence: 0.68)
2025-12-03 17:44:49 | INFO     | voice_tone | Voice tone analysis: neutral (confidence: 0.50)
2025-12-03 17:44:50 | INFO     | emotion_detector | Detected emotion: neutral (confidence: 1.00)
2025-12-03 17:44:50 | WARNING  | emotion_detector | Failed to capture frame from camera
2025-12-03 17:44:51 | INFO     | ai_core | AI response generated: Absolutely! I know you're working on data structur...
2025-12-03 17:44:51 | INFO     | tts_output | Generating TTS with voice 'nova' for tone 'happy' (speed: 1.1)
2025-12-03 17:44:52 | INFO     | emotion_calibration | Matched emotion: happy (similarity: 0.70)
2025-12-03 17:44:52 | INFO     | emotion_detector | Personalized match: happy (confidence: 0.70)
2025-12-03 17:44:56 | INFO     | tts_output | TTS audio saved: C:\Users\SHIVANSH\Desktop\ROOMie\backend\audio\tmprmp87w_c.mp3
2025-12-03 17:45:00 | INFO     | emotion_detector | Detected emotion: sad (confidence: 0.58)
2025-12-03 17:45:00 | INFO     | emotion_detector | Detected emotion: sad (confidence: 0.59)
2025-12-03 17:45:02 | INFO     | emotion_calibration | Matched emotion: surprised (similarity: 0.73)
2025-12-03 17:45:02 | INFO     | emotion_detector | Personalized match: surprised (confidence: 0.73)
2025-12-03 17:45:09 | WARNING  | emotion_detector | Failed to capture frame from camera
2025-12-03 17:45:09 | INFO     | emotion_detector | Detected emotion: angry (confidence: 0.95)
2025-12-03 17:45:10 | INFO     | emotion_calibration | Matched emotion: neutral (similarity: 0.77)
2025-12-03 17:45:10 | INFO     | emotion_detector | Personalized match: neutral (confidence: 0.77)
2025-12-03 17:45:18 | WARNING  | emotion_detector | Failed to capture frame from camera
2025-12-03 17:45:18 | INFO     | voice_tone | Voice tone analysis: neutral (confidence: 0.50)
2025-12-03 17:45:19 | INFO     | emotion_detector | Detected emotion: neutral (confidence: 0.87)
2025-12-03 17:45:20 | INFO     | ai_core | AI response generated: Got it! Cracking Google is an ambitious and exciti...
2025-12-03 17:45:20 | INFO     | emotion_calibration | Matched emotion: neutral (similarity: 0.79)
2025-12-03 17:45:20 | INFO     | tts_output | Generating TTS with voice 'nova' for tone 'neutral' (speed: 1.0)
2025-12-03 17:45:20 | INFO     | emotion_detector | Personalized match: neutral (confidence: 0.79)
2025-12-03 17:45:24 | INFO     | tts_output | TTS audio saved: C:\Users\SHIVANSH\Desktop\ROOMie\backend\audio\tmpbl2hdpjp.mp3
2025-12-03 17:45:27 | INFO     | emotion_detector | Detected emotion: neutral (confidence: 0.73)
2025-12-03 17:45:28 | WARNING  | emotion_detector | Failed to capture frame from camera
2025-12-03 17:45:28 | INFO     | emotion_detector | Detected emotion: neutral (confidence: 1.00)
2025-12-03 17:45:36 | INFO     | emotion_calibration | Matched emotion: happy (similarity: 0.61)
2025-12-03 17:45:36 | INFO     | emotion_detector | Personalized match: happy (confidence: 0.61)
2025-12-03 17:45:36 | INFO     | emotion_detector | Detected emotion: angry (confidence: 0.78)
2025-12-03 17:45:37 | INFO     | emotion_detector | Detected emotion: neutral (confidence: 0.43)
2025-12-03 17:45:45 | INFO     | emotion_calibration | Matched emotion: neutral (similarity: 0.80)
2025-12-03 17:45:45 | INFO     | emotion_detector | Personalized match: neutral (confidence: 0.80)
2025-12-03 17:45:46 | INFO     | emotion_detector | Detected emotion: surprise (confidence: 0.66)
2025-12-03 17:45:47 | INFO     | emotion_detector | Detected emotion: happy (confidence: 1.00)
2025-12-03 17:45:48 | INFO     | voice_tone | Voice tone analysis: happy (confidence: 0.67)
2025-12-03 17:45:50 | INFO     | ai_core | AI response generated: That’s fantastic to hear! Feeling happy is a great...
2025-12-03 17:45:50 | INFO     | tts_output | Generating TTS with voice 'nova' for tone 'neutral' (speed: 1.0)
2025-12-03 17:45:53 | INFO     | tts_output | TTS audio saved: C:\Users\SHIVANSH\Desktop\ROOMie\backend\audio\tmpxrrg61qa.mp3
2025-12-03 17:45:54 | INFO     | emotion_calibration | Matched emotion: surprised (similarity: 0.68)
2025-12-03 17:45:54 | INFO     | emotion_detector | Personalized match: surprised (confidence: 0.68)
2025-12-03 17:45:55 | INFO     | emotion_detector | Detected emotion: fear (confidence: 0.97)
2025-12-03 17:45:56 | INFO     | emotion_detector | Detected emotion: neutral (confidence: 0.96)
2025-12-03 17:46:02 | INFO     | emotion_calibration | Matched emotion: happy (similarity: 0.63)
2025-12-03 17:46:02 | INFO     | emotion_detector | Personalized match: happy (confidence: 0.63)
2025-12-03 17:46:03 | INFO     | emotion_detector | Detected emotion: surprise (confidence: 0.92)
2025-12-03 17:46:04 | INFO     | emotion_detector | Detected emotion: surprise (confidence: 1.00)
2025-12-03 17:46:11 | INFO     | emotion_calibration | Matched emotion: surprised (similarity: 0.57)
2025-12-03 17:46:11 | INFO     | emotion_detector | Personalized match: surprised (confidence: 0.57)
2025-12-03 17:46:12 | INFO     | emotion_detector | Detected emotion: neutral (confidence: 0.62)
2025-12-03 17:46:13 | INFO     | emotion_detector | Detected emotion: angry (confidence: 0.61)
2025-12-03 17:46:19 | INFO     | emotion_calibration | Matched emotion: neutral (similarity: 0.60)
2025-12-03 17:46:19 | INFO     | emotion_detector | Personalized match: neutral (confidence: 0.60)
2025-12-03 17:46:20 | INFO     | emotion_detector | Detected emotion: sad (confidence: 0.66)
2025-12-03 17:46:21 | INFO     | emotion_detector | Detected emotion: sad (confidence: 0.64)
2025-12-03 17:46:24 | INFO     | voice_tone | Voice tone analysis: neutral (confidence: 0.50)
2025-12-03 17:46:25 | INFO     | ai_core | AI response generated: Of course! I’d be happy to help you practice. Let’...
2025-12-03 17:46:26 | INFO     | tts_output | Generating TTS with voice 'nova' for tone 'sad' (speed: 0.85)
2025-12-03 17:46:26 | INFO     | emotion_calibration | Matched emotion: angry (similarity: 0.89)
2025-12-03 17:46:26 | INFO     | emotion_detector | Personalized match: angry (confidence: 0.89)
2025-12-03 17:46:28 | INFO     | emotion_detector | Detected emotion: angry (confidence: 0.96)
2025-12-03 17:46:30 | INFO     | tts_output | TTS audio saved: C:\Users\SHIVANSH\Desktop\ROOMie\backend\audio\tmp6eh6zn91.mp3
2025-12-03 17:46:30 | INFO     | emotion_detector | Detected emotion: neutral (confidence: 1.00)
2025-12-03 17:46:34 | INFO     | emotion_calibration | Matched emotion: sad (similarity: 0.77)
2025-12-03 17:46:34 | INFO     | emotion_detector | Personalized match: sad (confidence: 0.77)
2025-12-03 17:46:36 | INFO     | emotion_detector | Detected emotion: neutral (confidence: 0.90)
2025-12-03 17:46:38 | INFO     | emotion_detector | Detected emotion: neutral (confidence: 0.76)
2025-12-03 17:46:42 | INFO     | emotion_calibration | Matched emotion: neutral (similarity: 0.84)
2025-12-03 17:46:42 | INFO     | emotion_detector | Personalized match: neutral (confidence: 0.84)
2025-12-03 17:46:44 | INFO     | emotion_detector | Detected emotion: angry (confidence: 0.62)
2025-12-03 17:46:46 | INFO     | emotion_detector | Detected emotion: angry (confidence: 0.93)
2025-12-03 17:46:49 | INFO     | emotion_calibration | Matched emotion: happy (similarity: 0.68)
2025-12-03 17:46:49 | INFO     | emotion_detector | Personalized match: happy (confidence: 0.68)
2025-12-03 17:46:53 | INFO     | emotion_detector | Detected emotion: neutral (confidence: 1.00)
2025-12-03 17:46:55 | INFO     | emotion_detector | Detected emotion: neutral (confidence: 0.99)
2025-12-03 17:46:57 | INFO     | emotion_calibration | Matched emotion: happy (similarity: 0.77)
2025-12-03 17:46:57 | INFO     | emotion_detector | Personalized match: happy (confidence: 0.77)
2025-12-03 17:47:00 | INFO     | voice_tone | Voice tone analysis: neutral (confidence: 0.50)
2025-12-03 17:47:01 | INFO     | emotion_detector | Detected emotion: neutral (confidence: 0.78)
2025-12-03 17:47:02 | INFO     | ai_core | AI response generated: Almost there! It’s the other way around: a **stack...
2025-12-03 17:47:02 | INFO     | tts_output | Generating TTS with voice 'nova' for tone 'happy' (speed: 1.1)
2025-12-03 17:47:03 | INFO     | emotion_detector | Detected emotion: happy (confidence: 1.00)
2025-12-03 17:47:06 | INFO     | emotion_calibration | Matched emotion: angry (similarity: 0.78)
2025-12-03 17:47:06 | INFO     | emotion_detector | Personalized match: angry (confidence: 0.78)
2025-12-03 17:47:06 | INFO     | tts_output | TTS audio saved: C:\Users\SHIVANSH\Desktop\ROOMie\backend\audio\tmpig7o8m50.mp3
2025-12-03 17:47:09 | INFO     | emotion_detector | Detected emotion: angry (confidence: 0.64)
2025-12-03 17:47:12 | INFO     | emotion_detector | Detected emotion: angry (confidence: 0.62)
2025-12-03 17:47:14 | INFO     | emotion_calibration | Matched emotion: angry (similarity: 0.78)
2025-12-03 17:47:14 | INFO     | emotion_detector | Personalized match: angry (confidence: 0.78)
2025-12-03 17:47:17 | INFO     | emotion_detector | Detected emotion: neutral (confidence: 0.99)
2025-12-03 17:47:20 | INFO     | emotion_detector | Detected emotion: sad (confidence: 0.97)
2025-12-03 17:47:22 | INFO     | emotion_calibration | Matched emotion: sad (similarity: 0.62)
2025-12-03 17:47:22 | INFO     | emotion_detector | Personalized match: sad (confidence: 0.62)
2025-12-03 17:47:25 | INFO     | emotion_detector | Detected emotion: neutral (confidence: 0.80)
2025-12-03 17:47:29 | INFO     | emotion_detector | Detected emotion: sad (confidence: 0.50)
2025-12-03 17:47:30 | INFO     | emotion_calibration | Matched emotion: sad (similarity: 0.64)
2025-12-03 17:47:30 | INFO     | emotion_detector | Personalized match: sad (confidence: 0.64)
2025-12-03 17:47:33 | INFO     | emotion_detector | Detected emotion: happy (confidence: 1.00)
2025-12-03 17:47:37 | WARNING  | emotion_detector | Failed to capture frame from camera
2025-12-03 17:47:38 | INFO     | emotion_detector | Detected emotion: happy (confidence: 1.00)
2025-12-03 17:47:41 | INFO     | emotion_detector | Detected emotion: happy (confidence: 0.98)
2025-12-03 17:47:45 | INFO     | emotion_calibration | Matched emotion: happy (similarity: 0.83)
2025-12-03 17:47:45 | INFO     | emotion_detector | Personalized match: happy (confidence: 0.83)
2025-12-03 17:47:46 | INFO     | emotion_detector | Detected emotion: sad (confidence: 0.82)
2025-12-03 17:47:49 | INFO     | emotion_detector | Detected emotion: surprise (confidence: 0.75)
2025-12-03 17:47:53 | INFO     | emotion_calibration | Matched emotion: sad (similarity: 0.63)
2025-12-03 17:47:53 | INFO     | emotion_detector | Personalized match: sad (confidence: 0.63)
2025-12-03 17:47:55 | INFO     | emotion_detector | Detected emotion: sad (confidence: 0.92)
2025-12-03 17:47:58 | INFO     | emotion_detector | Detected emotion: sad (confidence: 0.95)
2025-12-03 17:48:01 | INFO     | emotion_calibration | Matched emotion: happy (similarity: 0.59)
2025-12-03 17:48:01 | INFO     | emotion_detector | Personalized match: happy (confidence: 0.59)
2025-12-03 17:48:03 | INFO     | emotion_detector | Detected emotion: fear (confidence: 0.62)
2025-12-03 17:48:06 | INFO     | emotion_detector | Detected emotion: neutral (confidence: 0.97)
2025-12-03 17:48:09 | INFO     | emotion_calibration | Matched emotion: neutral (similarity: 0.82)
2025-12-03 17:48:09 | INFO     | emotion_detector | Personalized match: neutral (confidence: 0.82)
2025-12-03 17:48:11 | INFO     | emotion_detector | Detected emotion: angry (confidence: 0.54)
2025-12-03 17:48:14 | INFO     | emotion_detector | Detected emotion: angry (confidence: 0.88)
2025-12-03 17:48:16 | INFO     | emotion_calibration | Matched emotion: sad (similarity: 0.74)
2025-12-03 17:48:16 | INFO     | emotion_detector | Personalized match: sad (confidence: 0.74)
2025-12-03 17:48:16 | INFO     | voice_tone | Voice tone analysis: neutral (confidence: 0.50)
2025-12-03 17:48:18 | INFO     | ai_core | AI response generated: I can't control the media settings for you, but I ...
2025-12-03 17:48:18 | INFO     | tts_output | Generating TTS with voice 'nova' for tone 'sad' (speed: 0.85)
2025-12-03 17:48:19 | INFO     | emotion_detector | Detected emotion: neutral (confidence: 0.59)
2025-12-03 17:48:22 | INFO     | tts_output | TTS audio saved: C:\Users\SHIVANSH\Desktop\ROOMie\backend\audio\tmpwz1ua45k.mp3
2025-12-03 17:48:22 | INFO     | emotion_detector | Detected emotion: neutral (confidence: 0.63)
2025-12-03 17:48:25 | INFO     | emotion_calibration | Matched emotion: neutral (similarity: 0.67)
2025-12-03 17:48:25 | INFO     | emotion_detector | Personalized match: neutral (confidence: 0.67)
2025-12-03 17:48:28 | INFO     | emotion_detector | Detected emotion: neutral (confidence: 0.55)
2025-12-03 17:48:30 | INFO     | emotion_detector | Detected emotion: neutral (confidence: 0.79)
2025-12-03 17:48:32 | INFO     | emotion_calibration | Matched emotion: happy (similarity: 0.78)
2025-12-03 17:48:32 | INFO     | emotion_detector | Personalized match: happy (confidence: 0.78)
2025-12-03 17:48:36 | INFO     | emotion_detector | Detected emotion: neutral (confidence: 0.49)
2025-12-03 17:48:39 | INFO     | emotion_detector | Detected emotion: angry (confidence: 0.49)
2025-12-03 17:48:41 | INFO     | emotion_calibration | Matched emotion: neutral (similarity: 0.75)
2025-12-03 17:48:41 | INFO     | emotion_detector | Personalized match: neutral (confidence: 0.75)
2025-12-03 17:48:44 | INFO     | emotion_detector | Detected emotion: neutral (confidence: 0.49)
2025-12-03 17:48:47 | INFO     | emotion_detector | Detected emotion: fear (confidence: 1.00)
2025-12-03 17:48:49 | INFO     | emotion_calibration | Matched emotion: happy (similarity: 0.69)
2025-12-03 17:48:49 | INFO     | emotion_detector | Personalized match: happy (confidence: 0.69)
2025-12-03 17:48:52 | INFO     | emotion_detector | Detected emotion: neutral (confidence: 0.97)
2025-12-03 17:48:55 | WARNING  | emotion_detector | Failed to capture frame from camera
2025-12-03 17:48:57 | INFO     | emotion_calibration | Matched emotion: neutral (similarity: 0.63)
2025-12-03 17:48:57 | INFO     | emotion_detector | Personalized match: neutral (confidence: 0.63)
2025-12-03 17:48:59 | INFO     | emotion_detector | Detected emotion: neutral (confidence: 0.95)
2025-12-03 17:49:01 | INFO     | emotion_detector | Detected emotion: surprise (confidence: 0.78)
2025-12-03 17:49:02 | INFO     | emotion_calibration | Matched emotion: happy (similarity: 0.69)
2025-12-03 17:49:02 | INFO     | emotion_detector | Personalized match: happy (confidence: 0.69)
2025-12-03 17:49:05 | INFO     | emotion_detector | Detected emotion: fear (confidence: 0.95)
2025-12-03 17:49:07 | WARNING  | emotion_detector | Failed to capture frame from camera
2025-12-03 17:49:07 | INFO     | emotion_detector | Detected emotion: fear (confidence: 0.84)
2025-12-03 17:49:11 | INFO     | emotion_detector | Detected emotion: fear (confidence: 0.99)
2025-12-03 17:49:12 | INFO     | emotion_calibration | Matched emotion: surprised (similarity: 0.70)
2025-12-03 17:49:12 | INFO     | emotion_detector | Personalized match: surprised (confidence: 0.70)
2025-12-03 17:49:13 | INFO     | emotion_detector | Detected emotion: fear (confidence: 0.99)
2025-12-03 17:49:17 | WARNING  | emotion_detector | Failed to capture frame from camera
2025-12-03 17:49:17 | INFO     | emotion_detector | Detected emotion: fear (confidence: 0.80)
2025-12-03 17:49:19 | INFO     | emotion_detector | Detected emotion: fear (confidence: 0.95)
2025-12-03 17:49:22 | INFO     | emotion_calibration | Matched emotion: surprised (similarity: 0.67)
2025-12-03 17:49:22 | INFO     | emotion_detector | Personalized match: surprised (confidence: 0.67)
2025-12-03 17:49:23 | INFO     | emotion_detector | Detected emotion: fear (confidence: 0.66)
2025-12-03 17:49:25 | INFO     | emotion_detector | Detected emotion: fear (confidence: 0.77)
2025-12-03 17:49:27 | INFO     | emotion_calibration | Matched emotion: surprised (similarity: 0.69)
2025-12-03 17:49:27 | INFO     | emotion_detector | Personalized match: surprised (confidence: 0.69)
2025-12-03 17:49:29 | INFO     | emotion_detector | Detected emotion: fear (confidence: 0.70)
2025-12-03 17:49:31 | INFO     | emotion_detector | Detected emotion: surprise (confidence: 0.85)
2025-12-03 17:49:32 | INFO     | emotion_calibration | Matched emotion: surprised (similarity: 0.69)
2025-12-03 17:49:32 | INFO     | emotion_detector | Personalized match: surprised (confidence: 0.69)
2025-12-03 17:49:35 | INFO     | emotion_detector | Detected emotion: fear (confidence: 0.99)
2025-12-03 17:49:37 | WARNING  | emotion_detector | Failed to capture frame from camera
2025-12-03 17:49:37 | INFO     | emotion_detector | Detected emotion: fear (confidence: 0.84)
2025-12-03 17:49:41 | INFO     | emotion_detector | Detected emotion: fear (confidence: 0.64)
2025-12-03 17:49:42 | INFO     | emotion_calibration | Matched emotion: happy (similarity: 0.68)
2025-12-03 17:49:42 | INFO     | emotion_detector | Personalized match: happy (confidence: 0.68)
2025-12-03 17:49:43 | INFO     | emotion_detector | Detected emotion: fear (confidence: 0.90)
2025-12-03 17:49:47 | INFO     | emotion_detector | Detected emotion: fear (confidence: 1.00)
2025-12-03 17:49:47 | INFO     | emotion_calibration | Matched emotion: surprised (similarity: 0.68)
2025-12-03 17:49:47 | INFO     | emotion_detector | Personalized match: surprised (confidence: 0.68)
2025-12-03 17:49:49 | INFO     | emotion_detector | Detected emotion: fear (confidence: 1.00)
2025-12-03 17:49:53 | INFO     | emotion_calibration | Matched emotion: surprised (similarity: 0.68)
2025-12-03 17:49:53 | INFO     | emotion_detector | Personalized match: surprised (confidence: 0.68)
2025-12-03 17:49:53 | INFO     | emotion_detector | Detected emotion: fear (confidence: 0.67)
2025-12-03 17:49:55 | INFO     | emotion_detector | Detected emotion: fear (confidence: 0.74)
2025-12-03 17:49:58 | INFO     | emotion_calibration | Matched emotion: surprised (similarity: 0.72)
2025-12-03 17:49:58 | INFO     | emotion_detector | Personalized match: surprised (confidence: 0.72)
2025-12-03 17:49:59 | INFO     | emotion_detector | Detected emotion: fear (confidence: 1.00)
2025-12-03 17:50:02 | INFO     | emotion_detector | Detected emotion: fear (confidence: 0.97)
2025-12-03 17:50:03 | INFO     | emotion_calibration | Matched emotion: surprised (similarity: 0.68)
2025-12-03 17:50:03 | INFO     | emotion_detector | Personalized match: surprised (confidence: 0.68)
2025-12-03 17:50:05 | INFO     | emotion_detector | Detected emotion: neutral (confidence: 0.82)
2025-12-03 17:50:08 | INFO     | emotion_detector | Detected emotion: neutral (confidence: 0.71)
2025-12-03 17:50:09 | INFO     | emotion_calibration | Matched emotion: neutral (similarity: 0.70)
2025-12-03 17:50:09 | INFO     | emotion_detector | Personalized match: neutral (confidence: 0.70)
2025-12-03 17:50:11 | INFO     | emotion_detector | Detected emotion: neutral (confidence: 0.99)
2025-12-03 17:50:13 | WARNING  | emotion_detector | Failed to capture frame from camera
2025-12-03 17:50:14 | INFO     | emotion_detector | Detected emotion: neutral (confidence: 0.86)
2025-12-03 17:50:17 | INFO     | emotion_detector | Detected emotion: neutral (confidence: 0.99)
2025-12-03 17:50:19 | INFO     | emotion_calibration | Matched emotion: happy (similarity: 0.66)
2025-12-03 17:50:19 | INFO     | emotion_detector | Personalized match: happy (confidence: 0.66)
2025-12-03 17:50:20 | INFO     | emotion_detector | Detected emotion: neutral (confidence: 0.98)
2025-12-03 17:50:23 | INFO     | emotion_detector | Detected emotion: neutral (confidence: 0.99)
2025-12-03 17:50:24 | INFO     | emotion_calibration | Matched emotion: happy (similarity: 0.75)
2025-12-03 17:50:24 | INFO     | emotion_detector | Personalized match: happy (confidence: 0.75)
2025-12-03 17:50:26 | INFO     | emotion_detector | Detected emotion: neutral (confidence: 1.00)
2025-12-03 17:50:29 | INFO     | emotion_detector | Detected emotion: neutral (confidence: 0.99)
2025-12-03 17:50:30 | INFO     | emotion_calibration | Matched emotion: surprised (similarity: 0.73)
2025-12-03 17:50:30 | INFO     | emotion_detector | Personalized match: surprised (confidence: 0.73)
2025-12-03 17:50:32 | INFO     | emotion_detector | Detected emotion: angry (confidence: 0.54)
2025-12-03 17:50:34 | WARNING  | emotion_detector | Failed to capture frame from camera
2025-12-03 17:50:35 | INFO     | emotion_calibration | Matched emotion: sad (similarity: 0.79)
2025-12-03 17:50:35 | INFO     | emotion_detector | Personalized match: sad (confidence: 0.79)
2025-12-03 17:50:37 | INFO     | emotion_detector | Bias correction: Switched from fear/sad to neutral (neutral score: 0.32)
2025-12-03 17:50:37 | INFO     | emotion_detector | Detected emotion: neutral (confidence: 0.32)
2025-12-03 17:50:40 | INFO     | emotion_calibration | Matched emotion: neutral (similarity: 0.73)
2025-12-03 17:50:40 | INFO     | emotion_detector | Personalized match: neutral (confidence: 0.73)
2025-12-03 17:50:41 | INFO     | emotion_detector | Detected emotion: neutral (confidence: 0.94)
2025-12-03 17:50:43 | INFO     | emotion_detector | Detected emotion: happy (confidence: 0.95)
2025-12-03 17:50:46 | INFO     | emotion_calibration | Matched emotion: neutral (similarity: 0.82)
2025-12-03 17:50:46 | INFO     | emotion_detector | Personalized match: neutral (confidence: 0.82)
2025-12-03 17:50:47 | INFO     | emotion_detector | Detected emotion: neutral (confidence: 0.80)
2025-12-03 17:50:50 | INFO     | emotion_detector | Detected emotion: angry (confidence: 0.63)
2025-12-03 17:50:51 | INFO     | emotion_calibration | Matched emotion: angry (similarity: 0.73)
2025-12-03 17:50:51 | INFO     | emotion_detector | Personalized match: angry (confidence: 0.73)
2025-12-03 17:50:53 | INFO     | emotion_detector | Detected emotion: neutral (confidence: 0.80)
2025-12-03 17:50:56 | INFO     | emotion_detector | Detected emotion: neutral (confidence: 0.99)
2025-12-03 17:50:57 | INFO     | emotion_calibration | Matched emotion: sad (similarity: 0.74)
2025-12-03 17:50:57 | INFO     | emotion_detector | Personalized match: sad (confidence: 0.74)
2025-12-03 17:50:59 | INFO     | emotion_detector | Detected emotion: fear (confidence: 1.00)
2025-12-03 17:51:02 | INFO     | emotion_calibration | Matched emotion: surprised (similarity: 0.70)
2025-12-03 17:51:02 | INFO     | emotion_detector | Personalized match: surprised (confidence: 0.70)
2025-12-03 17:51:02 | INFO     | emotion_detector | Detected emotion: sad (confidence: 0.91)
2025-12-03 17:51:05 | INFO     | emotion_detector | Detected emotion: sad (confidence: 0.98)
2025-12-03 17:51:07 | INFO     | emotion_calibration | Matched emotion: surprised (similarity: 0.61)
2025-12-03 17:51:07 | INFO     | emotion_detector | Personalized match: surprised (confidence: 0.61)
2025-12-03 17:51:08 | INFO     | emotion_detector | Detected emotion: neutral (confidence: 0.77)
2025-12-03 17:51:11 | INFO     | emotion_detector | Detected emotion: happy (confidence: 0.89)
2025-12-03 17:51:13 | INFO     | emotion_calibration | Matched emotion: surprised (similarity: 0.69)
2025-12-03 17:51:13 | INFO     | emotion_detector | Personalized match: surprised (confidence: 0.69)
2025-12-03 17:51:14 | INFO     | emotion_detector | Detected emotion: fear (confidence: 1.00)
2025-12-03 17:51:17 | INFO     | emotion_detector | Detected emotion: fear (confidence: 0.99)
2025-12-03 17:51:18 | INFO     | emotion_calibration | Matched emotion: surprised (similarity: 0.71)
2025-12-03 17:51:18 | INFO     | emotion_detector | Personalized match: surprised (confidence: 0.71)
2025-12-03 17:51:20 | INFO     | emotion_detector | Detected emotion: fear (confidence: 0.99)
2025-12-03 17:51:23 | INFO     | emotion_detector | Detected emotion: fear (confidence: 1.00)
2025-12-03 17:51:24 | INFO     | emotion_calibration | Matched emotion: surprised (similarity: 0.68)
2025-12-03 17:51:24 | INFO     | emotion_detector | Personalized match: surprised (confidence: 0.68)
2025-12-03 17:51:26 | INFO     | emotion_detector | Detected emotion: fear (confidence: 1.00)
2025-12-03 17:51:28 | WARNING  | emotion_detector | Failed to capture frame from camera
2025-12-03 17:51:29 | INFO     | emotion_calibration | Matched emotion: surprised (similarity: 0.67)
2025-12-03 17:51:29 | INFO     | emotion_detector | Personalized match: surprised (confidence: 0.67)
2025-12-03 17:51:32 | INFO     | emotion_detector | Detected emotion: fear (confidence: 0.99)
2025-12-03 17:51:35 | INFO     | emotion_calibration | Matched emotion: surprised (similarity: 0.66)
2025-12-03 17:51:35 | INFO     | emotion_detector | Personalized match: surprised (confidence: 0.66)
2025-12-03 17:51:35 | INFO     | emotion_detector | Detected emotion: fear (confidence: 1.00)
2025-12-03 17:51:38 | INFO     | emotion_detector | Detected emotion: surprise (confidence: 0.98)
2025-12-03 17:51:40 | INFO     | emotion_calibration | Matched emotion: surprised (similarity: 0.69)
2025-12-03 17:51:40 | INFO     | emotion_detector | Personalized match: surprised (confidence: 0.69)
2025-12-03 17:51:41 | INFO     | emotion_detector | Detected emotion: fear (confidence: 0.81)
2025-12-03 17:51:44 | INFO     | emotion_detector | Detected emotion: surprise (confidence: 0.94)
2025-12-03 17:51:45 | INFO     | emotion_calibration | Matched emotion: surprised (similarity: 0.68)
2025-12-03 17:51:45 | INFO     | emotion_detector | Personalized match: surprised (confidence: 0.68)
2025-12-03 17:51:47 | INFO     | emotion_detector | Detected emotion: surprise (confidence: 0.61)
2025-12-03 17:51:50 | WARNING  | emotion_detector | Failed to capture frame from camera
2025-12-03 17:51:51 | INFO     | emotion_calibration | Matched emotion: surprised (similarity: 0.68)
2025-12-03 17:51:51 | INFO     | emotion_detector | Personalized match: surprised (confidence: 0.68)
2025-12-03 17:51:53 | INFO     | emotion_detector | Detected emotion: surprise (confidence: 0.67)
2025-12-03 17:51:55 | WARNING  | emotion_detector | Failed to capture frame from camera
2025-12-03 17:51:56 | INFO     | emotion_calibration | Matched emotion: happy (similarity: 0.66)
2025-12-03 17:51:56 | INFO     | emotion_detector | Personalized match: happy (confidence: 0.66)
2025-12-03 17:51:59 | INFO     | emotion_detector | Detected emotion: neutral (confidence: 0.51)
2025-12-03 17:52:01 | WARNING  | emotion_detector | Failed to capture frame from camera
2025-12-03 17:52:01 | INFO     | emotion_detector | Detected emotion: sad (confidence: 1.00)
2025-12-03 17:52:05 | INFO     | emotion_detector | Detected emotion: angry (confidence: 0.91)
2025-12-03 17:52:06 | INFO     | emotion_calibration | Matched emotion: happy (similarity: 0.59)
2025-12-03 17:52:06 | INFO     | emotion_detector | Personalized match: happy (confidence: 0.59)
2025-12-03 17:52:07 | INFO     | emotion_detector | Detected emotion: neutral (confidence: 1.00)
2025-12-03 17:52:11 | INFO     | emotion_detector | Detected emotion: fear (confidence: 1.00)
2025-12-03 17:52:11 | INFO     | emotion_calibration | Matched emotion: surprised (similarity: 0.65)
2025-12-03 17:52:11 | INFO     | emotion_detector | Personalized match: surprised (confidence: 0.65)
2025-12-03 17:52:13 | INFO     | emotion_detector | Detected emotion: fear (confidence: 1.00)
2025-12-03 17:52:16 | WARNING  | emotion_detector | Failed to capture frame from camera
2025-12-03 17:52:17 | INFO     | emotion_calibration | Matched emotion: happy (similarity: 0.68)
2025-12-03 17:52:17 | INFO     | emotion_detector | Personalized match: happy (confidence: 0.68)
2025-12-03 17:52:19 | INFO     | emotion_detector | Detected emotion: happy (confidence: 0.90)
2025-12-03 17:52:22 | INFO     | emotion_calibration | Matched emotion: surprised (similarity: 0.65)
2025-12-03 17:52:22 | INFO     | emotion_detector | Personalized match: surprised (confidence: 0.65)
2025-12-03 17:52:22 | INFO     | emotion_detector | Detected emotion: fear (confidence: 1.00)
2025-12-03 17:52:25 | INFO     | emotion_detector | Detected emotion: fear (confidence: 1.00)
2025-12-03 17:52:27 | INFO     | emotion_calibration | Matched emotion: surprised (similarity: 0.65)
2025-12-03 17:52:27 | INFO     | emotion_detector | Personalized match: surprised (confidence: 0.65)
2025-12-03 17:52:28 | INFO     | emotion_detector | Detected emotion: neutral (confidence: 0.89)
2025-12-03 17:52:32 | INFO     | emotion_detector | Detected emotion: neutral (confidence: 1.00)
2025-12-03 17:52:33 | INFO     | emotion_calibration | Matched emotion: angry (similarity: 0.91)
2025-12-03 17:52:33 | INFO     | emotion_detector | Personalized match: angry (confidence: 0.91)
2025-12-03 17:52:34 | INFO     | emotion_detector | Detected emotion: neutral (confidence: 0.97)
2025-12-03 17:52:38 | WARNING  | emotion_detector | Failed to capture frame from camera
2025-12-03 17:52:38 | INFO     | emotion_detector | Detected emotion: surprise (confidence: 0.98)
2025-12-03 17:52:40 | INFO     | emotion_detector | Detected emotion: angry (confidence: 0.83)
2025-12-03 17:52:43 | INFO     | emotion_calibration | Matched emotion: happy (similarity: 0.76)
2025-12-03 17:52:43 | INFO     | emotion_detector | Personalized match: happy (confidence: 0.76)
2025-12-03 17:52:44 | INFO     | emotion_detector | Detected emotion: fear (confidence: 0.77)
2025-12-03 17:52:46 | INFO     | emotion_detector | Detected emotion: fear (confidence: 0.90)
2025-12-03 17:52:48 | INFO     | emotion_calibration | Matched emotion: happy (similarity: 0.78)
2025-12-03 17:52:48 | INFO     | emotion_detector | Personalized match: happy (confidence: 0.78)
2025-12-03 17:52:50 | INFO     | emotion_detector | Detected emotion: neutral (confidence: 0.92)
2025-12-03 17:52:52 | INFO     | emotion_detector | Detected emotion: neutral (confidence: 0.92)
2025-12-03 17:52:53 | INFO     | emotion_calibration | Matched emotion: happy (similarity: 0.79)
2025-12-03 17:52:53 | INFO     | emotion_detector | Personalized match: happy (confidence: 0.79)
2025-12-03 17:52:56 | INFO     | emotion_detector | Detected emotion: fear (confidence: 0.55)
2025-12-03 17:52:58 | WARNING  | emotion_detector | Failed to capture frame from camera
2025-12-03 17:52:58 | INFO     | emotion_calibration | Matched emotion: happy (similarity: 0.94)
2025-12-03 17:52:58 | INFO     | emotion_detector | Personalized match: happy (confidence: 0.94)
2025-12-03 17:53:02 | INFO     | emotion_detector | Detected emotion: angry (confidence: 0.81)
2025-12-03 17:53:03 | WARNING  | emotion_detector | Failed to capture frame from camera
2025-12-03 17:53:04 | INFO     | emotion_calibration | Matched emotion: happy (similarity: 0.70)
2025-12-03 17:53:04 | INFO     | emotion_detector | Personalized match: happy (confidence: 0.70)
2025-12-03 17:53:08 | INFO     | emotion_detector | Detected emotion: neutral (confidence: 0.97)
2025-12-03 17:53:09 | WARNING  | emotion_detector | Failed to capture frame from camera
2025-12-03 17:53:10 | INFO     | emotion_calibration | Matched emotion: happy (similarity: 0.71)
2025-12-03 17:53:10 | INFO     | emotion_detector | Personalized match: happy (confidence: 0.71)
2025-12-03 17:53:15 | WARNING  | emotion_detector | Failed to capture frame from camera
2025-12-03 17:53:16 | INFO     | emotion_calibration | Matched emotion: neutral (similarity: 0.73)
2025-12-03 17:53:16 | INFO     | emotion_detector | Personalized match: neutral (confidence: 0.73)
2025-12-03 17:53:16 | INFO     | emotion_detector | Detected emotion: neutral (confidence: 0.98)
2025-12-03 17:53:21 | WARNING  | emotion_detector | Failed to capture frame from camera
2025-12-03 17:53:21 | INFO     | emotion_detector | Detected emotion: neutral (confidence: 0.95)
2025-12-03 17:53:22 | INFO     | emotion_detector | Detected emotion: sad (confidence: 0.96)
2025-12-03 17:53:26 | INFO     | emotion_calibration | Matched emotion: neutral (similarity: 0.79)
2025-12-03 17:53:26 | INFO     | emotion_detector | Personalized match: neutral (confidence: 0.79)
2025-12-03 17:53:27 | INFO     | emotion_detector | Detected emotion: neutral (confidence: 1.00)
2025-12-03 17:53:28 | INFO     | emotion_detector | Detected emotion: neutral (confidence: 0.97)
2025-12-03 17:53:31 | INFO     | emotion_calibration | Matched emotion: happy (similarity: 0.67)
2025-12-03 17:53:31 | INFO     | emotion_detector | Personalized match: happy (confidence: 0.67)
2025-12-03 17:53:33 | INFO     | emotion_detector | Detected emotion: sad (confidence: 0.99)
2025-12-03 17:53:34 | INFO     | emotion_detector | Detected emotion: sad (confidence: 1.00)
2025-12-03 17:53:36 | INFO     | emotion_calibration | Matched emotion: happy (similarity: 0.75)
2025-12-03 17:53:36 | INFO     | emotion_detector | Personalized match: happy (confidence: 0.75)
2025-12-03 17:53:39 | INFO     | emotion_detector | Detected emotion: neutral (confidence: 0.69)
2025-12-03 17:53:40 | INFO     | emotion_detector | Detected emotion: neutral (confidence: 1.00)
2025-12-03 17:53:42 | INFO     | emotion_calibration | Matched emotion: neutral (similarity: 0.71)
2025-12-03 17:53:42 | INFO     | emotion_detector | Personalized match: neutral (confidence: 0.71)
2025-12-03 17:53:45 | INFO     | emotion_detector | Detected emotion: fear (confidence: 0.59)
2025-12-03 17:53:47 | INFO     | emotion_detector | Detected emotion: happy (confidence: 0.69)
2025-12-03 17:53:47 | INFO     | emotion_calibration | Matched emotion: happy (similarity: 0.83)
2025-12-03 17:53:47 | INFO     | emotion_detector | Personalized match: happy (confidence: 0.83)
2025-12-03 17:53:52 | INFO     | emotion_detector | Detected emotion: neutral (confidence: 0.56)
2025-12-03 17:53:52 | WARNING  | emotion_detector | Failed to capture frame from camera
2025-12-03 17:53:53 | INFO     | emotion_calibration | Matched emotion: neutral (similarity: 0.74)
2025-12-03 17:53:53 | INFO     | emotion_detector | Personalized match: neutral (confidence: 0.74)
2025-12-03 17:53:58 | WARNING  | emotion_detector | Failed to capture frame from camera
2025-12-03 17:53:59 | INFO     | emotion_calibration | Matched emotion: neutral (similarity: 0.87)
2025-12-03 17:53:59 | INFO     | emotion_detector | Personalized match: neutral (confidence: 0.87)
2025-12-03 17:53:59 | INFO     | emotion_detector | Detected emotion: neutral (confidence: 1.00)
2025-12-03 17:54:04 | WARNING  | emotion_detector | Failed to capture frame from camera
2025-12-03 17:54:04 | INFO     | emotion_detector | Detected emotion: neutral (confidence: 1.00)
2025-12-03 17:54:05 | INFO     | emotion_detector | Detected emotion: neutral (confidence: 1.00)
2025-12-03 17:54:09 | INFO     | emotion_calibration | Matched emotion: happy (similarity: 0.71)
2025-12-03 17:54:09 | INFO     | emotion_detector | Personalized match: happy (confidence: 0.71)
2025-12-03 17:54:10 | INFO     | emotion_detector | Detected emotion: fear (confidence: 0.63)
2025-12-03 17:54:11 | INFO     | emotion_detector | Detected emotion: fear (confidence: 0.95)
2025-12-03 17:54:14 | INFO     | emotion_calibration | Matched emotion: sad (similarity: 0.78)
2025-12-03 17:54:14 | INFO     | emotion_detector | Personalized match: sad (confidence: 0.78)
2025-12-03 17:54:16 | INFO     | emotion_detector | Detected emotion: neutral (confidence: 0.82)
2025-12-03 17:54:17 | INFO     | emotion_detector | Detected emotion: sad (confidence: 0.47)
2025-12-03 17:54:23 | INFO     | emotion_detector | Detected emotion: angry (confidence: 0.89)
2025-12-03 17:54:29 | INFO     | emotion_detector | Detected emotion: happy (confidence: 0.73)
2025-12-03 17:54:29 | INFO     | emotion_detector | Background emotion monitoring started
2025-12-03 17:54:29 | INFO     | app | Background emotion monitor started
2025-12-03 17:54:29 | INFO     | conversation_memory | Database initialized successfully
2025-12-03 17:54:29 | INFO     | app | Database and audio directory initialized
2025-12-03 17:54:29 | INFO     | app | ROOMie Backend v3.0 starting...
2025-12-03 17:54:29 | INFO     | app | Server: http://127.0.0.1:5000
2025-12-03 17:54:29 | INFO     | app | WebSocket: ws://127.0.0.1:5000
2025-12-03 17:54:33 | INFO     | emotion_detector | Detected emotion: sad (confidence: 0.91)
2025-12-03 17:54:33 | INFO     | emotion_detector | Background emotion monitoring started
2025-12-03 17:54:33 | INFO     | emotion_detector | Emotion monitor updated for user: 1
2025-12-03 17:54:33 | INFO     | tts_output | Generating TTS with voice 'nova' for tone 'cheerful' (speed: 1.0)
2025-12-03 17:54:35 | INFO     | emotion_detector | Detected emotion: neutral (confidence: 0.95)
2025-12-03 17:54:36 | INFO     | tts_output | TTS audio saved: C:\Users\SHIVANSH\Desktop\ROOMie\backend\audio\tmp09pv9uk3.mp3
2025-12-03 17:54:36 | INFO     | app | ROOMie backend ready
2025-12-03 17:54:36 | INFO     | emotion_detector | Detected emotion: neutral (confidence: 0.85)
2025-12-03 17:54:38 | INFO     | emotion_detector | Detected emotion: neutral (confidence: 0.88)
2025-12-03 17:54:41 | INFO     | emotion_detector | Detected emotion: neutral (confidence: 0.66)
2025-12-03 17:54:45 | INFO     | emotion_detector | Detected emotion: surprise (confidence: 0.99)
2025-12-03 17:54:45 | INFO     | emotion_calibration | Matched emotion: neutral (similarity: 0.88)
2025-12-03 17:54:45 | INFO     | emotion_detector | Personalized match: neutral (confidence: 0.88)
2025-12-03 17:54:47 | INFO     | emotion_detector | Detected emotion: angry (confidence: 0.49)
2025-12-03 17:54:53 | INFO     | emotion_detector | Detected emotion: neutral (confidence: 0.97)
2025-12-03 17:54:58 | INFO     | emotion_detector | Background emotion monitoring started
2025-12-03 17:54:58 | INFO     | app | Background emotion monitor started
2025-12-03 17:54:58 | INFO     | conversation_memory | Database initialized successfully
2025-12-03 17:54:58 | INFO     | app | Database and audio directory initialized
2025-12-03 17:54:58 | INFO     | app | ROOMie Backend v3.0 starting...
2025-12-03 17:54:58 | INFO     | app | Server: http://127.0.0.1:5000
2025-12-03 17:54:58 | INFO     | app | WebSocket: ws://127.0.0.1:5000
2025-12-03 17:54:59 | INFO     | emotion_detector | Detected emotion: fear (confidence: 0.86)
2025-12-03 17:55:02 | INFO     | emotion_detector | Detected emotion: neutral (confidence: 1.00)
2025-12-03 17:55:02 | INFO     | emotion_detector | Background emotion monitoring started
2025-12-03 17:55:02 | INFO     | emotion_detector | Emotion monitor updated for user: 1
2025-12-03 17:55:02 | INFO     | tts_output | Generating TTS with voice 'nova' for tone 'cheerful' (speed: 1.0)
2025-12-03 17:55:05 | INFO     | emotion_detector | Detected emotion: angry (confidence: 0.58)
2025-12-03 17:55:05 | INFO     | emotion_detector | Detected emotion: angry (confidence: 0.89)
2025-12-03 17:55:06 | INFO     | tts_output | TTS audio saved: C:\Users\SHIVANSH\Desktop\ROOMie\backend\audio\tmp1k5jb1am.mp3
2025-12-03 17:55:06 | INFO     | app | ROOMie backend ready
2025-12-03 17:55:08 | INFO     | emotion_detector | Detected emotion: neutral (confidence: 0.90)
2025-12-03 17:55:12 | INFO     | emotion_detector | Detected emotion: neutral (confidence: 1.00)
2025-12-03 17:55:18 | INFO     | emotion_detector | Detected emotion: neutral (confidence: 1.00)
2025-12-03 17:55:23 | INFO     | emotion_detector | Background emotion monitoring started
2025-12-03 17:55:23 | INFO     | app | Background emotion monitor started
2025-12-03 17:55:23 | INFO     | conversation_memory | Database initialized successfully
2025-12-03 17:55:23 | INFO     | app | Database and audio directory initialized
2025-12-03 17:55:23 | INFO     | app | ROOMie Backend v3.0 starting...
2025-12-03 17:55:23 | INFO     | app | Server: http://127.0.0.1:5000
2025-12-03 17:55:23 | INFO     | app | WebSocket: ws://127.0.0.1:5000
2025-12-03 17:55:24 | INFO     | emotion_detector | Detected emotion: sad (confidence: 0.57)
2025-12-03 17:55:26 | INFO     | emotion_detector | Detected emotion: angry (confidence: 0.84)
2025-12-03 17:55:27 | INFO     | emotion_detector | Background emotion monitoring started
2025-12-03 17:55:27 | INFO     | emotion_detector | Emotion monitor updated for user: 1
2025-12-03 17:55:27 | INFO     | tts_output | Generating TTS with voice 'nova' for tone 'cheerful' (speed: 1.0)
2025-12-03 17:55:29 | INFO     | tts_output | TTS audio saved: C:\Users\SHIVANSH\Desktop\ROOMie\backend\audio\tmp2vfow15r.mp3
2025-12-03 17:55:29 | INFO     | app | ROOMie backend ready
2025-12-03 17:55:30 | INFO     | emotion_detector | Detected emotion: neutral (confidence: 0.91)
2025-12-03 17:55:30 | INFO     | emotion_detector | Detected emotion: surprise (confidence: 0.42)
2025-12-03 17:55:32 | INFO     | emotion_detector | Detected emotion: neutral (confidence: 1.00)
2025-12-03 17:55:37 | INFO     | emotion_detector | Detected emotion: neutral (confidence: 0.99)
2025-12-03 17:55:39 | INFO     | emotion_detector | Background emotion monitoring stopped
2025-12-03 17:55:39 | INFO     | emotion_detector | Background emotion monitoring started
2025-12-03 17:55:39 | INFO     | emotion_detector | Emotion monitor updated for user: 1
2025-12-03 17:55:40 | INFO     | emotion_detector | Detected emotion: neutral (confidence: 0.54)
2025-12-03 17:55:40 | INFO     | emotion_calibration | Matched emotion: neutral (similarity: 0.77)
2025-12-03 17:55:40 | INFO     | emotion_detector | Personalized match: neutral (confidence: 0.77)
2025-12-03 17:55:42 | INFO     | emotion_detector | Detected emotion: sad (confidence: 0.74)
2025-12-03 17:55:43 | INFO     | emotion_detector | Detected emotion: sad (confidence: 0.67)
2025-12-03 17:55:46 | INFO     | emotion_detector | Detected emotion: angry (confidence: 0.51)
2025-12-03 17:55:47 | INFO     | emotion_calibration | Matched emotion: sad (similarity: 0.71)
2025-12-03 17:55:47 | INFO     | emotion_detector | Personalized match: sad (confidence: 0.71)
2025-12-03 17:55:49 | INFO     | emotion_detector | Detected emotion: angry (confidence: 0.93)
2025-12-03 17:55:52 | INFO     | emotion_detector | Detected emotion: fear (confidence: 0.98)
2025-12-03 17:55:53 | INFO     | emotion_calibration | Matched emotion: surprised (similarity: 0.65)
2025-12-03 17:55:53 | INFO     | emotion_detector | Personalized match: surprised (confidence: 0.65)
2025-12-03 17:55:55 | INFO     | emotion_detector | Detected emotion: happy (confidence: 0.99)
2025-12-03 17:55:57 | WARNING  | emotion_detector | Failed to capture frame from camera
2025-12-03 17:55:58 | INFO     | emotion_detector | Detected emotion: happy (confidence: 0.82)
2025-12-03 17:56:01 | INFO     | emotion_detector | Detected emotion: neutral (confidence: 0.99)
2025-12-03 17:56:03 | INFO     | emotion_calibration | Matched emotion: sad (similarity: 0.76)
2025-12-03 17:56:03 | INFO     | emotion_detector | Personalized match: sad (confidence: 0.76)
2025-12-03 17:56:04 | INFO     | emotion_detector | Detected emotion: neutral (confidence: 0.97)
2025-12-03 17:56:10 | INFO     | emotion_detector | Bias correction: Switched from fear/sad to neutral (neutral score: 0.40)
2025-12-03 17:56:10 | INFO     | emotion_detector | Detected emotion: neutral (confidence: 0.40)
2025-12-03 17:56:12 | INFO     | emotion_calibration | Matched emotion: neutral (similarity: 0.80)
2025-12-03 17:56:12 | INFO     | emotion_detector | Personalized match: neutral (confidence: 0.80)
2025-12-03 17:56:13 | INFO     | emotion_detector | Detected emotion: angry (confidence: 0.35)
2025-12-03 17:56:18 | INFO     | emotion_detector | Detected emotion: neutral (confidence: 0.99)
2025-12-03 17:56:20 | INFO     | emotion_calibration | Matched emotion: neutral (similarity: 0.78)
2025-12-03 17:56:20 | INFO     | emotion_detector | Personalized match: neutral (confidence: 0.78)
2025-12-03 17:56:21 | INFO     | emotion_detector | Detected emotion: fear (confidence: 0.93)
2025-12-03 17:56:28 | INFO     | emotion_detector | Detected emotion: neutral (confidence: 1.00)
2025-12-03 17:56:28 | INFO     | emotion_detector | Background emotion monitoring stopped
2025-12-03 17:56:28 | INFO     | emotion_detector | Background emotion monitoring started
2025-12-03 17:56:29 | INFO     | emotion_calibration | Matched emotion: neutral (similarity: 0.69)
2025-12-03 17:56:29 | INFO     | emotion_detector | Personalized match: neutral (confidence: 0.69)
2025-12-03 17:56:30 | INFO     | emotion_detector | Detected emotion: neutral (confidence: 0.99)
2025-12-03 17:56:33 | INFO     | emotion_detector | Detected emotion: neutral (confidence: 0.95)
2025-12-03 17:56:34 | INFO     | emotion_detector | Emotion monitor updated for user: 1
2025-12-03 17:56:36 | INFO     | emotion_detector | Detected emotion: neutral (confidence: 0.96)
2025-12-03 17:56:38 | WARNING  | emotion_detector | Failed to capture frame from camera
2025-12-03 17:56:40 | WARNING  | emotion_detector | Failed to capture frame from camera
2025-12-03 17:56:43 | WARNING  | emotion_detector | Failed to capture frame from camera
2025-12-03 17:56:45 | WARNING  | emotion_detector | Failed to capture frame from camera
2025-12-03 17:56:46 | WARNING  | emotion_detector | Failed to capture frame from camera
2025-12-03 17:56:52 | WARNING  | emotion_detector | Failed to capture frame from camera
2025-12-03 17:56:52 | INFO     | voice_tone | Voice tone analysis: neutral (confidence: 0.50)
2025-12-03 17:56:53 | WARNING  | emotion_detector | Failed to capture frame from camera
2025-12-03 17:56:53 | WARNING  | emotion_detector | Failed to capture frame from camera
2025-12-03 17:56:53 | INFO     | ai_core | AI response generated: Hey! I'm doing well, thanks for asking! How about ...
2025-12-03 17:56:53 | INFO     | tts_output | Generating TTS with voice 'nova' for tone 'neutral' (speed: 1.0)
2025-12-03 17:56:56 | INFO     | tts_output | TTS audio saved: C:\Users\SHIVANSH\Desktop\ROOMie\backend\audio\tmp44hu5cru.mp3
2025-12-03 17:57:01 | INFO     | emotion_detector | Detected emotion: sad (confidence: 0.64)
2025-12-03 17:57:03 | INFO     | emotion_calibration | Matched emotion: happy (similarity: 0.66)
2025-12-03 17:57:03 | INFO     | emotion_detector | Personalized match: happy (confidence: 0.66)
2025-12-03 17:57:03 | INFO     | emotion_detector | Detected emotion: sad (confidence: 0.66)
2025-12-03 17:57:07 | INFO     | voice_commands | Detected command: open_game_center with params: {}
2025-12-03 17:57:12 | INFO     | emotion_detector | Bias correction: Switched from fear/sad to neutral (neutral score: 0.27)
2025-12-03 17:57:12 | INFO     | emotion_detector | Detected emotion: neutral (confidence: 0.27)
2025-12-03 17:57:14 | INFO     | emotion_detector | Detected emotion: fear (confidence: 0.55)
2025-12-03 17:57:14 | INFO     | emotion_calibration | Matched emotion: sad (similarity: 0.58)
2025-12-03 17:57:14 | INFO     | emotion_detector | Personalized match: sad (confidence: 0.58)
2025-12-03 17:57:14 | INFO     | voice_commands | Detected command: start_game_rapid_fire with params: {}
2025-12-03 17:57:21 | INFO     | emotion_detector | Detected emotion: neutral (confidence: 0.53)
2025-12-03 17:57:23 | INFO     | emotion_detector | Detected emotion: sad (confidence: 0.67)
2025-12-03 17:57:24 | INFO     | emotion_calibration | Matched emotion: angry (similarity: 0.86)
2025-12-03 17:57:24 | INFO     | emotion_detector | Personalized match: angry (confidence: 0.86)
2025-12-03 17:57:24 | INFO     | voice_tone | Voice tone analysis: angry (confidence: 0.67)
2025-12-03 17:57:26 | INFO     | ai_core | AI response generated: That's okay! If there’s something specific on your...
2025-12-03 17:57:26 | INFO     | tts_output | Generating TTS with voice 'nova' for tone 'sad' (speed: 0.85)
2025-12-03 17:57:31 | INFO     | emotion_detector | Detected emotion: fear (confidence: 0.98)
2025-12-03 17:57:33 | INFO     | emotion_detector | Detected emotion: fear (confidence: 0.91)
2025-12-03 17:57:34 | INFO     | emotion_calibration | Matched emotion: happy (similarity: 0.64)
2025-12-03 17:57:34 | INFO     | emotion_detector | Personalized match: happy (confidence: 0.64)
2025-12-03 17:57:36 | INFO     | tts_output | TTS audio saved: C:\Users\SHIVANSH\Desktop\ROOMie\backend\audio\tmp81iubow8.mp3
2025-12-03 17:57:40 | INFO     | emotion_detector | Bias correction: Switched from fear/sad to neutral (neutral score: 0.49)
2025-12-03 17:57:40 | INFO     | emotion_detector | Detected emotion: neutral (confidence: 0.49)
2025-12-03 17:57:42 | WARNING  | emotion_detector | Failed to capture frame from camera
2025-12-03 17:57:42 | INFO     | emotion_detector | Detected emotion: fear (confidence: 0.92)
2025-12-03 17:57:50 | INFO     | emotion_detector | Detected emotion: fear (confidence: 0.98)
2025-12-03 17:57:51 | INFO     | emotion_calibration | Matched emotion: surprised (similarity: 0.67)
2025-12-03 17:57:51 | INFO     | emotion_detector | Personalized match: surprised (confidence: 0.67)
2025-12-03 17:57:51 | INFO     | emotion_detector | Detected emotion: sad (confidence: 0.97)
2025-12-03 17:57:52 | INFO     | voice_commands | Detected command: show_stats with params: {}
2025-12-03 17:58:00 | INFO     | voice_tone | Voice tone analysis: neutral (confidence: 0.50)
2025-12-03 17:58:01 | INFO     | emotion_detector | Detected emotion: angry (confidence: 1.00)
2025-12-03 17:58:02 | INFO     | ai_core | AI response generated: Sure! Your recent emotion summary shows that you’v...
2025-12-03 17:58:02 | INFO     | tts_output | Generating TTS with voice 'nova' for tone 'neutral' (speed: 1.0)
2025-12-03 17:58:02 | INFO     | emotion_detector | Detected emotion: angry (confidence: 0.71)
2025-12-03 17:58:02 | INFO     | emotion_calibration | Matched emotion: happy (similarity: 0.64)
2025-12-03 17:58:02 | INFO     | emotion_detector | Personalized match: happy (confidence: 0.64)
2025-12-03 17:58:09 | INFO     | tts_output | TTS audio saved: C:\Users\SHIVANSH\Desktop\ROOMie\backend\audio\tmp92afqvzz.mp3
2025-12-03 17:58:12 | INFO     | emotion_detector | Detected emotion: sad (confidence: 0.90)
2025-12-03 17:58:14 | INFO     | emotion_detector | Detected emotion: sad (confidence: 0.98)
2025-12-03 17:58:14 | INFO     | emotion_calibration | Matched emotion: surprised (similarity: 0.68)
2025-12-03 17:58:14 | INFO     | emotion_detector | Personalized match: surprised (confidence: 0.68)
2025-12-03 17:58:23 | INFO     | emotion_detector | Detected emotion: happy (confidence: 0.72)
2025-12-03 17:58:25 | INFO     | emotion_detector | Detected emotion: neutral (confidence: 0.52)
2025-12-03 17:58:25 | INFO     | emotion_calibration | Matched emotion: neutral (similarity: 0.61)
2025-12-03 17:58:25 | INFO     | emotion_detector | Personalized match: neutral (confidence: 0.61)
2025-12-03 17:58:33 | INFO     | emotion_detector | Detected emotion: sad (confidence: 0.80)
2025-12-03 17:58:34 | WARNING  | emotion_detector | Failed to capture frame from camera
2025-12-03 17:58:34 | INFO     | emotion_detector | Detected emotion: sad (confidence: 0.54)
2025-12-03 17:58:39 | INFO     | voice_commands | Detected command: close_generic with params: {'target': 'analytics'}
2025-12-03 17:58:44 | INFO     | emotion_detector | Detected emotion: neutral (confidence: 0.85)
2025-12-03 17:58:44 | INFO     | emotion_calibration | Matched emotion: neutral (similarity: 0.78)
2025-12-03 17:58:44 | INFO     | emotion_detector | Personalized match: neutral (confidence: 0.78)
2025-12-03 17:58:45 | INFO     | emotion_detector | Detected emotion: neutral (confidence: 0.77)
2025-12-03 17:58:53 | INFO     | emotion_detector | Detected emotion: neutral (confidence: 0.99)
2025-12-03 17:58:53 | INFO     | emotion_calibration | Matched emotion: sad (similarity: 0.73)
2025-12-03 17:58:53 | INFO     | emotion_detector | Personalized match: sad (confidence: 0.73)
2025-12-03 17:58:54 | INFO     | emotion_detector | Detected emotion: neutral (confidence: 0.87)
2025-12-03 17:59:02 | INFO     | emotion_calibration | Matched emotion: happy (similarity: 0.82)
2025-12-03 17:59:02 | INFO     | emotion_detector | Personalized match: happy (confidence: 0.82)
2025-12-03 17:59:02 | INFO     | emotion_detector | Detected emotion: happy (confidence: 0.63)
2025-12-03 17:59:03 | INFO     | emotion_detector | Detected emotion: neutral (confidence: 0.81)
2025-12-03 17:59:12 | INFO     | emotion_calibration | Matched emotion: happy (similarity: 0.89)
2025-12-03 17:59:12 | INFO     | emotion_detector | Personalized match: happy (confidence: 0.89)
2025-12-03 17:59:13 | INFO     | emotion_detector | Detected emotion: happy (confidence: 1.00)
2025-12-03 17:59:14 | INFO     | emotion_detector | Detected emotion: happy (confidence: 1.00)
2025-12-03 17:59:22 | INFO     | emotion_calibration | Matched emotion: happy (similarity: 0.76)
2025-12-03 17:59:22 | INFO     | emotion_detector | Personalized match: happy (confidence: 0.76)
2025-12-03 17:59:23 | INFO     | emotion_detector | Detected emotion: neutral (confidence: 0.90)
2025-12-03 17:59:23 | INFO     | emotion_detector | Detected emotion: neutral (confidence: 0.98)
2025-12-03 17:59:29 | INFO     | emotion_calibration | Matched emotion: angry (similarity: 0.81)
2025-12-03 17:59:29 | INFO     | emotion_detector | Personalized match: angry (confidence: 0.81)
2025-12-03 17:59:31 | INFO     | emotion_detector | Detected emotion: neutral (confidence: 1.00)
2025-12-03 17:59:33 | INFO     | emotion_detector | Detected emotion: neutral (confidence: 0.99)
2025-12-03 17:59:38 | INFO     | emotion_calibration | Matched emotion: angry (similarity: 0.76)
2025-12-03 17:59:38 | INFO     | emotion_detector | Personalized match: angry (confidence: 0.76)
2025-12-03 17:59:40 | INFO     | emotion_detector | Detected emotion: neutral (confidence: 1.00)
2025-12-03 17:59:42 | INFO     | emotion_detector | Detected emotion: neutral (confidence: 1.00)
2025-12-03 17:59:47 | INFO     | emotion_calibration | Matched emotion: happy (similarity: 0.71)
2025-12-03 17:59:47 | INFO     | emotion_detector | Personalized match: happy (confidence: 0.71)
2025-12-03 17:59:49 | INFO     | emotion_detector | Detected emotion: sad (confidence: 0.48)
2025-12-03 17:59:51 | INFO     | emotion_detector | Detected emotion: neutral (confidence: 1.00)
2025-12-03 17:59:53 | INFO     | emotion_detector | Background emotion monitoring stopped
2025-12-03 17:59:53 | INFO     | emotion_detector | Background emotion monitoring started
2025-12-03 17:59:54 | INFO     | emotion_calibration | Matched emotion: sad (similarity: 0.79)
2025-12-03 17:59:54 | INFO     | emotion_detector | Personalized match: sad (confidence: 0.79)
2025-12-03 17:59:58 | INFO     | emotion_detector | Detected emotion: neutral (confidence: 0.99)
2025-12-03 17:59:59 | INFO     | emotion_detector | Detected emotion: happy (confidence: 0.78)
2025-12-03 17:59:59 | INFO     | emotion_detector | Detected emotion: neutral (confidence: 0.97)
2025-12-03 18:00:00 | INFO     | emotion_detector | Emotion monitor updated for user: 1
2025-12-03 18:00:06 | WARNING  | emotion_detector | Failed to capture frame from camera
2025-12-03 18:00:06 | WARNING  | emotion_detector | Failed to capture frame from camera
2025-12-03 18:00:08 | WARNING  | emotion_detector | Failed to capture frame from camera
2025-12-03 18:00:13 | WARNING  | emotion_detector | Failed to capture frame from camera
2025-12-03 18:00:14 | WARNING  | emotion_detector | Failed to capture frame from camera
2025-12-03 18:00:15 | WARNING  | emotion_detector | Failed to capture frame from camera
2025-12-03 18:00:21 | INFO     | emotion_calibration | Matched emotion: neutral (similarity: 0.63)
2025-12-03 18:00:21 | INFO     | emotion_detector | Personalized match: neutral (confidence: 0.63)
2025-12-03 18:00:22 | INFO     | voice_tone | Voice tone analysis: angry (confidence: 0.67)
2025-12-03 18:00:22 | INFO     | emotion_detector | Detected emotion: neutral (confidence: 0.97)
2025-12-03 18:00:24 | INFO     | emotion_detector | Detected emotion: neutral (confidence: 1.00)
2025-12-03 18:00:25 | INFO     | ai_core | AI response generated: It seems like you might be looking for something s...
2025-12-03 18:00:25 | INFO     | tts_output | Generating TTS with voice 'nova' for tone 'neutral' (speed: 1.0)
2025-12-03 18:00:29 | INFO     | emotion_calibration | Matched emotion: neutral (similarity: 0.70)
2025-12-03 18:00:29 | INFO     | emotion_detector | Personalized match: neutral (confidence: 0.70)
2025-12-03 18:00:31 | INFO     | emotion_detector | Detected emotion: sad (confidence: 0.55)
2025-12-03 18:00:32 | INFO     | tts_output | TTS audio saved: C:\Users\SHIVANSH\Desktop\ROOMie\backend\audio\tmpjoqtywe6.mp3
2025-12-03 18:00:32 | INFO     | emotion_detector | Detected emotion: neutral (confidence: 0.97)
2025-12-03 18:00:37 | INFO     | emotion_calibration | Matched emotion: happy (similarity: 0.65)
2025-12-03 18:00:37 | INFO     | emotion_detector | Personalized match: happy (confidence: 0.65)
2025-12-03 18:00:39 | INFO     | emotion_detector | Detected emotion: neutral (confidence: 1.00)
2025-12-03 18:00:40 | INFO     | emotion_detector | Detected emotion: neutral (confidence: 0.99)
2025-12-03 18:00:45 | INFO     | emotion_calibration | Matched emotion: sad (similarity: 0.71)
2025-12-03 18:00:45 | INFO     | emotion_detector | Personalized match: sad (confidence: 0.71)
2025-12-03 18:00:47 | INFO     | emotion_detector | Detected emotion: neutral (confidence: 0.99)
2025-12-03 18:00:49 | INFO     | emotion_detector | Detected emotion: angry (confidence: 0.49)
2025-12-03 18:00:53 | INFO     | emotion_calibration | Matched emotion: sad (similarity: 0.76)
2025-12-03 18:00:53 | INFO     | emotion_detector | Personalized match: sad (confidence: 0.76)
2025-12-03 18:00:54 | INFO     | voice_tone | Voice tone analysis: neutral (confidence: 0.50)
2025-12-03 18:00:55 | INFO     | ai_core | AI response generated: I’m doing well, thank you! And I hope you’re findi...
2025-12-03 18:00:55 | INFO     | tts_output | Generating TTS with voice 'nova' for tone 'sad' (speed: 0.85)
2025-12-03 18:00:56 | INFO     | emotion_detector | Detected emotion: happy (confidence: 0.74)
2025-12-03 18:00:57 | INFO     | emotion_detector | Detected emotion: happy (confidence: 1.00)
2025-12-03 18:00:59 | INFO     | tts_output | TTS audio saved: C:\Users\SHIVANSH\Desktop\ROOMie\backend\audio\tmpnex9ykub.mp3
2025-12-03 18:01:02 | INFO     | emotion_calibration | Matched emotion: happy (similarity: 0.65)
2025-12-03 18:01:02 | INFO     | emotion_detector | Personalized match: happy (confidence: 0.65)
2025-12-03 18:01:05 | INFO     | emotion_detector | Detected emotion: neutral (confidence: 0.97)
2025-12-03 18:01:06 | INFO     | emotion_detector | Detected emotion: neutral (confidence: 0.93)
2025-12-03 18:01:10 | INFO     | emotion_calibration | Matched emotion: neutral (similarity: 0.78)
2025-12-03 18:01:10 | INFO     | emotion_detector | Personalized match: neutral (confidence: 0.78)
2025-12-03 18:01:15 | INFO     | emotion_detector | Detected emotion: sad (confidence: 1.00)
2025-12-03 18:01:15 | INFO     | voice_tone | Voice tone analysis: neutral (confidence: 0.50)
2025-12-03 18:01:15 | INFO     | emotion_detector | Detected emotion: sad (confidence: 1.00)
2025-12-03 18:01:17 | INFO     | ai_core | AI response generated: It sounds like you're thinking about financial sup...
2025-12-03 18:01:17 | INFO     | tts_output | Generating TTS with voice 'nova' for tone 'neutral' (speed: 1.0)
2025-12-03 18:01:19 | INFO     | emotion_calibration | Matched emotion: happy (similarity: 0.71)
2025-12-03 18:01:19 | INFO     | emotion_detector | Personalized match: happy (confidence: 0.71)
2025-12-03 18:01:21 | INFO     | tts_output | TTS audio saved: C:\Users\SHIVANSH\Desktop\ROOMie\backend\audio\tmpby8svhy6.mp3
2025-12-03 18:01:24 | INFO     | emotion_detector | Detected emotion: neutral (confidence: 1.00)
2025-12-03 18:01:24 | INFO     | emotion_detector | Detected emotion: neutral (confidence: 0.73)
2025-12-03 18:01:27 | INFO     | emotion_calibration | Matched emotion: happy (similarity: 0.66)
2025-12-03 18:01:27 | INFO     | emotion_detector | Personalized match: happy (confidence: 0.66)
2025-12-03 18:01:33 | INFO     | emotion_detector | Detected emotion: neutral (confidence: 0.94)
2025-12-03 18:01:34 | INFO     | emotion_detector | Detected emotion: neutral (confidence: 1.00)
2025-12-03 18:01:36 | INFO     | emotion_calibration | Matched emotion: neutral (similarity: 0.63)
2025-12-03 18:01:36 | INFO     | emotion_detector | Personalized match: neutral (confidence: 0.63)
2025-12-03 18:01:43 | INFO     | voice_commands | Detected command: show_stats with params: {}
2025-12-03 18:01:43 | INFO     | emotion_detector | Detected emotion: neutral (confidence: 1.00)
2025-12-03 18:01:44 | INFO     | emotion_detector | Detected emotion: neutral (confidence: 1.00)
2025-12-03 18:01:46 | INFO     | emotion_calibration | Matched emotion: neutral (similarity: 0.76)
2025-12-03 18:01:46 | INFO     | emotion_detector | Personalized match: neutral (confidence: 0.76)
2025-12-03 18:01:48 | INFO     | voice_tone | Voice tone analysis: neutral (confidence: 0.50)
2025-12-03 18:01:51 | INFO     | ai_core | AI response generated: I'm here with you! What would you like to talk abo...
2025-12-03 18:01:51 | INFO     | tts_output | Generating TTS with voice 'nova' for tone 'neutral' (speed: 1.0)
2025-12-03 18:01:53 | INFO     | tts_output | TTS audio saved: C:\Users\SHIVANSH\Desktop\ROOMie\backend\audio\tmpwmse3c6s.mp3
2025-12-03 18:01:54 | INFO     | emotion_detector | Detected emotion: neutral (confidence: 1.00)
2025-12-03 18:01:55 | INFO     | emotion_detector | Detected emotion: neutral (confidence: 0.90)
2025-12-03 18:01:57 | INFO     | emotion_calibration | Matched emotion: angry (similarity: 0.88)
2025-12-03 18:01:57 | INFO     | emotion_detector | Personalized match: angry (confidence: 0.88)
2025-12-03 18:02:05 | INFO     | emotion_detector | Detected emotion: neutral (confidence: 0.98)
2025-12-03 18:02:07 | INFO     | emotion_detector | Detected emotion: neutral (confidence: 0.75)
2025-12-03 18:02:08 | INFO     | voice_commands | Detected command: explain_analytics with params: {}
2025-12-03 18:02:09 | INFO     | emotion_calibration | Matched emotion: sad (similarity: 0.71)
2025-12-03 18:02:09 | INFO     | emotion_detector | Personalized match: sad (confidence: 0.71)
2025-12-03 18:02:16 | INFO     | emotion_detector | Detected emotion: neutral (confidence: 1.00)
2025-12-03 18:02:18 | INFO     | emotion_detector | Detected emotion: neutral (confidence: 1.00)
2025-12-03 18:02:19 | INFO     | emotion_calibration | Matched emotion: sad (similarity: 0.62)
2025-12-03 18:02:19 | INFO     | emotion_detector | Personalized match: sad (confidence: 0.62)
2025-12-03 18:02:24 | INFO     | emotion_detector | Detected emotion: neutral (confidence: 1.00)
2025-12-03 18:02:25 | WARNING  | emotion_detector | Failed to capture frame from camera
2025-12-03 18:02:26 | INFO     | emotion_calibration | Matched emotion: neutral (similarity: 0.77)
2025-12-03 18:02:26 | INFO     | emotion_detector | Personalized match: neutral (confidence: 0.77)
2025-12-03 18:02:35 | INFO     | emotion_detector | Detected emotion: neutral (confidence: 1.00)
2025-12-03 18:02:35 | WARNING  | emotion_detector | Failed to capture frame from camera
2025-12-03 18:02:36 | INFO     | emotion_detector | Detected emotion: neutral (confidence: 1.00)
2025-12-03 18:02:45 | INFO     | emotion_detector | Detected emotion: neutral (confidence: 1.00)
2025-12-03 18:02:45 | INFO     | emotion_calibration | Matched emotion: sad (similarity: 0.79)
2025-12-03 18:02:45 | INFO     | emotion_detector | Personalized match: sad (confidence: 0.79)
2025-12-03 18:02:45 | INFO     | emotion_detector | Detected emotion: neutral (confidence: 1.00)
2025-12-03 18:02:53 | INFO     | emotion_calibration | Matched emotion: neutral (similarity: 0.75)
2025-12-03 18:02:53 | INFO     | emotion_detector | Personalized match: neutral (confidence: 0.75)
2025-12-03 18:02:53 | INFO     | emotion_detector | Detected emotion: neutral (confidence: 1.00)
2025-12-03 18:02:54 | INFO     | emotion_detector | Detected emotion: happy (confidence: 0.92)
2025-12-03 18:02:58 | INFO     | emotion_calibration | Matched emotion: happy (similarity: 0.68)
2025-12-03 18:02:58 | INFO     | emotion_detector | Personalized match: happy (confidence: 0.68)
2025-12-03 18:02:59 | INFO     | emotion_detector | Detected emotion: happy (confidence: 0.96)
2025-12-03 18:03:00 | INFO     | emotion_detector | Detected emotion: fear (confidence: 0.95)
2025-12-03 18:03:03 | INFO     | emotion_calibration | Matched emotion: happy (similarity: 0.70)
2025-12-03 18:03:03 | INFO     | emotion_detector | Personalized match: happy (confidence: 0.70)
2025-12-03 18:03:05 | INFO     | emotion_detector | Detected emotion: angry (confidence: 0.84)
2025-12-03 18:03:06 | INFO     | emotion_detector | Detected emotion: neutral (confidence: 0.80)
2025-12-03 18:03:08 | INFO     | emotion_calibration | Matched emotion: neutral (similarity: 0.62)
2025-12-03 18:03:08 | INFO     | emotion_detector | Personalized match: neutral (confidence: 0.62)
2025-12-03 18:03:11 | INFO     | emotion_detector | Detected emotion: neutral (confidence: 0.92)
2025-12-03 18:03:12 | INFO     | emotion_detector | Detected emotion: neutral (confidence: 1.00)
2025-12-03 18:03:14 | INFO     | emotion_calibration | Matched emotion: sad (similarity: 0.79)
2025-12-03 18:03:14 | INFO     | emotion_detector | Personalized match: sad (confidence: 0.79)
2025-12-03 18:03:17 | INFO     | emotion_detector | Detected emotion: angry (confidence: 0.79)
2025-12-03 18:03:18 | INFO     | emotion_detector | Detected emotion: angry (confidence: 0.97)
2025-12-03 18:03:19 | INFO     | emotion_calibration | Matched emotion: surprised (similarity: 0.66)
2025-12-03 18:03:19 | INFO     | emotion_detector | Personalized match: surprised (confidence: 0.66)
2025-12-03 18:03:23 | INFO     | voice_tone | Voice tone analysis: neutral (confidence: 0.50)
2025-12-03 18:03:23 | INFO     | emotion_detector | Detected emotion: neutral (confidence: 0.97)
2025-12-03 18:03:24 | WARNING  | emotion_detector | Failed to capture frame from camera
2025-12-03 18:03:25 | INFO     | emotion_detector | Detected emotion: neutral (confidence: 0.78)
2025-12-03 18:03:26 | INFO     | ai_core | AI response generated: Got it! Over the past week, most of your emotions ...
2025-12-03 18:03:26 | INFO     | tts_output | Generating TTS with voice 'nova' for tone 'neutral' (speed: 1.0)
2025-12-03 18:03:29 | WARNING  | emotion_detector | Failed to capture frame from camera
2025-12-03 18:03:30 | INFO     | emotion_calibration | Matched emotion: surprised (similarity: 0.60)
2025-12-03 18:03:30 | INFO     | emotion_detector | Personalized match: surprised (confidence: 0.60)
2025-12-03 18:03:31 | INFO     | emotion_detector | Detected emotion: happy (confidence: 1.00)
2025-12-03 18:03:31 | INFO     | tts_output | TTS audio saved: C:\Users\SHIVANSH\Desktop\ROOMie\backend\audio\tmpsi_1rt3_.mp3
2025-12-03 18:03:36 | INFO     | emotion_calibration | Matched emotion: neutral (similarity: 0.60)
2025-12-03 18:03:36 | INFO     | emotion_detector | Personalized match: neutral (confidence: 0.60)
2025-12-03 18:03:36 | INFO     | emotion_detector | Detected emotion: happy (confidence: 1.00)
2025-12-03 18:03:37 | INFO     | emotion_detector | Detected emotion: happy (confidence: 0.99)
2025-12-03 18:03:44 | INFO     | emotion_calibration | Matched emotion: angry (similarity: 0.83)
2025-12-03 18:03:44 | INFO     | emotion_detector | Personalized match: angry (confidence: 0.83)
2025-12-03 18:03:45 | INFO     | emotion_detector | Detected emotion: neutral (confidence: 0.72)
2025-12-03 18:03:46 | INFO     | emotion_detector | Detected emotion: neutral (confidence: 0.55)
2025-12-03 18:03:56 | INFO     | emotion_calibration | Matched emotion: neutral (similarity: 0.64)
2025-12-03 18:03:56 | INFO     | emotion_detector | Personalized match: neutral (confidence: 0.64)
2025-12-03 18:03:57 | INFO     | emotion_detector | Detected emotion: neutral (confidence: 1.00)
2025-12-03 18:03:59 | INFO     | emotion_detector | Detected emotion: neutral (confidence: 0.96)
2025-12-03 18:04:02 | INFO     | emotion_detector | Background emotion monitoring stopped
2025-12-03 18:04:04 | INFO     | emotion_calibration | Matched emotion: neutral (similarity: 0.83)
2025-12-03 18:04:04 | INFO     | emotion_detector | Personalized match: neutral (confidence: 0.83)
2025-12-03 18:04:05 | INFO     | emotion_detector | Detected emotion: neutral (confidence: 1.00)
2025-12-03 18:04:06 | INFO     | emotion_detector | Detected emotion: neutral (confidence: 1.00)
2025-12-03 18:04:12 | INFO     | emotion_detector | Background emotion monitoring started
2025-12-03 18:04:12 | INFO     | emotion_detector | Detected emotion: neutral (confidence: 0.78)
2025-12-03 18:04:13 | INFO     | emotion_detector | Detected emotion: neutral (confidence: 0.99)
2025-12-03 18:04:15 | INFO     | emotion_detector | Detected emotion: sad (confidence: 0.49)
2025-12-03 18:04:18 | INFO     | emotion_detector | Detected emotion: angry (confidence: 0.44)
2025-12-03 18:04:19 | INFO     | emotion_detector | Detected emotion: neutral (confidence: 0.62)
2025-12-03 18:04:20 | INFO     | emotion_detector | Detected emotion: angry (confidence: 0.94)
2025-12-03 18:04:24 | INFO     | emotion_detector | Detected emotion: neutral (confidence: 1.00)
2025-12-03 18:04:25 | WARNING  | emotion_detector | Failed to capture frame from camera
2025-12-03 18:04:26 | INFO     | emotion_detector | Detected emotion: neutral (confidence: 0.66)
2025-12-03 18:04:30 | INFO     | emotion_detector | Detected emotion: neutral (confidence: 0.97)
2025-12-03 18:04:30 | INFO     | emotion_detector | Detected emotion: neutral (confidence: 0.95)
2025-12-03 18:04:32 | INFO     | emotion_detector | Detected emotion: neutral (confidence: 0.96)
2025-12-03 18:04:35 | INFO     | emotion_detector | Detected emotion: neutral (confidence: 0.92)
2025-12-03 18:04:36 | INFO     | emotion_detector | Detected emotion: neutral (confidence: 0.77)
2025-12-03 18:04:38 | INFO     | emotion_detector | Detected emotion: fear (confidence: 0.62)
2025-12-03 18:04:40 | INFO     | emotion_detector | Detected emotion: sad (confidence: 0.93)
2025-12-03 18:04:42 | INFO     | emotion_detector | Detected emotion: neutral (confidence: 0.83)
2025-12-03 18:04:44 | INFO     | emotion_detector | Detected emotion: angry (confidence: 0.58)
2025-12-03 18:04:45 | INFO     | emotion_detector | Detected emotion: neutral (confidence: 0.87)
2025-12-03 18:04:48 | INFO     | emotion_detector | Detected emotion: neutral (confidence: 1.00)
2025-12-03 18:04:50 | INFO     | emotion_detector | Detected emotion: neutral (confidence: 1.00)
2025-12-03 18:04:50 | INFO     | emotion_detector | Detected emotion: neutral (confidence: 0.71)
2025-12-03 18:04:55 | INFO     | emotion_detector | Detected emotion: neutral (confidence: 0.99)
2025-12-03 18:04:57 | INFO     | emotion_detector | Detected emotion: happy (confidence: 0.97)
2025-12-03 18:04:57 | INFO     | emotion_detector | Detected emotion: happy (confidence: 1.00)
2025-12-03 18:05:02 | INFO     | emotion_detector | Detected emotion: neutral (confidence: 0.76)
2025-12-03 18:05:03 | INFO     | emotion_detector | Detected emotion: neutral (confidence: 0.97)
2025-12-03 18:05:04 | INFO     | emotion_detector | Detected emotion: neutral (confidence: 0.99)
2025-12-03 18:05:09 | WARNING  | emotion_detector | Failed to capture frame from camera
2025-12-03 18:05:10 | INFO     | emotion_detector | Detected emotion: neutral (confidence: 0.96)
2025-12-03 18:05:12 | INFO     | emotion_detector | Detected emotion: neutral (confidence: 1.00)
2025-12-03 18:05:15 | INFO     | emotion_detector | Detected emotion: happy (confidence: 1.00)
2025-12-03 18:05:17 | INFO     | emotion_detector | Detected emotion: happy (confidence: 0.99)
2025-12-03 18:05:19 | INFO     | emotion_detector | Detected emotion: sad (confidence: 0.99)
2025-12-03 18:05:21 | INFO     | emotion_detector | Detected emotion: sad (confidence: 0.65)
2025-12-03 18:05:24 | INFO     | emotion_detector | Detected emotion: neutral (confidence: 0.99)
2025-12-03 18:05:27 | INFO     | emotion_detector | Detected emotion: sad (confidence: 0.36)
2025-12-03 18:05:27 | INFO     | emotion_detector | Detected emotion: sad (confidence: 0.49)
2025-12-03 18:05:32 | INFO     | emotion_detector | Detected emotion: neutral (confidence: 0.66)
2025-12-03 18:05:34 | WARNING  | emotion_detector | Failed to capture frame from camera
2025-12-03 18:05:34 | INFO     | emotion_detector | Detected emotion: happy (confidence: 0.57)
2025-12-03 18:05:39 | INFO     | emotion_detector | Detected emotion: sad (confidence: 0.57)
2025-12-03 18:05:40 | INFO     | emotion_detector | Detected emotion: sad (confidence: 0.57)
2025-12-03 18:05:42 | INFO     | emotion_detector | Detected emotion: sad (confidence: 0.54)
2025-12-03 18:05:46 | INFO     | conversation_memory | Created new user: Pragna
2025-12-03 18:05:46 | INFO     | emotion_detector | Emotion monitor updated for user: 3
2025-12-03 18:05:46 | INFO     | tts_output | Generating TTS with voice 'nova' for tone 'cheerful' (speed: 1.0)
2025-12-03 18:05:47 | WARNING  | emotion_detector | Failed to capture frame from camera
2025-12-03 18:05:47 | INFO     | emotion_detector | Detected emotion: sad (confidence: 0.50)
2025-12-03 18:05:49 | INFO     | tts_output | TTS audio saved: C:\Users\SHIVANSH\Desktop\ROOMie\backend\audio\tmp1bjtef53.mp3
2025-12-03 18:05:49 | WARNING  | emotion_detector | Failed to capture frame from camera
2025-12-03 18:05:53 | WARNING  | emotion_detector | Failed to capture frame from camera
2025-12-03 18:05:55 | WARNING  | emotion_detector | Failed to capture frame from camera
2025-12-03 18:05:57 | WARNING  | emotion_detector | Failed to capture frame from camera
2025-12-03 18:06:00 | INFO     | emotion_detector | Detected emotion: happy (confidence: 1.00)
2025-12-03 18:06:03 | INFO     | emotion_detector | Detected emotion: sad (confidence: 0.70)
2025-12-03 18:06:05 | INFO     | emotion_detector | Detected emotion: sad (confidence: 0.58)
2025-12-03 18:06:07 | INFO     | emotion_detector | Detected emotion: neutral (confidence: 1.00)
2025-12-03 18:06:11 | INFO     | emotion_detector | Detected emotion: happy (confidence: 0.94)
2025-12-03 18:06:12 | INFO     | voice_tone | Voice tone analysis: neutral (confidence: 0.50)
2025-12-03 18:06:13 | INFO     | ai_core | AI response generated: Absolutely, I believe in you! You've got what it t...
2025-12-03 18:06:13 | INFO     | tts_output | Generating TTS with voice 'nova' for tone 'neutral' (speed: 1.0)
2025-12-03 18:06:13 | INFO     | emotion_detector | Detected emotion: neutral (confidence: 0.97)
2025-12-03 18:06:15 | INFO     | emotion_detector | Detected emotion: neutral (confidence: 1.00)
2025-12-03 18:06:17 | INFO     | tts_output | TTS audio saved: C:\Users\SHIVANSH\Desktop\ROOMie\backend\audio\tmppqqstrd4.mp3
2025-12-03 18:06:20 | INFO     | emotion_detector | Detected emotion: neutral (confidence: 0.98)
2025-12-03 18:06:22 | INFO     | emotion_detector | Detected emotion: fear (confidence: 0.62)
2025-12-03 18:06:23 | INFO     | emotion_detector | Detected emotion: sad (confidence: 0.54)
2025-12-03 18:06:29 | INFO     | emotion_detector | Detected emotion: happy (confidence: 0.51)
2025-12-03 18:06:31 | INFO     | emotion_detector | Detected emotion: happy (confidence: 1.00)
2025-12-03 18:06:31 | INFO     | emotion_detector | Detected emotion: neutral (confidence: 0.43)
2025-12-03 18:06:38 | INFO     | emotion_detector | Detected emotion: sad (confidence: 0.79)
2025-12-03 18:06:39 | INFO     | emotion_detector | Detected emotion: neutral (confidence: 0.94)
2025-12-03 18:06:40 | INFO     | emotion_detector | Detected emotion: sad (confidence: 0.85)
2025-12-03 18:06:46 | WARNING  | emotion_detector | Failed to capture frame from camera
2025-12-03 18:06:46 | INFO     | emotion_detector | Detected emotion: sad (confidence: 0.56)
2025-12-03 18:06:48 | INFO     | emotion_detector | Detected emotion: sad (confidence: 0.77)
2025-12-03 18:06:53 | INFO     | emotion_detector | Detected emotion: sad (confidence: 0.84)
2025-12-03 18:06:54 | INFO     | emotion_detector | Detected emotion: sad (confidence: 0.78)
2025-12-03 18:06:56 | INFO     | emotion_detector | Detected emotion: sad (confidence: 0.64)
2025-12-03 18:07:00 | INFO     | emotion_detector | Detected emotion: neutral (confidence: 0.55)
2025-12-03 18:07:02 | INFO     | emotion_detector | Detected emotion: sad (confidence: 1.00)
2025-12-03 18:07:05 | INFO     | emotion_detector | Detected emotion: neutral (confidence: 0.93)
2025-12-03 18:07:06 | INFO     | emotion_detector | Detected emotion: happy (confidence: 0.96)
2025-12-03 18:07:07 | INFO     | emotion_detector | Background emotion monitoring stopped
2025-12-03 18:07:09 | INFO     | emotion_detector | Detected emotion: angry (confidence: 0.75)
2025-12-03 18:07:11 | INFO     | emotion_detector | Detected emotion: happy (confidence: 0.98)
2025-12-03 18:07:15 | INFO     | emotion_detector | Detected emotion: angry (confidence: 0.48)
2025-12-03 18:07:17 | INFO     | emotion_detector | Detected emotion: disgust (confidence: 0.45)
2025-12-03 18:07:21 | INFO     | emotion_detector | Detected emotion: neutral (confidence: 0.58)
2025-12-03 18:07:23 | INFO     | emotion_detector | Detected emotion: neutral (confidence: 0.73)
2025-12-03 18:07:27 | INFO     | emotion_detector | Detected emotion: happy (confidence: 1.00)
2025-12-03 18:07:28 | INFO     | emotion_detector | Background emotion monitoring started
2025-12-03 18:07:30 | INFO     | emotion_detector | Detected emotion: sad (confidence: 0.95)
2025-12-03 18:07:32 | INFO     | emotion_detector | Detected emotion: neutral (confidence: 1.00)
2025-12-03 18:07:34 | INFO     | emotion_detector | Detected emotion: happy (confidence: 1.00)
2025-12-03 18:07:38 | INFO     | emotion_detector | Detected emotion: sad (confidence: 0.73)
2025-12-03 18:07:38 | INFO     | emotion_detector | Detected emotion: neutral (confidence: 0.90)
2025-12-03 18:07:41 | INFO     | emotion_detector | Emotion monitor updated for user: 1
2025-12-03 18:07:42 | INFO     | emotion_detector | Detected emotion: happy (confidence: 0.89)
2025-12-03 18:07:44 | WARNING  | emotion_detector | Failed to capture frame from camera
2025-12-03 18:07:44 | WARNING  | emotion_detector | Failed to capture frame from camera
2025-12-03 18:07:49 | WARNING  | emotion_detector | Failed to capture frame from camera
2025-12-03 18:07:51 | WARNING  | emotion_detector | Failed to capture frame from camera
2025-12-03 18:07:52 | WARNING  | emotion_detector | Failed to capture frame from camera
2025-12-03 18:07:57 | WARNING  | emotion_detector | Failed to capture frame from camera
2025-12-03 18:07:58 | WARNING  | emotion_detector | Failed to capture frame from camera
2025-12-03 18:07:59 | WARNING  | emotion_detector | Failed to capture frame from camera
2025-12-03 18:08:05 | WARNING  | emotion_detector | Failed to capture frame from camera
2025-12-03 18:08:07 | INFO     | voice_tone | Voice tone analysis: neutral (confidence: 0.50)
2025-12-03 18:08:08 | INFO     | emotion_detector | Detected emotion: neutral (confidence: 0.99)
2025-12-03 18:08:09 | INFO     | ai_core | AI response generated: Hey there! How's it going? What’s on your mind tod...
2025-12-03 18:08:09 | INFO     | tts_output | Generating TTS with voice 'nova' for tone 'happy' (speed: 1.1)
2025-12-03 18:08:11 | INFO     | tts_output | TTS audio saved: C:\Users\SHIVANSH\Desktop\ROOMie\backend\audio\tmpd8g213tc.mp3
2025-12-03 18:08:12 | INFO     | emotion_detector | Detected emotion: angry (confidence: 0.47)
2025-12-03 18:08:14 | INFO     | emotion_detector | Detected emotion: happy (confidence: 0.61)
2025-12-03 18:08:18 | INFO     | emotion_detector | Detected emotion: sad (confidence: 0.97)
2025-12-03 18:08:20 | INFO     | voice_tone | Voice tone analysis: neutral (confidence: 0.50)
2025-12-03 18:08:21 | INFO     | ai_core | AI response generated: Sure! Take your time. Just let me know when you're...
2025-12-03 18:08:22 | INFO     | tts_output | Generating TTS with voice 'nova' for tone 'neutral' (speed: 1.0)
2025-12-03 18:08:23 | INFO     | emotion_detector | Detected emotion: happy (confidence: 1.00)
2025-12-03 18:08:25 | INFO     | emotion_detector | Detected emotion: sad (confidence: 0.87)
2025-12-03 18:08:25 | INFO     | tts_output | TTS audio saved: C:\Users\SHIVANSH\Desktop\ROOMie\backend\audio\tmpg4sp0tsw.mp3
2025-12-03 18:08:26 | INFO     | emotion_detector | Detected emotion: happy (confidence: 0.98)
2025-12-03 18:08:31 | INFO     | emotion_detector | Detected emotion: neutral (confidence: 1.00)
2025-12-03 18:08:33 | INFO     | emotion_calibration | Matched emotion: neutral (similarity: 0.66)
2025-12-03 18:08:33 | INFO     | emotion_detector | Personalized match: neutral (confidence: 0.66)
2025-12-03 18:08:34 | INFO     | emotion_detector | Detected emotion: happy (confidence: 0.92)
2025-12-03 18:08:38 | INFO     | voice_commands | Detected command: open_game_center with params: {}
2025-12-03 18:08:39 | INFO     | emotion_detector | Detected emotion: neutral (confidence: 0.99)
2025-12-03 18:08:41 | INFO     | emotion_detector | Detected emotion: angry (confidence: 0.47)
2025-12-03 18:08:43 | INFO     | emotion_detector | Detected emotion: angry (confidence: 0.99)
2025-12-03 18:08:45 | INFO     | voice_commands | Detected command: start_game_rapid_fire with params: {}
2025-12-03 18:08:48 | INFO     | emotion_detector | Detected emotion: neutral (confidence: 0.59)
2025-12-03 18:08:49 | INFO     | emotion_calibration | Matched emotion: angry (similarity: 0.76)
2025-12-03 18:08:49 | INFO     | emotion_detector | Personalized match: angry (confidence: 0.76)
2025-12-03 18:08:52 | INFO     | emotion_detector | Detected emotion: happy (confidence: 0.91)
2025-12-03 18:08:56 | WARNING  | emotion_detector | Failed to capture frame from camera
2025-12-03 18:08:56 | INFO     | voice_tone | Voice tone analysis: angry (confidence: 0.67)
2025-12-03 18:08:57 | INFO     | emotion_detector | Detected emotion: angry (confidence: 0.50)
2025-12-03 18:08:57 | INFO     | ai_core | AI response generated: Alright! Just let me know if there’s something spe...
2025-12-03 18:08:57 | INFO     | tts_output | Generating TTS with voice 'nova' for tone 'happy' (speed: 1.1)
2025-12-03 18:09:00 | INFO     | emotion_detector | Detected emotion: happy (confidence: 0.94)
2025-12-03 18:09:01 | INFO     | tts_output | TTS audio saved: C:\Users\SHIVANSH\Desktop\ROOMie\backend\audio\tmp4gb8br3i.mp3
2025-12-03 18:09:04 | INFO     | emotion_calibration | Matched emotion: neutral (similarity: 0.66)
2025-12-03 18:09:04 | INFO     | emotion_detector | Personalized match: neutral (confidence: 0.66)
2025-12-03 18:09:05 | INFO     | emotion_detector | Detected emotion: happy (confidence: 1.00)
2025-12-03 18:09:09 | INFO     | emotion_detector | Detected emotion: sad (confidence: 0.80)
2025-12-03 18:09:11 | INFO     | emotion_detector | Detected emotion: neutral (confidence: 0.86)
2025-12-03 18:09:14 | INFO     | emotion_detector | Detected emotion: neutral (confidence: 0.99)
2025-12-03 18:09:17 | INFO     | emotion_detector | Detected emotion: neutral (confidence: 1.00)
2025-12-03 18:09:17 | INFO     | voice_tone | Voice tone analysis: neutral (confidence: 0.50)
2025-12-03 18:09:19 | INFO     | emotion_calibration | Matched emotion: surprised (similarity: 0.50)
2025-12-03 18:09:19 | INFO     | emotion_detector | Personalized match: surprised (confidence: 0.50)
2025-12-03 18:09:20 | INFO     | ai_core | AI response generated: I can't access or display specific analysis direct...
2025-12-03 18:09:20 | INFO     | tts_output | Generating TTS with voice 'nova' for tone 'neutral' (speed: 1.0)
2025-12-03 18:09:22 | INFO     | emotion_detector | Detected emotion: neutral (confidence: 0.54)
2025-12-03 18:09:25 | INFO     | emotion_detector | Detected emotion: neutral (confidence: 1.00)
2025-12-03 18:09:26 | INFO     | emotion_calibration | Matched emotion: happy (similarity: 0.79)
2025-12-03 18:09:26 | INFO     | emotion_detector | Personalized match: happy (confidence: 0.79)
2025-12-03 18:09:30 | INFO     | emotion_detector | Detected emotion: neutral (confidence: 1.00)
2025-12-03 18:09:33 | WARNING  | emotion_detector | Failed to capture frame from camera
2025-12-03 18:09:34 | INFO     | emotion_calibration | Matched emotion: sad (similarity: 0.75)
2025-12-03 18:09:34 | INFO     | emotion_detector | Personalized match: sad (confidence: 0.75)
2025-12-03 18:09:38 | INFO     | emotion_detector | Detected emotion: neutral (confidence: 0.99)
2025-12-03 18:09:39 | INFO     | tts_output | TTS audio saved: C:\Users\SHIVANSH\Desktop\ROOMie\backend\audio\tmpec_huaa3.mp3
2025-12-03 18:09:41 | WARNING  | emotion_detector | Failed to capture frame from camera
2025-12-03 18:09:42 | INFO     | emotion_calibration | Matched emotion: neutral (similarity: 0.58)
2025-12-03 18:09:42 | INFO     | emotion_detector | Personalized match: neutral (confidence: 0.58)
2025-12-03 18:09:46 | INFO     | emotion_detector | Detected emotion: happy (confidence: 0.70)
2025-12-03 18:09:49 | WARNING  | emotion_detector | Failed to capture frame from camera
2025-12-03 18:09:49 | INFO     | voice_tone | Voice tone analysis: neutral (confidence: 0.50)
2025-12-03 18:09:49 | INFO     | emotion_detector | Detected emotion: neutral (confidence: 0.47)
2025-12-03 18:09:51 | INFO     | ai_core | AI response generated: I can’t display analytics in detail, but I can giv...
2025-12-03 18:09:51 | INFO     | tts_output | Generating TTS with voice 'nova' for tone 'neutral' (speed: 1.0)
2025-12-03 18:09:55 | INFO     | emotion_detector | Detected emotion: neutral (confidence: 0.99)
2025-12-03 18:09:57 | INFO     | emotion_calibration | Matched emotion: neutral (similarity: 0.78)
2025-12-03 18:09:57 | INFO     | emotion_detector | Personalized match: neutral (confidence: 0.78)
2025-12-03 18:09:58 | INFO     | emotion_detector | Detected emotion: neutral (confidence: 1.00)
2025-12-03 18:09:58 | INFO     | tts_output | TTS audio saved: C:\Users\SHIVANSH\Desktop\ROOMie\backend\audio\tmpw0akcvhd.mp3
2025-12-03 18:10:03 | INFO     | emotion_detector | Detected emotion: neutral (confidence: 1.00)
2025-12-03 18:10:04 | INFO     | emotion_calibration | Matched emotion: neutral (similarity: 0.69)
2025-12-03 18:10:04 | INFO     | emotion_detector | Personalized match: neutral (confidence: 0.69)
2025-12-03 18:10:06 | INFO     | emotion_detector | Detected emotion: neutral (confidence: 0.74)
2025-12-03 18:10:11 | WARNING  | emotion_detector | Failed to capture frame from camera
2025-12-03 18:10:12 | INFO     | emotion_detector | Detected emotion: neutral (confidence: 0.58)
2025-12-03 18:10:15 | INFO     | emotion_detector | Detected emotion: neutral (confidence: 0.89)
2025-12-03 18:10:20 | INFO     | emotion_calibration | Matched emotion: neutral (similarity: 0.58)
2025-12-03 18:10:20 | INFO     | emotion_detector | Personalized match: neutral (confidence: 0.58)
2025-12-03 18:10:22 | INFO     | emotion_detector | Detected emotion: neutral (confidence: 0.98)
2025-12-03 18:10:25 | INFO     | emotion_detector | Detected emotion: neutral (confidence: 0.72)
2025-12-03 18:10:29 | INFO     | emotion_calibration | Matched emotion: happy (similarity: 0.64)
2025-12-03 18:10:29 | INFO     | emotion_detector | Personalized match: happy (confidence: 0.64)
2025-12-03 18:10:31 | INFO     | emotion_detector | Bias correction: Switched from fear/sad to neutral (neutral score: 0.33)
2025-12-03 18:10:31 | INFO     | emotion_detector | Detected emotion: neutral (confidence: 0.33)
2025-12-03 18:10:34 | INFO     | emotion_detector | Detected emotion: neutral (confidence: 0.79)
2025-12-03 18:10:36 | INFO     | emotion_calibration | Matched emotion: neutral (similarity: 0.73)
2025-12-03 18:10:36 | INFO     | emotion_detector | Personalized match: neutral (confidence: 0.73)
2025-12-03 18:10:39 | INFO     | emotion_detector | Detected emotion: neutral (confidence: 1.00)
2025-12-03 18:10:42 | WARNING  | emotion_detector | Failed to capture frame from camera
2025-12-03 18:10:43 | INFO     | voice_tone | Voice tone analysis: neutral (confidence: 0.50)
2025-12-03 18:10:43 | WARNING  | emotion_detector | Failed to capture frame from camera
2025-12-03 18:10:44 | INFO     | ai_core | AI response generated: It looks like you might want to talk about your em...
2025-12-03 18:10:44 | INFO     | tts_output | Generating TTS with voice 'nova' for tone 'neutral' (speed: 1.0)
2025-12-03 18:10:47 | INFO     | tts_output | TTS audio saved: C:\Users\SHIVANSH\Desktop\ROOMie\backend\audio\tmp2lzhjtp1.mp3
2025-12-03 18:10:48 | WARNING  | emotion_detector | Failed to capture frame from camera
2025-12-03 18:10:50 | WARNING  | emotion_detector | Failed to capture frame from camera
2025-12-03 18:10:50 | WARNING  | emotion_detector | Failed to capture frame from camera
2025-12-03 18:10:57 | INFO     | emotion_detector | Detected emotion: neutral (confidence: 0.99)
2025-12-03 18:10:57 | INFO     | emotion_detector | Background emotion monitoring stopped
2025-12-03 18:10:58 | INFO     | emotion_calibration | Matched emotion: sad (similarity: 0.77)
2025-12-03 18:10:58 | INFO     | emotion_detector | Personalized match: sad (confidence: 0.77)
2025-12-03 18:10:58 | INFO     | emotion_detector | Detected emotion: happy (confidence: 0.99)
2025-12-03 18:11:03 | INFO     | emotion_detector | Detected emotion: happy (confidence: 0.97)
2025-12-03 18:11:04 | INFO     | emotion_detector | Detected emotion: happy (confidence: 0.99)
2025-12-03 18:11:09 | INFO     | emotion_detector | Detected emotion: neutral (confidence: 0.99)
2025-12-03 18:11:10 | INFO     | emotion_detector | Detected emotion: neutral (confidence: 1.00)
2025-12-03 18:11:15 | INFO     | emotion_detector | Detected emotion: neutral (confidence: 0.95)
2025-12-03 18:11:16 | INFO     | emotion_detector | Detected emotion: neutral (confidence: 0.97)
2025-12-03 18:11:21 | INFO     | emotion_detector | Detected emotion: neutral (confidence: 0.98)
2025-12-03 18:11:23 | INFO     | emotion_detector | Detected emotion: neutral (confidence: 0.84)
2025-12-03 18:11:27 | INFO     | emotion_detector | Detected emotion: neutral (confidence: 0.91)
2025-12-03 18:11:29 | INFO     | emotion_detector | Detected emotion: neutral (confidence: 0.95)
2025-12-03 18:11:33 | INFO     | emotion_detector | Detected emotion: neutral (confidence: 0.95)
2025-12-03 18:11:35 | INFO     | emotion_detector | Detected emotion: neutral (confidence: 0.96)
2025-12-03 18:11:40 | INFO     | emotion_detector | Detected emotion: neutral (confidence: 0.78)
2025-12-03 18:11:41 | INFO     | emotion_detector | Detected emotion: neutral (confidence: 0.99)
2025-12-03 18:11:46 | INFO     | emotion_detector | Detected emotion: neutral (confidence: 0.94)
2025-12-03 18:11:47 | INFO     | emotion_detector | Detected emotion: neutral (confidence: 0.99)
2025-12-03 18:11:52 | INFO     | emotion_detector | Detected emotion: neutral (confidence: 0.99)
2025-12-03 18:11:54 | INFO     | emotion_detector | Detected emotion: neutral (confidence: 0.98)
2025-12-03 18:11:58 | INFO     | emotion_detector | Detected emotion: neutral (confidence: 1.00)
2025-12-03 18:12:00 | INFO     | emotion_detector | Detected emotion: neutral (confidence: 0.90)
2025-12-03 18:12:04 | INFO     | emotion_detector | Detected emotion: neutral (confidence: 0.81)
2025-12-03 18:12:06 | INFO     | emotion_detector | Detected emotion: neutral (confidence: 0.97)
2025-12-03 18:12:10 | INFO     | emotion_detector | Detected emotion: happy (confidence: 1.00)
2025-12-03 18:12:12 | INFO     | emotion_detector | Detected emotion: neutral (confidence: 1.00)
2025-12-03 18:12:17 | INFO     | emotion_detector | Detected emotion: neutral (confidence: 0.97)
2025-12-03 18:12:18 | INFO     | emotion_detector | Detected emotion: neutral (confidence: 0.96)
2025-12-03 18:12:23 | INFO     | emotion_detector | Detected emotion: neutral (confidence: 0.81)
2025-12-03 18:12:25 | INFO     | emotion_detector | Detected emotion: neutral (confidence: 0.99)
2025-12-03 18:12:29 | INFO     | emotion_detector | Detected emotion: neutral (confidence: 0.98)
2025-12-03 18:12:31 | INFO     | emotion_detector | Detected emotion: neutral (confidence: 0.94)
2025-12-03 18:12:35 | INFO     | emotion_detector | Detected emotion: neutral (confidence: 1.00)
2025-12-03 18:12:37 | INFO     | emotion_detector | Detected emotion: neutral (confidence: 1.00)
2025-12-03 18:12:41 | INFO     | emotion_detector | Detected emotion: neutral (confidence: 0.98)
2025-12-03 18:12:43 | INFO     | emotion_detector | Detected emotion: neutral (confidence: 0.78)
2025-12-03 18:12:47 | INFO     | emotion_detector | Detected emotion: neutral (confidence: 0.95)
2025-12-03 18:12:49 | INFO     | emotion_detector | Detected emotion: neutral (confidence: 0.79)
2025-12-03 18:12:53 | INFO     | emotion_detector | Detected emotion: neutral (confidence: 1.00)
2025-12-03 18:12:55 | INFO     | emotion_detector | Detected emotion: neutral (confidence: 0.71)
2025-12-03 18:12:59 | INFO     | emotion_detector | Detected emotion: neutral (confidence: 0.44)
2025-12-03 18:13:01 | INFO     | emotion_detector | Detected emotion: neutral (confidence: 0.95)
