2025-12-02 20:11:46 | INFO     | emotion_detector | Background emotion monitoring started
2025-12-02 20:11:46 | INFO     | app | Background emotion monitor started
2025-12-02 20:11:46 | INFO     | conversation_memory | Database initialized successfully
2025-12-02 20:11:46 | INFO     | app | Database and audio directory initialized
2025-12-02 20:11:46 | INFO     | app | ROOMie Backend v3.0 starting...
2025-12-02 20:11:46 | INFO     | app | Server: http://127.0.0.1:5000
2025-12-02 20:11:46 | INFO     | app | WebSocket: ws://127.0.0.1:5000
2025-12-02 20:11:55 | INFO     | emotion_detector | Detected emotion: angry (confidence: 0.81)
2025-12-02 20:12:05 | INFO     | emotion_detector | Detected emotion: neutral (confidence: 0.97)
2025-12-02 20:12:06 | INFO     | emotion_detector | Background emotion monitoring started
2025-12-02 20:12:06 | INFO     | app | Background emotion monitor started
2025-12-02 20:12:06 | INFO     | conversation_memory | Database initialized successfully
2025-12-02 20:12:06 | INFO     | app | Database and audio directory initialized
2025-12-02 20:12:06 | INFO     | app | ROOMie Backend v3.0 starting...
2025-12-02 20:12:06 | INFO     | app | Server: http://127.0.0.1:5000
2025-12-02 20:12:06 | INFO     | app | WebSocket: ws://127.0.0.1:5000
2025-12-02 20:12:16 | INFO     | emotion_detector | Detected emotion: neutral (confidence: 1.00)
2025-12-02 20:12:18 | INFO     | emotion_detector | Detected emotion: neutral (confidence: 1.00)
2025-12-02 20:12:26 | INFO     | emotion_detector | Detected emotion: sad (confidence: 0.55)
2025-12-02 20:12:28 | INFO     | emotion_detector | Detected emotion: neutral (confidence: 1.00)
2025-12-02 20:12:38 | INFO     | emotion_detector | Detected emotion: sad (confidence: 1.00)
2025-12-02 20:12:39 | INFO     | emotion_detector | Detected emotion: neutral (confidence: 1.00)
2025-12-02 20:12:47 | INFO     | emotion_detector | Detected emotion: neutral (confidence: 1.00)
2025-12-02 20:12:49 | INFO     | emotion_detector | Detected emotion: neutral (confidence: 1.00)
2025-12-02 20:12:54 | INFO     | emotion_detector | Detected emotion: neutral (confidence: 1.00)
2025-12-02 20:12:55 | INFO     | emotion_detector | Detected emotion: neutral (confidence: 1.00)
2025-12-02 20:13:01 | INFO     | emotion_detector | Detected emotion: neutral (confidence: 1.00)
2025-12-02 20:13:02 | INFO     | emotion_detector | Detected emotion: neutral (confidence: 0.99)
2025-12-02 20:13:07 | INFO     | emotion_detector | Detected emotion: neutral (confidence: 1.00)
2025-12-02 20:13:09 | INFO     | emotion_detector | Detected emotion: neutral (confidence: 0.91)
2025-12-02 20:13:14 | INFO     | emotion_detector | Detected emotion: neutral (confidence: 1.00)
2025-12-02 20:13:16 | INFO     | emotion_detector | Detected emotion: neutral (confidence: 0.99)
2025-12-02 20:13:21 | INFO     | emotion_detector | Detected emotion: happy (confidence: 0.52)
2025-12-02 20:13:22 | INFO     | emotion_detector | Detected emotion: neutral (confidence: 1.00)
2025-12-02 20:13:27 | INFO     | emotion_detector | Detected emotion: neutral (confidence: 1.00)
2025-12-02 20:13:29 | INFO     | emotion_detector | Detected emotion: neutral (confidence: 1.00)
2025-12-02 20:13:34 | INFO     | emotion_detector | Detected emotion: neutral (confidence: 1.00)
2025-12-02 20:13:36 | INFO     | emotion_detector | Detected emotion: neutral (confidence: 1.00)
2025-12-02 20:13:41 | INFO     | emotion_detector | Detected emotion: neutral (confidence: 1.00)
2025-12-02 20:13:42 | INFO     | emotion_detector | Detected emotion: neutral (confidence: 0.96)
2025-12-02 20:13:48 | INFO     | emotion_detector | Detected emotion: sad (confidence: 0.72)
2025-12-02 20:13:49 | INFO     | emotion_detector | Detected emotion: sad (confidence: 0.75)
2025-12-02 20:13:54 | INFO     | emotion_detector | Detected emotion: neutral (confidence: 1.00)
2025-12-02 20:13:56 | INFO     | emotion_detector | Detected emotion: neutral (confidence: 1.00)
2025-12-02 20:14:01 | INFO     | emotion_detector | Detected emotion: sad (confidence: 1.00)
2025-12-02 20:14:02 | INFO     | emotion_detector | Detected emotion: neutral (confidence: 0.82)
2025-12-02 20:14:08 | INFO     | emotion_detector | Detected emotion: neutral (confidence: 0.97)
2025-12-02 20:14:09 | INFO     | emotion_detector | Detected emotion: sad (confidence: 0.99)
2025-12-02 20:14:15 | INFO     | emotion_detector | Detected emotion: neutral (confidence: 1.00)
2025-12-02 20:14:16 | INFO     | emotion_detector | Detected emotion: neutral (confidence: 1.00)
2025-12-02 20:14:21 | INFO     | emotion_detector | Detected emotion: neutral (confidence: 1.00)
2025-12-02 20:14:22 | INFO     | emotion_detector | Detected emotion: neutral (confidence: 0.98)
2025-12-02 20:14:28 | INFO     | emotion_detector | Detected emotion: neutral (confidence: 0.86)
2025-12-02 20:14:29 | INFO     | emotion_detector | Detected emotion: neutral (confidence: 0.87)
2025-12-02 20:14:35 | INFO     | emotion_detector | Detected emotion: neutral (confidence: 0.97)
2025-12-02 20:14:36 | INFO     | emotion_detector | Detected emotion: neutral (confidence: 0.73)
2025-12-02 20:14:42 | INFO     | emotion_detector | Detected emotion: neutral (confidence: 1.00)
2025-12-02 20:14:43 | INFO     | emotion_detector | Detected emotion: angry (confidence: 0.73)
2025-12-02 20:14:48 | INFO     | emotion_detector | Detected emotion: neutral (confidence: 0.95)
2025-12-02 20:14:49 | INFO     | emotion_detector | Detected emotion: neutral (confidence: 0.86)
2025-12-02 20:14:55 | INFO     | emotion_detector | Detected emotion: sad (confidence: 0.99)
2025-12-02 20:14:56 | INFO     | emotion_detector | Detected emotion: sad (confidence: 0.98)
2025-12-02 20:14:57 | INFO     | emotion_detector | Background emotion monitoring started
2025-12-02 20:15:02 | WARNING  | emotion_detector | Failed to capture frame from camera
2025-12-02 20:15:02 | INFO     | emotion_detector | Detected emotion: neutral (confidence: 0.96)
2025-12-02 20:15:03 | INFO     | emotion_detector | Detected emotion: neutral (confidence: 1.00)
2025-12-02 20:15:08 | INFO     | emotion_detector | Detected emotion: neutral (confidence: 0.46)
2025-12-02 20:15:09 | INFO     | emotion_detector | Detected emotion: neutral (confidence: 0.86)
2025-12-02 20:15:10 | INFO     | emotion_detector | Detected emotion: neutral (confidence: 0.87)
2025-12-02 20:15:14 | INFO     | emotion_detector | Detected emotion: neutral (confidence: 0.82)
2025-12-02 20:15:15 | INFO     | emotion_detector | Detected emotion: neutral (confidence: 0.97)
2025-12-02 20:15:16 | INFO     | emotion_detector | Detected emotion: neutral (confidence: 0.97)
2025-12-02 20:15:19 | INFO     | emotion_detector | Detected emotion: neutral (confidence: 0.78)
2025-12-02 20:15:22 | INFO     | emotion_detector | Detected emotion: neutral (confidence: 0.54)
2025-12-02 20:15:23 | INFO     | emotion_detector | Detected emotion: neutral (confidence: 0.97)
2025-12-02 20:15:25 | INFO     | emotion_detector | Detected emotion: neutral (confidence: 0.64)
2025-12-02 20:15:29 | INFO     | emotion_detector | Detected emotion: neutral (confidence: 0.97)
2025-12-02 20:15:30 | INFO     | emotion_detector | Detected emotion: neutral (confidence: 0.96)
2025-12-02 20:15:31 | INFO     | emotion_detector | Detected emotion: neutral (confidence: 1.00)
2025-12-02 20:15:36 | INFO     | emotion_detector | Detected emotion: neutral (confidence: 0.98)
2025-12-02 20:15:37 | WARNING  | emotion_detector | Failed to capture frame from camera
2025-12-02 20:15:37 | INFO     | emotion_detector | Detected emotion: neutral (confidence: 0.99)
2025-12-02 20:15:42 | WARNING  | emotion_detector | Failed to capture frame from camera
2025-12-02 20:15:43 | INFO     | emotion_detector | Detected emotion: sad (confidence: 0.94)
2025-12-02 20:15:44 | INFO     | emotion_detector | Detected emotion: happy (confidence: 1.00)
2025-12-02 20:15:49 | INFO     | emotion_detector | Detected emotion: neutral (confidence: 0.97)
2025-12-02 20:15:49 | INFO     | emotion_detector | Detected emotion: neutral (confidence: 0.96)
2025-12-02 20:15:51 | INFO     | emotion_detector | Detected emotion: neutral (confidence: 0.97)
2025-12-02 20:15:54 | INFO     | emotion_detector | Detected emotion: sad (confidence: 1.00)
2025-12-02 20:15:56 | INFO     | emotion_detector | Detected emotion: neutral (confidence: 0.80)
2025-12-02 20:15:58 | INFO     | emotion_detector | Detected emotion: angry (confidence: 0.81)
2025-12-02 20:16:00 | INFO     | emotion_detector | Detected emotion: angry (confidence: 0.91)
2025-12-02 20:16:03 | INFO     | emotion_detector | Detected emotion: sad (confidence: 1.00)
2025-12-02 20:16:05 | INFO     | emotion_detector | Detected emotion: neutral (confidence: 0.99)
2025-12-02 20:16:07 | INFO     | emotion_detector | Detected emotion: sad (confidence: 1.00)
2025-12-02 20:16:10 | INFO     | emotion_detector | Detected emotion: neutral (confidence: 0.97)
2025-12-02 20:16:14 | INFO     | emotion_detector | Detected emotion: neutral (confidence: 1.00)
2025-12-02 20:16:14 | INFO     | emotion_detector | Detected emotion: neutral (confidence: 1.00)
2025-12-02 20:16:19 | INFO     | emotion_detector | Detected emotion: neutral (confidence: 1.00)
2025-12-02 20:16:23 | INFO     | emotion_detector | Detected emotion: neutral (confidence: 1.00)
2025-12-02 20:16:24 | INFO     | emotion_detector | Detected emotion: neutral (confidence: 1.00)
2025-12-02 20:16:28 | INFO     | emotion_detector | Detected emotion: neutral (confidence: 0.99)
2025-12-02 20:16:30 | INFO     | emotion_detector | Detected emotion: neutral (confidence: 0.99)
2025-12-02 20:16:31 | INFO     | emotion_detector | Detected emotion: neutral (confidence: 0.96)
2025-12-02 20:16:38 | INFO     | emotion_detector | Detected emotion: neutral (confidence: 0.56)
2025-12-02 20:16:40 | INFO     | emotion_detector | Detected emotion: neutral (confidence: 0.61)
2025-12-02 20:16:42 | INFO     | emotion_detector | Detected emotion: neutral (confidence: 1.00)
2025-12-02 20:16:48 | INFO     | emotion_detector | Detected emotion: neutral (confidence: 1.00)
2025-12-02 20:16:49 | INFO     | emotion_detector | Detected emotion: neutral (confidence: 1.00)
2025-12-02 20:16:53 | INFO     | emotion_detector | Detected emotion: neutral (confidence: 1.00)
2025-12-02 20:16:58 | INFO     | emotion_detector | Detected emotion: neutral (confidence: 1.00)
2025-12-02 20:16:59 | INFO     | emotion_detector | Detected emotion: neutral (confidence: 1.00)
2025-12-02 20:17:01 | INFO     | emotion_detector | Detected emotion: neutral (confidence: 1.00)
2025-12-02 20:17:04 | INFO     | emotion_detector | Detected emotion: happy (confidence: 0.96)
2025-12-02 20:17:06 | INFO     | emotion_detector | Detected emotion: neutral (confidence: 0.99)
2025-12-02 20:17:08 | INFO     | emotion_detector | Detected emotion: neutral (confidence: 1.00)
2025-12-02 20:17:10 | INFO     | emotion_detector | Detected emotion: neutral (confidence: 0.97)
2025-12-02 20:17:12 | INFO     | emotion_detector | Detected emotion: neutral (confidence: 1.00)
2025-12-02 20:17:15 | INFO     | emotion_detector | Detected emotion: neutral (confidence: 1.00)
2025-12-02 20:17:16 | INFO     | emotion_detector | Detected emotion: neutral (confidence: 0.73)
2025-12-02 20:17:19 | INFO     | emotion_detector | Detected emotion: neutral (confidence: 1.00)
2025-12-02 20:17:21 | WARNING  | emotion_detector | Failed to capture frame from camera
2025-12-02 20:17:22 | INFO     | emotion_detector | Detected emotion: neutral (confidence: 1.00)
2025-12-02 20:17:26 | INFO     | emotion_detector | Detected emotion: neutral (confidence: 0.81)
2025-12-02 20:17:27 | INFO     | emotion_detector | Detected emotion: neutral (confidence: 0.76)
2025-12-02 20:17:29 | INFO     | emotion_detector | Detected emotion: neutral (confidence: 0.70)
2025-12-02 20:17:32 | INFO     | emotion_detector | Detected emotion: surprise (confidence: 0.65)
2025-12-02 20:17:33 | INFO     | emotion_detector | Detected emotion: surprise (confidence: 0.94)
2025-12-02 20:17:35 | INFO     | emotion_detector | Detected emotion: neutral (confidence: 0.45)
2025-12-02 20:17:39 | INFO     | emotion_detector | Detected emotion: neutral (confidence: 0.97)
2025-12-02 20:17:39 | INFO     | emotion_detector | Detected emotion: neutral (confidence: 1.00)
2025-12-02 20:17:42 | INFO     | emotion_detector | Detected emotion: neutral (confidence: 1.00)
2025-12-02 20:17:44 | INFO     | emotion_detector | Detected emotion: neutral (confidence: 0.98)
2025-12-02 20:17:46 | INFO     | emotion_detector | Detected emotion: neutral (confidence: 1.00)
2025-12-02 20:17:49 | INFO     | emotion_detector | Detected emotion: neutral (confidence: 1.00)
2025-12-02 20:17:50 | INFO     | emotion_detector | Detected emotion: neutral (confidence: 0.99)
2025-12-02 20:17:52 | INFO     | emotion_detector | Detected emotion: neutral (confidence: 1.00)
2025-12-02 20:17:56 | WARNING  | emotion_detector | Failed to capture frame from camera
2025-12-02 20:17:56 | INFO     | emotion_detector | Detected emotion: neutral (confidence: 0.64)
2025-12-02 20:17:59 | INFO     | emotion_detector | Detected emotion: angry (confidence: 0.88)
2025-12-02 20:18:02 | INFO     | emotion_detector | Detected emotion: neutral (confidence: 0.87)
2025-12-02 20:18:03 | INFO     | emotion_detector | Detected emotion: sad (confidence: 1.00)
2025-12-02 20:18:06 | INFO     | emotion_detector | Detected emotion: neutral (confidence: 0.57)
2025-12-02 20:18:08 | INFO     | emotion_detector | Detected emotion: neutral (confidence: 0.64)
2025-12-02 20:18:09 | INFO     | emotion_detector | Detected emotion: neutral (confidence: 0.99)
2025-12-02 20:18:12 | INFO     | emotion_detector | Detected emotion: sad (confidence: 1.00)
2025-12-02 20:18:14 | INFO     | emotion_detector | Detected emotion: sad (confidence: 1.00)
2025-12-02 20:18:16 | INFO     | emotion_detector | Detected emotion: neutral (confidence: 0.99)
2025-12-02 20:18:19 | INFO     | emotion_detector | Detected emotion: neutral (confidence: 1.00)
2025-12-02 20:18:20 | INFO     | emotion_detector | Detected emotion: neutral (confidence: 1.00)
2025-12-02 20:18:23 | INFO     | emotion_detector | Detected emotion: neutral (confidence: 0.97)
2025-12-02 20:18:25 | INFO     | emotion_detector | Detected emotion: neutral (confidence: 1.00)
2025-12-02 20:18:26 | INFO     | emotion_detector | Detected emotion: neutral (confidence: 1.00)
2025-12-02 20:18:30 | INFO     | emotion_detector | Detected emotion: neutral (confidence: 1.00)
2025-12-02 20:18:31 | INFO     | emotion_detector | Detected emotion: neutral (confidence: 1.00)
2025-12-02 20:18:33 | INFO     | emotion_detector | Detected emotion: neutral (confidence: 1.00)
2025-12-02 20:18:36 | WARNING  | emotion_detector | Failed to capture frame from camera
2025-12-02 20:18:37 | INFO     | emotion_detector | Detected emotion: neutral (confidence: 1.00)
2025-12-02 20:18:39 | INFO     | emotion_detector | Detected emotion: neutral (confidence: 1.00)
2025-12-02 20:18:43 | INFO     | emotion_detector | Detected emotion: neutral (confidence: 1.00)
2025-12-02 20:18:43 | INFO     | emotion_detector | Detected emotion: neutral (confidence: 1.00)
2025-12-02 20:18:46 | INFO     | emotion_detector | Detected emotion: neutral (confidence: 1.00)
2025-12-02 20:18:48 | INFO     | emotion_detector | Detected emotion: neutral (confidence: 0.99)
2025-12-02 20:18:50 | INFO     | emotion_detector | Detected emotion: neutral (confidence: 0.46)
2025-12-02 20:18:52 | INFO     | emotion_detector | Detected emotion: neutral (confidence: 0.99)
2025-12-02 20:18:54 | INFO     | emotion_detector | Detected emotion: neutral (confidence: 0.98)
2025-12-02 20:18:56 | INFO     | emotion_detector | Detected emotion: neutral (confidence: 0.97)
2025-12-02 20:18:59 | INFO     | emotion_detector | Detected emotion: neutral (confidence: 0.93)
2025-12-02 20:19:00 | INFO     | emotion_detector | Detected emotion: neutral (confidence: 1.00)
2025-12-02 20:19:03 | INFO     | emotion_detector | Detected emotion: neutral (confidence: 1.00)
2025-12-02 20:19:06 | INFO     | emotion_detector | Detected emotion: neutral (confidence: 1.00)
2025-12-02 20:19:06 | INFO     | emotion_detector | Detected emotion: neutral (confidence: 0.98)
2025-12-02 20:19:10 | INFO     | emotion_detector | Detected emotion: neutral (confidence: 1.00)
2025-12-02 20:19:11 | INFO     | emotion_detector | Detected emotion: neutral (confidence: 1.00)
2025-12-02 20:19:13 | INFO     | emotion_detector | Detected emotion: neutral (confidence: 1.00)
2025-12-02 20:19:17 | WARNING  | emotion_detector | Failed to capture frame from camera
2025-12-02 20:19:17 | INFO     | emotion_detector | Detected emotion: fear (confidence: 0.76)
2025-12-02 20:19:20 | INFO     | emotion_detector | Detected emotion: sad (confidence: 0.54)
2025-12-02 20:19:23 | INFO     | emotion_detector | Detected emotion: neutral (confidence: 0.82)
2025-12-02 20:19:24 | INFO     | emotion_detector | Detected emotion: neutral (confidence: 1.00)
2025-12-02 20:19:26 | INFO     | emotion_detector | Detected emotion: neutral (confidence: 0.98)
2025-12-02 20:19:29 | INFO     | emotion_detector | Detected emotion: neutral (confidence: 1.00)
2025-12-02 20:19:31 | INFO     | emotion_detector | Detected emotion: neutral (confidence: 1.00)
2025-12-02 20:19:33 | INFO     | emotion_detector | Detected emotion: neutral (confidence: 0.99)
2025-12-02 20:19:35 | INFO     | emotion_detector | Detected emotion: neutral (confidence: 0.99)
2025-12-02 20:19:37 | INFO     | emotion_detector | Detected emotion: neutral (confidence: 1.00)
2025-12-02 20:19:40 | INFO     | emotion_detector | Detected emotion: neutral (confidence: 1.00)
2025-12-02 20:19:41 | INFO     | emotion_detector | Detected emotion: neutral (confidence: 0.99)
2025-12-02 20:19:44 | INFO     | emotion_detector | Detected emotion: neutral (confidence: 1.00)
2025-12-02 20:19:47 | INFO     | emotion_detector | Detected emotion: neutral (confidence: 1.00)
2025-12-02 20:19:47 | INFO     | emotion_detector | Detected emotion: neutral (confidence: 1.00)
2025-12-02 20:19:51 | INFO     | emotion_detector | Detected emotion: neutral (confidence: 0.67)
2025-12-02 20:19:53 | INFO     | emotion_detector | Detected emotion: angry (confidence: 0.51)
2025-12-02 20:19:54 | INFO     | emotion_detector | Detected emotion: angry (confidence: 0.55)
2025-12-02 20:19:58 | INFO     | emotion_detector | Detected emotion: angry (confidence: 0.58)
2025-12-02 20:19:59 | INFO     | emotion_detector | Detected emotion: angry (confidence: 0.97)
2025-12-02 20:20:00 | INFO     | emotion_detector | Detected emotion: neutral (confidence: 0.43)
2025-12-02 20:20:04 | WARNING  | emotion_detector | Failed to capture frame from camera
2025-12-02 20:20:05 | INFO     | emotion_detector | Detected emotion: angry (confidence: 0.86)
2025-12-02 20:20:07 | INFO     | emotion_detector | Detected emotion: neutral (confidence: 0.61)
2025-12-02 20:20:11 | INFO     | emotion_detector | Detected emotion: neutral (confidence: 0.63)
2025-12-02 20:20:11 | INFO     | emotion_detector | Detected emotion: sad (confidence: 0.80)
2025-12-02 20:20:14 | INFO     | emotion_detector | Detected emotion: angry (confidence: 0.83)
2025-12-02 20:20:16 | INFO     | emotion_detector | Detected emotion: sad (confidence: 0.56)
2025-12-02 20:20:18 | INFO     | emotion_detector | Detected emotion: sad (confidence: 0.95)
2025-12-02 20:20:20 | INFO     | emotion_detector | Detected emotion: neutral (confidence: 0.49)
2025-12-02 20:20:22 | INFO     | emotion_detector | Detected emotion: angry (confidence: 0.97)
2025-12-02 20:20:24 | INFO     | emotion_detector | Detected emotion: neutral (confidence: 0.73)
2025-12-02 20:20:27 | INFO     | emotion_detector | Detected emotion: angry (confidence: 0.49)
2025-12-02 20:20:28 | INFO     | emotion_detector | Detected emotion: sad (confidence: 0.48)
2025-12-02 20:20:31 | INFO     | emotion_detector | Detected emotion: fear (confidence: 0.84)
2025-12-02 20:20:33 | WARNING  | emotion_detector | Failed to capture frame from camera
2025-12-02 20:20:33 | INFO     | emotion_detector | Detected emotion: sad (confidence: 0.57)
2025-12-02 20:20:38 | INFO     | emotion_detector | Detected emotion: angry (confidence: 0.99)
2025-12-02 20:20:39 | INFO     | emotion_detector | Detected emotion: sad (confidence: 0.56)
2025-12-02 20:20:40 | INFO     | emotion_detector | Detected emotion: neutral (confidence: 1.00)
2025-12-02 20:20:45 | INFO     | emotion_detector | Detected emotion: neutral (confidence: 1.00)
2025-12-02 20:20:46 | INFO     | emotion_detector | Detected emotion: neutral (confidence: 0.84)
2025-12-02 20:20:47 | INFO     | emotion_detector | Detected emotion: neutral (confidence: 0.95)
2025-12-02 20:20:51 | INFO     | emotion_detector | Detected emotion: neutral (confidence: 0.88)
2025-12-02 20:20:53 | INFO     | emotion_detector | Detected emotion: neutral (confidence: 0.92)
2025-12-02 20:20:54 | INFO     | emotion_detector | Detected emotion: neutral (confidence: 0.90)
2025-12-02 20:20:56 | INFO     | emotion_detector | Detected emotion: neutral (confidence: 1.00)
2025-12-02 20:20:59 | INFO     | emotion_detector | Detected emotion: neutral (confidence: 0.77)
2025-12-02 20:21:01 | INFO     | emotion_detector | Detected emotion: neutral (confidence: 0.87)
2025-12-02 20:21:02 | INFO     | emotion_detector | Detected emotion: neutral (confidence: 1.00)
2025-12-02 20:21:07 | INFO     | emotion_detector | Detected emotion: neutral (confidence: 1.00)
2025-12-02 20:21:08 | INFO     | emotion_detector | Detected emotion: neutral (confidence: 1.00)
2025-12-02 20:21:08 | INFO     | emotion_detector | Detected emotion: surprise (confidence: 0.99)
2025-12-02 20:21:14 | INFO     | emotion_detector | Detected emotion: neutral (confidence: 0.92)
2025-12-02 20:21:14 | WARNING  | emotion_detector | Failed to capture frame from camera
2025-12-02 20:21:15 | INFO     | emotion_detector | Detected emotion: fear (confidence: 0.93)
2025-12-02 20:21:21 | WARNING  | emotion_detector | Failed to capture frame from camera
2025-12-02 20:21:21 | INFO     | emotion_detector | Detected emotion: neutral (confidence: 0.92)
2025-12-02 20:21:22 | INFO     | emotion_detector | Detected emotion: neutral (confidence: 0.97)
2025-12-02 20:21:29 | INFO     | emotion_detector | Detected emotion: happy (confidence: 0.91)
2025-12-02 20:21:31 | INFO     | emotion_detector | Detected emotion: neutral (confidence: 0.98)
2025-12-02 20:21:31 | INFO     | emotion_detector | Detected emotion: neutral (confidence: 1.00)
2025-12-02 20:21:35 | INFO     | emotion_detector | Detected emotion: neutral (confidence: 1.00)
2025-12-02 20:21:37 | INFO     | emotion_detector | Detected emotion: neutral (confidence: 1.00)
2025-12-02 20:21:38 | INFO     | emotion_detector | Detected emotion: neutral (confidence: 0.99)
2025-12-02 20:21:41 | INFO     | emotion_detector | Detected emotion: neutral (confidence: 0.99)
2025-12-02 20:21:44 | INFO     | emotion_detector | Detected emotion: angry (confidence: 0.47)
2025-12-02 20:21:46 | INFO     | emotion_detector | Detected emotion: neutral (confidence: 0.87)
2025-12-02 20:21:47 | INFO     | emotion_detector | Detected emotion: happy (confidence: 0.85)
2025-12-02 20:21:55 | INFO     | emotion_detector | Detected emotion: neutral (confidence: 1.00)
2025-12-02 20:21:56 | WARNING  | emotion_detector | Failed to capture frame from camera
2025-12-02 20:21:56 | INFO     | emotion_detector | Detected emotion: neutral (confidence: 1.00)
2025-12-02 20:22:06 | INFO     | emotion_detector | Detected emotion: neutral (confidence: 1.00)
2025-12-02 20:22:07 | INFO     | emotion_detector | Detected emotion: neutral (confidence: 1.00)
2025-12-02 20:22:07 | INFO     | emotion_detector | Detected emotion: neutral (confidence: 1.00)
2025-12-02 20:22:16 | INFO     | emotion_detector | Detected emotion: neutral (confidence: 1.00)
2025-12-02 20:22:17 | INFO     | emotion_detector | Detected emotion: neutral (confidence: 1.00)
2025-12-02 20:22:18 | INFO     | emotion_detector | Detected emotion: neutral (confidence: 1.00)
2025-12-02 20:22:27 | INFO     | emotion_detector | Detected emotion: neutral (confidence: 1.00)
2025-12-02 20:22:28 | INFO     | emotion_detector | Detected emotion: angry (confidence: 0.64)
2025-12-02 20:22:29 | INFO     | emotion_detector | Detected emotion: neutral (confidence: 0.86)
2025-12-02 20:22:36 | INFO     | emotion_detector | Detected emotion: neutral (confidence: 0.91)
2025-12-02 20:22:39 | INFO     | emotion_detector | Detected emotion: neutral (confidence: 1.00)
2025-12-02 20:22:40 | INFO     | emotion_detector | Detected emotion: neutral (confidence: 1.00)
2025-12-02 20:22:45 | INFO     | emotion_detector | Detected emotion: angry (confidence: 0.99)
2025-12-02 20:22:50 | INFO     | emotion_detector | Detected emotion: fear (confidence: 0.37)
2025-12-02 20:22:51 | INFO     | emotion_detector | Detected emotion: neutral (confidence: 0.66)
2025-12-02 20:22:54 | INFO     | emotion_detector | Detected emotion: neutral (confidence: 0.94)
2025-12-02 20:23:01 | INFO     | emotion_detector | Detected emotion: neutral (confidence: 1.00)
2025-12-02 20:23:01 | INFO     | emotion_detector | Detected emotion: neutral (confidence: 1.00)
2025-12-02 20:23:04 | INFO     | emotion_detector | Detected emotion: angry (confidence: 0.64)
2025-12-02 20:23:11 | INFO     | emotion_detector | Detected emotion: neutral (confidence: 1.00)
2025-12-02 20:23:13 | INFO     | emotion_detector | Detected emotion: neutral (confidence: 1.00)
2025-12-02 20:23:14 | INFO     | emotion_detector | Detected emotion: neutral (confidence: 1.00)
2025-12-02 20:23:20 | INFO     | emotion_detector | Detected emotion: neutral (confidence: 1.00)
2025-12-02 20:23:22 | WARNING  | emotion_detector | Failed to capture frame from camera
2025-12-02 20:23:22 | INFO     | emotion_detector | Detected emotion: neutral (confidence: 0.93)
2025-12-02 20:23:30 | WARNING  | emotion_detector | Failed to capture frame from camera
2025-12-02 20:23:30 | INFO     | emotion_detector | Detected emotion: neutral (confidence: 1.00)
2025-12-02 20:23:31 | INFO     | emotion_detector | Detected emotion: neutral (confidence: 1.00)
2025-12-02 20:23:36 | INFO     | emotion_detector | Detected emotion: happy (confidence: 1.00)
2025-12-02 20:23:37 | INFO     | emotion_detector | Detected emotion: neutral (confidence: 1.00)
2025-12-02 20:23:38 | INFO     | emotion_detector | Detected emotion: neutral (confidence: 0.96)
2025-12-02 20:23:42 | INFO     | emotion_detector | Detected emotion: happy (confidence: 0.52)
2025-12-02 20:23:44 | INFO     | emotion_detector | Detected emotion: angry (confidence: 0.64)
2025-12-02 20:23:45 | INFO     | emotion_detector | Detected emotion: sad (confidence: 0.67)
2025-12-02 20:23:47 | INFO     | emotion_detector | Detected emotion: neutral (confidence: 1.00)
2025-12-02 20:23:51 | INFO     | emotion_detector | Detected emotion: neutral (confidence: 0.64)
2025-12-02 20:23:52 | INFO     | emotion_detector | Detected emotion: sad (confidence: 0.97)
2025-12-02 20:23:53 | INFO     | emotion_detector | Detected emotion: neutral (confidence: 0.95)
2025-12-02 20:23:58 | INFO     | emotion_detector | Detected emotion: fear (confidence: 0.76)
2025-12-02 20:23:59 | INFO     | emotion_detector | Detected emotion: fear (confidence: 0.57)
2025-12-02 20:23:59 | INFO     | emotion_detector | Detected emotion: fear (confidence: 0.53)
2025-12-02 20:24:05 | INFO     | emotion_detector | Detected emotion: sad (confidence: 0.92)
2025-12-02 20:24:06 | INFO     | emotion_detector | Detected emotion: angry (confidence: 0.86)
2025-12-02 20:24:06 | INFO     | emotion_detector | Detected emotion: happy (confidence: 0.85)
2025-12-02 20:24:12 | INFO     | emotion_detector | Detected emotion: neutral (confidence: 0.63)
2025-12-02 20:24:12 | INFO     | emotion_detector | Detected emotion: neutral (confidence: 0.99)
2025-12-02 20:24:13 | INFO     | emotion_detector | Detected emotion: happy (confidence: 0.79)
2025-12-02 20:24:18 | INFO     | emotion_detector | Detected emotion: fear (confidence: 0.39)
2025-12-02 20:24:19 | INFO     | emotion_detector | Detected emotion: neutral (confidence: 1.00)
2025-12-02 20:24:20 | INFO     | emotion_detector | Detected emotion: neutral (confidence: 0.84)
2025-12-02 20:24:24 | INFO     | emotion_detector | Detected emotion: happy (confidence: 0.60)
2025-12-02 20:24:25 | INFO     | emotion_detector | Detected emotion: happy (confidence: 0.32)
2025-12-02 20:24:27 | INFO     | emotion_detector | Detected emotion: angry (confidence: 0.33)
2025-12-02 20:24:32 | INFO     | emotion_detector | Detected emotion: neutral (confidence: 1.00)
2025-12-02 20:24:35 | INFO     | emotion_detector | Bias correction: Switched from fear/sad to neutral (neutral score: 0.27)
2025-12-02 20:24:35 | INFO     | emotion_detector | Detected emotion: neutral (confidence: 0.27)
2025-12-02 20:24:37 | INFO     | emotion_detector | Detected emotion: neutral (confidence: 0.34)
2025-12-02 20:24:39 | INFO     | emotion_detector | Detected emotion: happy (confidence: 0.51)
2025-12-02 20:24:42 | INFO     | emotion_detector | Detected emotion: happy (confidence: 0.97)
2025-12-02 20:24:44 | INFO     | emotion_detector | Detected emotion: fear (confidence: 0.43)
2025-12-02 20:24:45 | INFO     | emotion_detector | Detected emotion: happy (confidence: 0.97)
2025-12-02 20:24:49 | INFO     | emotion_detector | Detected emotion: sad (confidence: 0.56)
2025-12-02 20:24:50 | WARNING  | emotion_detector | Failed to capture frame from camera
2025-12-02 20:24:51 | INFO     | emotion_detector | Detected emotion: neutral (confidence: 0.79)
2025-12-02 20:24:56 | INFO     | emotion_detector | Detected emotion: happy (confidence: 0.34)
2025-12-02 20:24:56 | INFO     | emotion_detector | Detected emotion: happy (confidence: 0.47)
2025-12-02 20:24:58 | INFO     | emotion_detector | Detected emotion: neutral (confidence: 0.99)
2025-12-02 20:25:02 | INFO     | emotion_detector | Detected emotion: sad (confidence: 0.95)
2025-12-02 20:25:03 | INFO     | emotion_detector | Detected emotion: neutral (confidence: 0.95)
2025-12-02 20:25:05 | INFO     | emotion_detector | Detected emotion: sad (confidence: 0.74)
2025-12-02 20:25:08 | INFO     | emotion_detector | Detected emotion: neutral (confidence: 0.97)
2025-12-02 20:25:09 | INFO     | emotion_detector | Detected emotion: angry (confidence: 0.49)
2025-12-02 20:25:11 | INFO     | emotion_detector | Detected emotion: sad (confidence: 0.89)
2025-12-02 20:25:14 | INFO     | emotion_detector | Detected emotion: angry (confidence: 0.36)
2025-12-02 20:25:16 | INFO     | emotion_detector | Detected emotion: sad (confidence: 0.39)
2025-12-02 20:25:18 | INFO     | emotion_detector | Detected emotion: neutral (confidence: 1.00)
2025-12-02 20:25:20 | INFO     | emotion_detector | Detected emotion: angry (confidence: 0.62)
2025-12-02 20:25:23 | INFO     | emotion_detector | Detected emotion: neutral (confidence: 1.00)
2025-12-02 20:25:25 | WARNING  | emotion_detector | Failed to capture frame from camera
2025-12-02 20:25:25 | INFO     | emotion_detector | Detected emotion: neutral (confidence: 0.99)
2025-12-02 20:25:30 | INFO     | emotion_detector | Detected emotion: angry (confidence: 0.28)
2025-12-02 20:25:32 | INFO     | emotion_detector | Detected emotion: sad (confidence: 0.44)
2025-12-02 20:25:32 | INFO     | emotion_detector | Detected emotion: happy (confidence: 0.84)
2025-12-02 20:25:36 | INFO     | emotion_detector | Detected emotion: neutral (confidence: 0.94)
2025-12-02 20:25:38 | INFO     | emotion_detector | Detected emotion: fear (confidence: 0.32)
2025-12-02 20:25:39 | INFO     | emotion_detector | Detected emotion: neutral (confidence: 1.00)
2025-12-02 20:25:43 | WARNING  | emotion_detector | Failed to capture frame from camera
2025-12-02 20:25:43 | INFO     | emotion_detector | Detected emotion: neutral (confidence: 0.54)
2025-12-02 20:25:46 | INFO     | emotion_detector | Detected emotion: neutral (confidence: 0.51)
2025-12-02 20:25:48 | INFO     | emotion_detector | Detected emotion: neutral (confidence: 0.95)
2025-12-02 20:25:50 | INFO     | emotion_detector | Detected emotion: neutral (confidence: 1.00)
2025-12-02 20:25:52 | INFO     | emotion_detector | Detected emotion: fear (confidence: 0.75)
2025-12-02 20:25:54 | INFO     | emotion_detector | Bias correction: Switched from fear/sad to neutral (neutral score: 0.35)
2025-12-02 20:25:54 | INFO     | emotion_detector | Detected emotion: neutral (confidence: 0.35)
2025-12-02 20:25:56 | INFO     | emotion_detector | Detected emotion: neutral (confidence: 1.00)
2025-12-02 20:25:59 | INFO     | emotion_detector | Detected emotion: neutral (confidence: 0.99)
2025-12-02 20:26:00 | INFO     | emotion_detector | Detected emotion: neutral (confidence: 0.90)
2025-12-02 20:26:03 | INFO     | emotion_detector | Detected emotion: fear (confidence: 0.51)
2025-12-02 20:26:06 | INFO     | emotion_detector | Detected emotion: neutral (confidence: 0.94)
2025-12-02 20:26:07 | INFO     | emotion_detector | Detected emotion: angry (confidence: 0.66)
2025-12-02 20:26:10 | INFO     | emotion_detector | Detected emotion: neutral (confidence: 1.00)
2025-12-02 20:26:12 | INFO     | emotion_detector | Detected emotion: neutral (confidence: 0.47)
2025-12-02 20:26:14 | INFO     | emotion_detector | Detected emotion: happy (confidence: 0.97)
2025-12-02 20:26:17 | INFO     | emotion_detector | Detected emotion: happy (confidence: 1.00)
2025-12-02 20:26:19 | INFO     | emotion_detector | Detected emotion: angry (confidence: 0.84)
2025-12-02 20:26:21 | INFO     | emotion_detector | Detected emotion: happy (confidence: 0.91)
2025-12-02 20:26:25 | INFO     | emotion_detector | Detected emotion: neutral (confidence: 0.61)
2025-12-02 20:26:25 | INFO     | emotion_detector | Detected emotion: neutral (confidence: 0.84)
2025-12-02 20:26:29 | INFO     | emotion_detector | Detected emotion: happy (confidence: 0.73)
2025-12-02 20:26:32 | INFO     | emotion_detector | Detected emotion: fear (confidence: 0.38)
2025-12-02 20:26:32 | INFO     | emotion_detector | Detected emotion: happy (confidence: 0.77)
2025-12-02 20:26:35 | INFO     | emotion_detector | Detected emotion: neutral (confidence: 0.88)
2025-12-02 20:26:38 | INFO     | emotion_detector | Detected emotion: happy (confidence: 1.00)
2025-12-02 20:26:39 | INFO     | emotion_detector | Detected emotion: fear (confidence: 0.86)
2025-12-02 20:26:42 | INFO     | emotion_detector | Detected emotion: happy (confidence: 0.82)
2025-12-02 20:26:44 | INFO     | emotion_detector | Detected emotion: neutral (confidence: 0.97)
2025-12-02 20:26:46 | INFO     | emotion_detector | Detected emotion: fear (confidence: 0.45)
2025-12-02 20:26:50 | WARNING  | emotion_detector | Failed to capture frame from camera
2025-12-02 20:26:50 | INFO     | emotion_detector | Bias correction: Switched from fear/sad to happy (happy score: 0.43)
2025-12-02 20:26:50 | INFO     | emotion_detector | Detected emotion: happy (confidence: 0.43)
2025-12-02 20:26:53 | INFO     | emotion_detector | Detected emotion: neutral (confidence: 0.38)
2025-12-02 20:26:56 | WARNING  | emotion_detector | Failed to capture frame from camera
2025-12-02 20:26:57 | INFO     | emotion_detector | Detected emotion: fear (confidence: 0.64)
2025-12-02 20:27:00 | INFO     | emotion_detector | Detected emotion: angry (confidence: 1.00)
2025-12-02 20:27:02 | INFO     | emotion_detector | Detected emotion: sad (confidence: 0.92)
2025-12-02 20:27:03 | INFO     | emotion_detector | Detected emotion: fear (confidence: 0.44)
2025-12-02 20:27:06 | INFO     | emotion_detector | Detected emotion: happy (confidence: 0.87)
2025-12-02 20:27:08 | INFO     | emotion_detector | Detected emotion: happy (confidence: 0.56)
2025-12-02 20:27:10 | INFO     | emotion_detector | Detected emotion: fear (confidence: 0.75)
2025-12-02 20:27:13 | INFO     | emotion_detector | Detected emotion: sad (confidence: 0.56)
2025-12-02 20:27:14 | INFO     | emotion_detector | Detected emotion: happy (confidence: 0.28)
2025-12-02 20:27:17 | INFO     | emotion_detector | Detected emotion: sad (confidence: 0.56)
2025-12-02 20:27:23 | INFO     | emotion_detector | Detected emotion: neutral (confidence: 0.95)
2025-12-02 20:27:25 | INFO     | emotion_detector | Detected emotion: angry (confidence: 1.00)
2025-12-02 20:27:26 | INFO     | emotion_detector | Detected emotion: fear (confidence: 0.38)
2025-12-02 20:27:30 | INFO     | emotion_detector | Detected emotion: happy (confidence: 0.71)
2025-12-02 20:27:34 | INFO     | emotion_detector | Detected emotion: angry (confidence: 0.35)
2025-12-02 20:27:36 | INFO     | emotion_detector | Detected emotion: happy (confidence: 1.00)
2025-12-02 20:27:38 | INFO     | emotion_detector | Detected emotion: fear (confidence: 0.66)
2025-12-02 20:27:43 | INFO     | emotion_detector | Detected emotion: neutral (confidence: 0.77)
2025-12-02 20:27:45 | INFO     | emotion_detector | Detected emotion: surprise (confidence: 0.56)
2025-12-02 20:27:46 | INFO     | emotion_detector | Detected emotion: surprise (confidence: 0.86)
2025-12-02 20:27:51 | INFO     | emotion_detector | Detected emotion: neutral (confidence: 0.57)
2025-12-02 20:27:52 | WARNING  | emotion_detector | Failed to capture frame from camera
2025-12-02 20:27:52 | INFO     | emotion_detector | Detected emotion: happy (confidence: 1.00)
2025-12-02 20:27:58 | WARNING  | emotion_detector | Failed to capture frame from camera
2025-12-02 20:27:59 | INFO     | emotion_detector | Detected emotion: neutral (confidence: 0.50)
2025-12-02 20:28:00 | INFO     | emotion_detector | Detected emotion: happy (confidence: 0.73)
2025-12-02 20:28:04 | INFO     | emotion_detector | Detected emotion: happy (confidence: 0.76)
2025-12-02 20:28:06 | INFO     | emotion_detector | Detected emotion: neutral (confidence: 0.47)
2025-12-02 20:28:07 | INFO     | emotion_detector | Detected emotion: fear (confidence: 0.41)
2025-12-02 20:28:10 | INFO     | emotion_detector | Detected emotion: happy (confidence: 0.38)
2025-12-02 20:28:13 | INFO     | emotion_detector | Detected emotion: happy (confidence: 0.94)
2025-12-02 20:28:14 | INFO     | emotion_detector | Bias correction: Switched from fear/sad to neutral (neutral score: 0.23)
2025-12-02 20:28:14 | INFO     | emotion_detector | Detected emotion: neutral (confidence: 0.23)
2025-12-02 20:28:16 | INFO     | emotion_detector | Detected emotion: happy (confidence: 0.80)
2025-12-02 20:28:20 | INFO     | emotion_detector | Detected emotion: happy (confidence: 0.94)
2025-12-02 20:28:21 | WARNING  | emotion_detector | Failed to capture frame from camera
2025-12-02 20:28:22 | INFO     | emotion_detector | Detected emotion: happy (confidence: 0.58)
2025-12-02 20:28:27 | INFO     | emotion_detector | Detected emotion: fear (confidence: 0.54)
2025-12-02 20:28:28 | INFO     | emotion_detector | Detected emotion: neutral (confidence: 1.00)
2025-12-02 20:28:29 | INFO     | emotion_detector | Detected emotion: neutral (confidence: 1.00)
2025-12-02 20:28:34 | INFO     | emotion_detector | Detected emotion: neutral (confidence: 0.95)
2025-12-02 20:28:35 | INFO     | emotion_detector | Detected emotion: happy (confidence: 0.39)
2025-12-02 20:28:36 | INFO     | emotion_detector | Detected emotion: angry (confidence: 0.49)
2025-12-02 20:28:41 | INFO     | emotion_detector | Detected emotion: neutral (confidence: 1.00)
2025-12-02 20:28:41 | INFO     | emotion_detector | Detected emotion: neutral (confidence: 1.00)
2025-12-02 20:28:43 | INFO     | emotion_detector | Detected emotion: sad (confidence: 0.83)
2025-12-02 20:28:47 | INFO     | emotion_detector | Detected emotion: surprise (confidence: 0.49)
2025-12-02 20:28:48 | INFO     | emotion_detector | Detected emotion: fear (confidence: 0.34)
2025-12-02 20:28:50 | INFO     | emotion_detector | Detected emotion: neutral (confidence: 0.89)
2025-12-02 20:28:52 | INFO     | emotion_detector | Detected emotion: fear (confidence: 0.51)
2025-12-02 20:28:55 | INFO     | emotion_detector | Detected emotion: fear (confidence: 0.78)
2025-12-02 20:28:56 | INFO     | emotion_detector | Detected emotion: fear (confidence: 0.98)
2025-12-02 20:28:58 | INFO     | emotion_detector | Detected emotion: fear (confidence: 0.96)
2025-12-02 20:29:02 | INFO     | emotion_detector | Detected emotion: neutral (confidence: 0.99)
2025-12-02 20:29:03 | WARNING  | emotion_detector | Failed to capture frame from camera
2025-12-02 20:29:04 | INFO     | emotion_detector | Bias correction: Switched from fear/sad to neutral (neutral score: 0.47)
2025-12-02 20:29:04 | INFO     | emotion_detector | Detected emotion: neutral (confidence: 0.47)
2025-12-02 20:29:09 | INFO     | emotion_detector | Detected emotion: happy (confidence: 0.50)
2025-12-02 20:29:10 | INFO     | emotion_detector | Detected emotion: neutral (confidence: 0.48)
2025-12-02 20:29:11 | INFO     | emotion_detector | Detected emotion: neutral (confidence: 0.98)
2025-12-02 20:29:16 | INFO     | emotion_detector | Detected emotion: neutral (confidence: 0.93)
2025-12-02 20:29:16 | INFO     | emotion_detector | Detected emotion: neutral (confidence: 0.86)
2025-12-02 20:29:18 | INFO     | emotion_detector | Detected emotion: neutral (confidence: 0.98)
2025-12-02 20:29:22 | INFO     | emotion_detector | Detected emotion: neutral (confidence: 0.80)
2025-12-02 20:29:23 | INFO     | emotion_detector | Detected emotion: happy (confidence: 0.86)
2025-12-02 20:29:25 | INFO     | emotion_detector | Detected emotion: angry (confidence: 0.63)
2025-12-02 20:29:28 | INFO     | emotion_detector | Detected emotion: neutral (confidence: 0.84)
2025-12-02 20:29:29 | INFO     | emotion_detector | Detected emotion: angry (confidence: 0.70)
2025-12-02 20:29:31 | INFO     | emotion_detector | Detected emotion: neutral (confidence: 0.83)
2025-12-02 20:29:34 | INFO     | emotion_detector | Detected emotion: fear (confidence: 0.61)
2025-12-02 20:29:37 | INFO     | emotion_detector | Detected emotion: neutral (confidence: 0.44)
2025-12-02 20:29:39 | INFO     | emotion_detector | Detected emotion: neutral (confidence: 0.67)
2025-12-02 20:29:40 | INFO     | emotion_detector | Bias correction: Switched from fear/sad to neutral (neutral score: 0.21)
2025-12-02 20:29:40 | INFO     | emotion_detector | Detected emotion: neutral (confidence: 0.21)
2025-12-02 20:29:44 | INFO     | emotion_detector | Detected emotion: neutral (confidence: 1.00)
2025-12-02 20:29:46 | WARNING  | emotion_detector | Failed to capture frame from camera
2025-12-02 20:29:46 | INFO     | emotion_detector | Detected emotion: fear (confidence: 0.48)
2025-12-02 20:29:51 | INFO     | emotion_detector | Detected emotion: neutral (confidence: 0.65)
2025-12-02 20:29:52 | WARNING  | emotion_detector | Failed to capture frame from camera
2025-12-02 20:29:52 | INFO     | emotion_detector | Detected emotion: neutral (confidence: 0.56)
2025-12-02 20:29:57 | WARNING  | emotion_detector | Failed to capture frame from camera
2025-12-02 20:29:58 | INFO     | emotion_detector | Detected emotion: fear (confidence: 0.48)
2025-12-02 20:29:59 | INFO     | emotion_detector | Detected emotion: sad (confidence: 0.65)
2025-12-02 20:30:03 | INFO     | emotion_detector | Detected emotion: neutral (confidence: 0.96)
2025-12-02 20:30:05 | INFO     | emotion_detector | Detected emotion: happy (confidence: 0.82)
2025-12-02 20:30:06 | INFO     | emotion_detector | Bias correction: Switched from fear/sad to happy (happy score: 0.49)
2025-12-02 20:30:06 | INFO     | emotion_detector | Detected emotion: happy (confidence: 0.49)
2025-12-02 20:30:09 | INFO     | emotion_detector | Detected emotion: angry (confidence: 0.65)
2025-12-02 20:30:12 | INFO     | emotion_detector | Detected emotion: happy (confidence: 0.72)
2025-12-02 20:30:13 | INFO     | emotion_detector | Detected emotion: fear (confidence: 0.76)
2025-12-02 20:30:15 | INFO     | emotion_detector | Detected emotion: fear (confidence: 0.58)
2025-12-02 20:30:18 | INFO     | emotion_detector | Detected emotion: angry (confidence: 0.51)
2025-12-02 20:30:20 | INFO     | emotion_detector | Detected emotion: fear (confidence: 0.75)
2025-12-02 20:30:21 | INFO     | emotion_detector | Detected emotion: fear (confidence: 0.59)
2025-12-02 20:30:25 | INFO     | emotion_detector | Detected emotion: fear (confidence: 0.70)
2025-12-02 20:30:27 | INFO     | emotion_detector | Detected emotion: neutral (confidence: 0.67)
2025-12-02 20:30:27 | INFO     | emotion_detector | Detected emotion: happy (confidence: 1.00)
2025-12-02 20:30:32 | INFO     | emotion_detector | Detected emotion: happy (confidence: 0.76)
2025-12-02 20:30:33 | INFO     | emotion_detector | Detected emotion: happy (confidence: 0.72)
2025-12-02 20:30:34 | INFO     | emotion_detector | Detected emotion: happy (confidence: 0.58)
2025-12-02 20:30:38 | WARNING  | emotion_detector | Failed to capture frame from camera
2025-12-02 20:30:39 | INFO     | emotion_detector | Detected emotion: fear (confidence: 0.80)
2025-12-02 20:30:41 | INFO     | emotion_detector | Detected emotion: happy (confidence: 1.00)
2025-12-02 20:30:47 | INFO     | emotion_detector | Detected emotion: happy (confidence: 0.68)
2025-12-02 20:30:49 | INFO     | emotion_detector | Detected emotion: neutral (confidence: 0.90)
2025-12-02 20:30:52 | INFO     | emotion_detector | Detected emotion: happy (confidence: 0.79)
2025-12-02 20:30:55 | INFO     | emotion_detector | Detected emotion: neutral (confidence: 0.99)
2025-12-02 20:30:58 | INFO     | emotion_detector | Detected emotion: neutral (confidence: 0.96)
2025-12-02 20:31:01 | INFO     | emotion_detector | Detected emotion: neutral (confidence: 0.97)
2025-12-02 20:31:04 | INFO     | emotion_detector | Detected emotion: happy (confidence: 0.91)
2025-12-02 20:31:04 | INFO     | emotion_detector | Emotion monitor updated for user: 1
2025-12-02 20:31:08 | INFO     | tts_output | Generating TTS with voice 'nova' for tone 'cheerful' (speed: 1.0)
2025-12-02 20:31:08 | INFO     | emotion_detector | Detected emotion: neutral (confidence: 1.00)
2025-12-02 20:31:12 | INFO     | emotion_detector | Detected emotion: neutral (confidence: 1.00)
2025-12-02 20:31:12 | INFO     | tts_output | TTS audio saved: C:\Users\SHIVANSH\Desktop\ROOMie\backend\audio\tmpwlwzeb5k.mp3
2025-12-02 20:31:12 | INFO     | app | ROOMie backend ready
2025-12-02 20:31:19 | INFO     | emotion_detector | Detected emotion: angry (confidence: 0.52)
2025-12-02 20:31:22 | INFO     | emotion_detector | Detected emotion: neutral (confidence: 0.85)
2025-12-02 20:31:29 | INFO     | emotion_detector | Detected emotion: happy (confidence: 0.86)
2025-12-02 20:31:31 | INFO     | emotion_calibration | Matched emotion: neutral (similarity: 0.73)
2025-12-02 20:31:31 | INFO     | emotion_detector | Personalized match: neutral (confidence: 0.73)
2025-12-02 20:31:32 | INFO     | emotion_detector | Detected emotion: neutral (confidence: 0.76)
2025-12-02 20:31:39 | INFO     | emotion_detector | Detected emotion: neutral (confidence: 0.56)
2025-12-02 20:31:40 | INFO     | emotion_calibration | Matched emotion: angry (similarity: 0.72)
2025-12-02 20:31:40 | INFO     | emotion_detector | Personalized match: angry (confidence: 0.72)
2025-12-02 20:31:42 | INFO     | emotion_detector | Detected emotion: neutral (confidence: 1.00)
2025-12-02 20:31:45 | INFO     | goals_manager | Added goal for user 1: I want to crack Google
2025-12-02 20:31:50 | INFO     | emotion_detector | Detected emotion: neutral (confidence: 0.74)
2025-12-02 20:31:50 | INFO     | emotion_calibration | Matched emotion: happy (similarity: 0.91)
2025-12-02 20:31:50 | INFO     | emotion_detector | Personalized match: happy (confidence: 0.91)
2025-12-02 20:31:52 | INFO     | emotion_detector | Detected emotion: happy (confidence: 0.99)
2025-12-02 20:32:01 | INFO     | emotion_calibration | Matched emotion: surprised (similarity: 0.71)
2025-12-02 20:32:01 | INFO     | emotion_detector | Personalized match: surprised (confidence: 0.71)
2025-12-02 20:32:01 | INFO     | emotion_detector | Detected emotion: neutral (confidence: 0.99)
2025-12-02 20:32:03 | INFO     | emotion_detector | Detected emotion: happy (confidence: 0.99)
2025-12-02 20:32:11 | INFO     | emotion_detector | Detected emotion: neutral (confidence: 0.71)
2025-12-02 20:32:12 | INFO     | emotion_calibration | Matched emotion: happy (similarity: 0.91)
2025-12-02 20:32:12 | INFO     | emotion_detector | Personalized match: happy (confidence: 0.91)
2025-12-02 20:32:14 | INFO     | emotion_detector | Detected emotion: neutral (confidence: 0.93)
2025-12-02 20:32:21 | INFO     | emotion_calibration | Matched emotion: neutral (similarity: 0.78)
2025-12-02 20:32:21 | INFO     | emotion_detector | Personalized match: neutral (confidence: 0.78)
2025-12-02 20:32:22 | INFO     | emotion_detector | Detected emotion: happy (confidence: 0.69)
2025-12-02 20:32:24 | INFO     | emotion_detector | Detected emotion: neutral (confidence: 0.77)
2025-12-02 20:32:31 | INFO     | emotion_calibration | Matched emotion: happy (similarity: 0.91)
2025-12-02 20:32:31 | INFO     | emotion_detector | Personalized match: happy (confidence: 0.91)
2025-12-02 20:32:33 | INFO     | emotion_detector | Detected emotion: neutral (confidence: 0.99)
2025-12-02 20:32:35 | INFO     | emotion_detector | Detected emotion: neutral (confidence: 0.99)
2025-12-02 20:32:39 | WARNING  | emotion_detector | Failed to capture frame from camera
2025-12-02 20:32:43 | INFO     | emotion_detector | Detected emotion: neutral (confidence: 1.00)
2025-12-02 20:32:46 | INFO     | emotion_detector | Detected emotion: neutral (confidence: 1.00)
2025-12-02 20:32:47 | WARNING  | emotion_detector | Failed to capture frame from camera
2025-12-02 20:32:53 | WARNING  | emotion_detector | Failed to capture frame from camera
2025-12-02 20:32:56 | WARNING  | emotion_detector | Failed to capture frame from camera
2025-12-02 20:32:56 | WARNING  | emotion_detector | Failed to capture frame from camera
2025-12-02 20:32:56 | INFO     | emotion_detector | Emotion monitor updated for user: 1
2025-12-02 20:32:58 | INFO     | ai_core | Proactive greeting generated: Hey Shivansh! I hope you’re having a great day. Ho...
2025-12-02 20:32:58 | INFO     | tts_output | Generating TTS with voice 'nova' for tone 'cheerful' (speed: 1.0)
2025-12-02 20:33:02 | INFO     | tts_output | TTS audio saved: C:\Users\SHIVANSH\Desktop\ROOMie\backend\audio\tmpuz6fb_jv.mp3
2025-12-02 20:33:05 | INFO     | emotion_detector | Detected emotion: fear (confidence: 0.48)
2025-12-02 20:33:07 | INFO     | emotion_calibration | Matched emotion: sad (similarity: 0.92)
2025-12-02 20:33:07 | INFO     | emotion_detector | Personalized match: sad (confidence: 0.92)
2025-12-02 20:33:07 | INFO     | emotion_detector | Detected emotion: neutral (confidence: 0.99)
2025-12-02 20:33:16 | INFO     | emotion_detector | Bias correction: Switched from fear/sad to neutral (neutral score: 0.32)
2025-12-02 20:33:16 | INFO     | emotion_detector | Detected emotion: neutral (confidence: 0.32)
2025-12-02 20:33:19 | INFO     | emotion_detector | Detected emotion: happy (confidence: 1.00)
2025-12-02 20:33:24 | INFO     | emotion_calibration | Matched emotion: happy (similarity: 0.91)
2025-12-02 20:33:24 | INFO     | emotion_detector | Personalized match: happy (confidence: 0.91)
2025-12-02 20:33:27 | INFO     | emotion_detector | Detected emotion: angry (confidence: 0.68)
2025-12-02 20:33:29 | INFO     | emotion_detector | Detected emotion: neutral (confidence: 0.94)
2025-12-02 20:33:34 | INFO     | emotion_calibration | Matched emotion: sad (similarity: 0.89)
2025-12-02 20:33:34 | INFO     | emotion_detector | Personalized match: sad (confidence: 0.89)
2025-12-02 20:33:39 | INFO     | emotion_detector | Detected emotion: happy (confidence: 0.74)
2025-12-02 20:33:41 | INFO     | emotion_detector | Detected emotion: neutral (confidence: 0.72)
2025-12-02 20:33:42 | INFO     | emotion_calibration | Matched emotion: neutral (similarity: 0.63)
2025-12-02 20:33:42 | INFO     | emotion_detector | Personalized match: neutral (confidence: 0.63)
2025-12-02 20:33:47 | INFO     | emotion_detector | Detected emotion: neutral (confidence: 0.84)
2025-12-02 20:33:48 | WARNING  | emotion_detector | Failed to capture frame from camera
2025-12-02 20:33:49 | INFO     | emotion_calibration | Matched emotion: happy (similarity: 0.61)
2025-12-02 20:33:49 | INFO     | emotion_detector | Personalized match: happy (confidence: 0.61)
2025-12-02 20:33:54 | INFO     | emotion_detector | Detected emotion: happy (confidence: 0.74)
2025-12-02 20:33:55 | INFO     | emotion_calibration | Matched emotion: sad (similarity: 0.76)
2025-12-02 20:33:55 | INFO     | emotion_detector | Personalized match: sad (confidence: 0.76)
2025-12-02 20:33:55 | INFO     | emotion_detector | Detected emotion: happy (confidence: 0.94)
2025-12-02 20:34:01 | INFO     | emotion_detector | Detected emotion: neutral (confidence: 0.77)
2025-12-02 20:34:01 | INFO     | emotion_calibration | Matched emotion: happy (similarity: 0.70)
2025-12-02 20:34:01 | INFO     | emotion_detector | Personalized match: happy (confidence: 0.70)
2025-12-02 20:34:02 | INFO     | emotion_detector | Detected emotion: happy (confidence: 0.96)
2025-12-02 20:34:07 | INFO     | emotion_calibration | Matched emotion: sad (similarity: 0.91)
2025-12-02 20:34:07 | INFO     | emotion_detector | Personalized match: sad (confidence: 0.91)
2025-12-02 20:34:07 | INFO     | emotion_detector | Detected emotion: neutral (confidence: 0.76)
2025-12-02 20:34:09 | INFO     | emotion_detector | Detected emotion: happy (confidence: 0.55)
2025-12-02 20:34:13 | INFO     | emotion_calibration | Matched emotion: sad (similarity: 0.66)
2025-12-02 20:34:13 | INFO     | emotion_detector | Personalized match: sad (confidence: 0.66)
2025-12-02 20:34:14 | INFO     | emotion_detector | Detected emotion: angry (confidence: 0.53)
2025-12-02 20:34:16 | INFO     | emotion_detector | Detected emotion: happy (confidence: 0.99)
2025-12-02 20:34:18 | INFO     | emotion_calibration | Matched emotion: happy (similarity: 0.62)
2025-12-02 20:34:18 | INFO     | emotion_detector | Personalized match: happy (confidence: 0.62)
2025-12-02 20:34:21 | INFO     | emotion_detector | Detected emotion: neutral (confidence: 0.69)
2025-12-02 20:34:23 | INFO     | emotion_detector | Detected emotion: fear (confidence: 0.50)
2025-12-02 20:34:24 | INFO     | emotion_calibration | Matched emotion: sad (similarity: 0.91)
2025-12-02 20:34:24 | INFO     | emotion_detector | Personalized match: sad (confidence: 0.91)
2025-12-02 20:34:28 | INFO     | emotion_detector | Detected emotion: happy (confidence: 0.55)
2025-12-02 20:34:30 | INFO     | emotion_detector | Detected emotion: neutral (confidence: 0.74)
2025-12-02 20:34:31 | INFO     | emotion_calibration | Matched emotion: angry (similarity: 0.72)
2025-12-02 20:34:31 | INFO     | emotion_detector | Personalized match: angry (confidence: 0.72)
2025-12-02 20:34:35 | INFO     | emotion_detector | Detected emotion: happy (confidence: 0.93)
2025-12-02 20:34:36 | WARNING  | emotion_detector | Failed to capture frame from camera
2025-12-02 20:34:37 | INFO     | emotion_calibration | Matched emotion: happy (similarity: 0.90)
2025-12-02 20:34:37 | INFO     | emotion_detector | Personalized match: happy (confidence: 0.90)
2025-12-02 20:34:42 | INFO     | emotion_detector | Detected emotion: happy (confidence: 0.64)
2025-12-02 20:34:45 | INFO     | emotion_calibration | Matched emotion: happy (similarity: 0.91)
2025-12-02 20:34:45 | INFO     | emotion_detector | Personalized match: happy (confidence: 0.91)
2025-12-02 20:34:45 | INFO     | emotion_detector | Detected emotion: neutral (confidence: 0.46)
2025-12-02 20:34:54 | INFO     | emotion_detector | Detected emotion: neutral (confidence: 1.00)
2025-12-02 20:34:56 | INFO     | emotion_calibration | Matched emotion: neutral (similarity: 0.77)
2025-12-02 20:34:56 | INFO     | emotion_detector | Personalized match: neutral (confidence: 0.77)
2025-12-02 20:34:57 | INFO     | emotion_detector | Detected emotion: neutral (confidence: 0.98)
2025-12-02 20:35:05 | INFO     | emotion_detector | Detected emotion: fear (confidence: 0.69)
2025-12-02 20:35:07 | INFO     | emotion_calibration | Matched emotion: sad (similarity: 0.70)
2025-12-02 20:35:07 | INFO     | emotion_detector | Personalized match: sad (confidence: 0.70)
2025-12-02 20:35:09 | INFO     | emotion_detector | Detected emotion: fear (confidence: 0.62)
2025-12-02 20:35:15 | INFO     | emotion_detector | Detected emotion: surprise (confidence: 0.48)
2025-12-02 20:35:17 | INFO     | emotion_calibration | Matched emotion: sad (similarity: 0.70)
2025-12-02 20:35:17 | INFO     | emotion_detector | Personalized match: sad (confidence: 0.70)
2025-12-02 20:35:19 | INFO     | emotion_detector | Detected emotion: happy (confidence: 0.82)
2025-12-02 20:35:20 | INFO     | conversation_memory | Created new user: Krishna
2025-12-02 20:35:20 | INFO     | emotion_detector | Emotion monitor updated for user: 2
2025-12-02 20:35:23 | INFO     | tts_output | Generating TTS with voice 'nova' for tone 'cheerful' (speed: 1.0)
2025-12-02 20:35:27 | INFO     | emotion_detector | Detected emotion: neutral (confidence: 0.99)
2025-12-02 20:35:27 | INFO     | tts_output | TTS audio saved: C:\Users\SHIVANSH\Desktop\ROOMie\backend\audio\tmptawj41gp.mp3
2025-12-02 20:35:28 | INFO     | emotion_calibration | Matched emotion: surprised (similarity: 0.91)
2025-12-02 20:35:28 | INFO     | emotion_detector | Personalized match: surprised (confidence: 0.91)
2025-12-02 20:35:30 | INFO     | emotion_detector | Detected emotion: neutral (confidence: 0.99)
2025-12-02 20:35:37 | INFO     | emotion_detector | Emotion monitor updated for user: 2
2025-12-02 20:35:39 | INFO     | ai_core | Proactive greeting generated: Hey Krishna! It's great to see you. How's your day...
2025-12-02 20:35:40 | INFO     | tts_output | Generating TTS with voice 'nova' for tone 'cheerful' (speed: 1.0)
2025-12-02 20:35:40 | INFO     | emotion_detector | Detected emotion: neutral (confidence: 1.00)
2025-12-02 20:35:41 | INFO     | emotion_detector | Detected emotion: happy (confidence: 0.51)
2025-12-02 20:35:45 | INFO     | emotion_detector | Detected emotion: angry (confidence: 0.37)
2025-12-02 20:35:45 | INFO     | tts_output | TTS audio saved: C:\Users\SHIVANSH\Desktop\ROOMie\backend\audio\tmpj0399ldy.mp3
2025-12-02 20:35:51 | WARNING  | emotion_detector | Failed to capture frame from camera
2025-12-02 20:35:52 | INFO     | emotion_detector | Detected emotion: neutral (confidence: 0.37)
2025-12-02 20:35:55 | INFO     | emotion_detector | Detected emotion: fear (confidence: 0.58)
2025-12-02 20:36:01 | INFO     | emotion_detector | Detected emotion: happy (confidence: 0.96)
2025-12-02 20:36:01 | INFO     | emotion_detector | Detected emotion: happy (confidence: 0.92)
2025-12-02 20:36:05 | INFO     | emotion_detector | Detected emotion: happy (confidence: 0.98)
2025-12-02 20:36:09 | INFO     | emotion_detector | Detected emotion: fear (confidence: 0.80)
2025-12-02 20:36:11 | INFO     | emotion_detector | Detected emotion: neutral (confidence: 0.79)
2025-12-02 20:36:16 | INFO     | emotion_detector | Detected emotion: neutral (confidence: 1.00)
2025-12-02 20:36:19 | INFO     | emotion_detector | Detected emotion: surprise (confidence: 0.35)
2025-12-02 20:36:22 | INFO     | emotion_detector | Detected emotion: happy (confidence: 1.00)
2025-12-02 20:36:26 | INFO     | emotion_detector | Detected emotion: neutral (confidence: 0.42)
2025-12-02 20:36:28 | INFO     | emotion_detector | Detected emotion: angry (confidence: 0.59)
2025-12-02 20:36:30 | INFO     | emotion_detector | Detected emotion: happy (confidence: 0.83)
2025-12-02 20:36:33 | INFO     | emotion_detector | Detected emotion: neutral (confidence: 0.92)
2025-12-02 20:36:34 | INFO     | emotion_detector | Detected emotion: happy (confidence: 0.96)
2025-12-02 20:36:39 | INFO     | emotion_detector | Detected emotion: neutral (confidence: 0.36)
2025-12-02 20:36:42 | WARNING  | emotion_detector | Failed to capture frame from camera
2025-12-02 20:36:43 | INFO     | emotion_detector | Detected emotion: happy (confidence: 0.85)
2025-12-02 20:36:50 | INFO     | emotion_detector | Emotion monitor updated for user: 1
2025-12-02 20:36:50 | INFO     | emotion_detector | Detected emotion: neutral (confidence: 1.00)
2025-12-02 20:36:53 | WARNING  | emotion_detector | Failed to capture frame from camera
2025-12-02 20:36:53 | INFO     | ai_core | Proactive greeting generated: Hey Shivansh! Hope you're having a great day. How'...
2025-12-02 20:36:53 | INFO     | tts_output | Generating TTS with voice 'nova' for tone 'cheerful' (speed: 1.0)
2025-12-02 20:36:53 | INFO     | emotion_detector | Detected emotion: neutral (confidence: 0.98)
2025-12-02 20:36:57 | INFO     | tts_output | TTS audio saved: C:\Users\SHIVANSH\Desktop\ROOMie\backend\audio\tmp19vn_hwh.mp3
2025-12-02 20:37:02 | INFO     | emotion_detector | Bias correction: Switched from fear/sad to neutral (neutral score: 0.33)
2025-12-02 20:37:02 | INFO     | emotion_detector | Detected emotion: neutral (confidence: 0.33)
2025-12-02 20:37:04 | INFO     | emotion_calibration | Matched emotion: angry (similarity: 0.85)
2025-12-02 20:37:04 | INFO     | emotion_detector | Personalized match: angry (confidence: 0.85)
2025-12-02 20:37:05 | INFO     | emotion_detector | Detected emotion: angry (confidence: 0.52)
2025-12-02 20:37:13 | INFO     | emotion_detector | Detected emotion: fear (confidence: 0.32)
2025-12-02 20:37:15 | INFO     | emotion_calibration | Matched emotion: surprised (similarity: 0.93)
2025-12-02 20:37:15 | INFO     | emotion_detector | Personalized match: surprised (confidence: 0.93)
2025-12-02 20:37:17 | INFO     | emotion_detector | Detected emotion: fear (confidence: 0.66)
2025-12-02 20:37:23 | INFO     | emotion_detector | Detected emotion: happy (confidence: 0.93)
2025-12-02 20:37:23 | INFO     | emotion_calibration | Matched emotion: happy (similarity: 0.90)
2025-12-02 20:37:23 | INFO     | emotion_detector | Personalized match: happy (confidence: 0.90)
2025-12-02 20:37:24 | INFO     | emotion_detector | Detected emotion: surprise (confidence: 0.42)
2025-12-02 20:37:29 | INFO     | emotion_calibration | Matched emotion: sad (similarity: 0.72)
2025-12-02 20:37:29 | INFO     | emotion_detector | Personalized match: sad (confidence: 0.72)
2025-12-02 20:37:30 | INFO     | emotion_detector | Detected emotion: fear (confidence: 0.68)
2025-12-02 20:37:31 | INFO     | emotion_detector | Detected emotion: neutral (confidence: 0.97)
2025-12-02 20:37:35 | INFO     | emotion_calibration | Matched emotion: happy (similarity: 0.66)
2025-12-02 20:37:35 | INFO     | emotion_detector | Personalized match: happy (confidence: 0.66)
2025-12-02 20:37:37 | INFO     | emotion_detector | Detected emotion: sad (confidence: 0.37)
2025-12-02 20:37:38 | INFO     | emotion_detector | Detected emotion: neutral (confidence: 0.46)
2025-12-02 20:37:41 | INFO     | emotion_calibration | Matched emotion: surprised (similarity: 0.90)
2025-12-02 20:37:41 | INFO     | emotion_detector | Personalized match: surprised (confidence: 0.90)
2025-12-02 20:37:43 | INFO     | emotion_detector | Detected emotion: fear (confidence: 0.90)
2025-12-02 20:37:45 | INFO     | emotion_detector | Detected emotion: happy (confidence: 0.60)
2025-12-02 20:37:47 | INFO     | emotion_calibration | Matched emotion: happy (similarity: 0.73)
2025-12-02 20:37:47 | INFO     | emotion_detector | Personalized match: happy (confidence: 0.73)
2025-12-02 20:37:50 | INFO     | emotion_detector | Detected emotion: fear (confidence: 0.47)
2025-12-02 20:37:52 | INFO     | emotion_detector | Detected emotion: neutral (confidence: 0.80)
2025-12-02 20:37:53 | INFO     | emotion_calibration | Matched emotion: happy (similarity: 0.94)
2025-12-02 20:37:53 | INFO     | emotion_detector | Personalized match: happy (confidence: 0.94)
2025-12-02 20:37:57 | INFO     | emotion_detector | Detected emotion: neutral (confidence: 0.85)
2025-12-02 20:37:59 | WARNING  | emotion_detector | Failed to capture frame from camera
2025-12-02 20:37:59 | INFO     | emotion_calibration | Matched emotion: happy (similarity: 0.90)
2025-12-02 20:37:59 | INFO     | emotion_detector | Personalized match: happy (confidence: 0.90)
2025-12-02 20:38:04 | INFO     | emotion_detector | Detected emotion: neutral (confidence: 0.61)
2025-12-02 20:38:06 | INFO     | emotion_calibration | Matched emotion: surprised (similarity: 0.90)
2025-12-02 20:38:06 | INFO     | emotion_detector | Personalized match: surprised (confidence: 0.90)
2025-12-02 20:38:06 | INFO     | emotion_detector | Detected emotion: neutral (confidence: 0.73)
2025-12-02 20:38:11 | INFO     | emotion_detector | Detected emotion: neutral (confidence: 0.68)
2025-12-02 20:38:12 | INFO     | emotion_calibration | Matched emotion: happy (similarity: 0.72)
2025-12-02 20:38:12 | INFO     | emotion_detector | Personalized match: happy (confidence: 0.72)
2025-12-02 20:38:13 | INFO     | emotion_detector | Detected emotion: angry (confidence: 0.37)
2025-12-02 20:38:17 | WARNING  | emotion_detector | Failed to capture frame from camera
2025-12-02 20:38:17 | INFO     | emotion_detector | Detected emotion: fear (confidence: 0.50)
2025-12-02 20:38:20 | INFO     | emotion_detector | Detected emotion: fear (confidence: 0.36)
2025-12-02 20:38:23 | INFO     | emotion_calibration | Matched emotion: happy (similarity: 0.61)
2025-12-02 20:38:23 | INFO     | emotion_detector | Personalized match: happy (confidence: 0.61)
2025-12-02 20:38:24 | INFO     | emotion_detector | Detected emotion: neutral (confidence: 0.45)
2025-12-02 20:38:27 | INFO     | emotion_detector | Detected emotion: happy (confidence: 0.94)
2025-12-02 20:38:28 | INFO     | emotion_calibration | Matched emotion: happy (similarity: 0.64)
2025-12-02 20:38:28 | INFO     | emotion_detector | Personalized match: happy (confidence: 0.64)
2025-12-02 20:38:31 | INFO     | emotion_detector | Detected emotion: neutral (confidence: 0.91)
2025-12-02 20:38:34 | INFO     | emotion_detector | Detected emotion: neutral (confidence: 0.52)
2025-12-02 20:38:35 | INFO     | emotion_calibration | Matched emotion: happy (similarity: 0.66)
2025-12-02 20:38:35 | INFO     | emotion_detector | Personalized match: happy (confidence: 0.66)
2025-12-02 20:38:38 | INFO     | emotion_detector | Detected emotion: happy (confidence: 0.82)
2025-12-02 20:38:40 | WARNING  | emotion_detector | Failed to capture frame from camera
2025-12-02 20:38:41 | INFO     | emotion_detector | Detected emotion: neutral (confidence: 0.82)
2025-12-02 20:38:46 | INFO     | emotion_detector | Detected emotion: neutral (confidence: 0.94)
2025-12-02 20:38:47 | INFO     | emotion_calibration | Matched emotion: sad (similarity: 0.92)
2025-12-02 20:38:47 | INFO     | emotion_detector | Personalized match: sad (confidence: 0.92)
2025-12-02 20:38:48 | INFO     | emotion_detector | Detected emotion: fear (confidence: 0.77)
2025-12-02 20:38:52 | WARNING  | emotion_detector | Failed to capture frame from camera
2025-12-02 20:38:52 | INFO     | emotion_detector | Detected emotion: happy (confidence: 0.98)
2025-12-02 20:38:55 | INFO     | emotion_detector | Detected emotion: happy (confidence: 0.87)
2025-12-02 20:38:58 | INFO     | emotion_calibration | Matched emotion: happy (similarity: 0.71)
2025-12-02 20:38:58 | INFO     | emotion_detector | Personalized match: happy (confidence: 0.71)
2025-12-02 20:38:59 | INFO     | emotion_detector | Detected emotion: sad (confidence: 0.42)
2025-12-02 20:39:02 | INFO     | emotion_detector | Detected emotion: happy (confidence: 0.90)
2025-12-02 20:39:04 | INFO     | emotion_calibration | Matched emotion: happy (similarity: 0.76)
2025-12-02 20:39:04 | INFO     | emotion_detector | Personalized match: happy (confidence: 0.76)
2025-12-02 20:39:06 | INFO     | emotion_detector | Detected emotion: happy (confidence: 0.56)
2025-12-02 20:39:09 | INFO     | emotion_detector | Detected emotion: neutral (confidence: 0.54)
2025-12-02 20:39:10 | INFO     | emotion_calibration | Matched emotion: happy (similarity: 0.63)
2025-12-02 20:39:10 | INFO     | emotion_detector | Personalized match: happy (confidence: 0.63)
2025-12-02 20:39:14 | INFO     | emotion_detector | Detected emotion: happy (confidence: 0.74)
2025-12-02 20:39:16 | INFO     | emotion_calibration | Matched emotion: happy (similarity: 0.78)
2025-12-02 20:39:16 | INFO     | emotion_detector | Personalized match: happy (confidence: 0.78)
2025-12-02 20:39:16 | INFO     | emotion_detector | Detected emotion: neutral (confidence: 0.93)
2025-12-02 20:39:20 | INFO     | emotion_detector | Detected emotion: sad (confidence: 0.47)
2025-12-02 20:39:22 | INFO     | emotion_calibration | Matched emotion: surprised (similarity: 0.90)
2025-12-02 20:39:22 | INFO     | emotion_detector | Personalized match: surprised (confidence: 0.90)
2025-12-02 20:39:23 | INFO     | emotion_detector | Detected emotion: angry (confidence: 0.28)
2025-12-02 20:39:27 | INFO     | emotion_detector | Detected emotion: fear (confidence: 0.54)
2025-12-02 20:39:28 | INFO     | emotion_calibration | Matched emotion: sad (similarity: 0.56)
2025-12-02 20:39:28 | INFO     | emotion_detector | Personalized match: sad (confidence: 0.56)
2025-12-02 20:39:30 | INFO     | emotion_detector | Detected emotion: neutral (confidence: 0.79)
2025-12-02 20:39:34 | WARNING  | emotion_detector | Failed to capture frame from camera
2025-12-02 20:39:35 | INFO     | emotion_detector | Detected emotion: happy (confidence: 0.96)
2025-12-02 20:39:37 | INFO     | emotion_detector | Detected emotion: happy (confidence: 0.94)
2025-12-02 20:39:40 | INFO     | emotion_calibration | Matched emotion: angry (similarity: 0.77)
2025-12-02 20:39:40 | INFO     | emotion_detector | Personalized match: angry (confidence: 0.77)
2025-12-02 20:39:42 | INFO     | emotion_detector | Bias correction: Switched from fear/sad to happy (happy score: 0.16)
2025-12-02 20:39:42 | INFO     | emotion_detector | Detected emotion: happy (confidence: 0.16)
2025-12-02 20:39:44 | INFO     | emotion_detector | Detected emotion: neutral (confidence: 0.92)
2025-12-02 20:39:46 | INFO     | emotion_calibration | Matched emotion: happy (similarity: 0.66)
2025-12-02 20:39:46 | INFO     | emotion_detector | Personalized match: happy (confidence: 0.66)
2025-12-02 20:39:48 | INFO     | emotion_detector | Detected emotion: neutral (confidence: 0.72)
2025-12-02 20:39:51 | INFO     | emotion_detector | Bias correction: Switched from fear/sad to neutral (neutral score: 0.26)
2025-12-02 20:39:51 | INFO     | emotion_detector | Detected emotion: neutral (confidence: 0.26)
2025-12-02 20:39:52 | INFO     | emotion_calibration | Matched emotion: happy (similarity: 0.90)
2025-12-02 20:39:52 | INFO     | emotion_detector | Personalized match: happy (confidence: 0.90)
2025-12-02 20:39:55 | INFO     | emotion_detector | Detected emotion: neutral (confidence: 0.92)
2025-12-02 20:39:58 | WARNING  | emotion_detector | Failed to capture frame from camera
2025-12-02 20:39:58 | INFO     | emotion_detector | Detected emotion: angry (confidence: 0.58)
2025-12-02 20:40:02 | INFO     | emotion_detector | Detected emotion: happy (confidence: 0.90)
2025-12-02 20:40:04 | INFO     | emotion_calibration | Matched emotion: happy (similarity: 0.91)
2025-12-02 20:40:04 | INFO     | emotion_detector | Personalized match: happy (confidence: 0.91)
2025-12-02 20:40:05 | INFO     | emotion_detector | Detected emotion: neutral (confidence: 0.99)
2025-12-02 20:40:09 | INFO     | emotion_detector | Detected emotion: neutral (confidence: 0.96)
2025-12-02 20:40:10 | INFO     | emotion_calibration | Matched emotion: surprised (similarity: 0.90)
2025-12-02 20:40:10 | INFO     | emotion_detector | Personalized match: surprised (confidence: 0.90)
2025-12-02 20:40:12 | INFO     | emotion_detector | Detected emotion: neutral (confidence: 0.76)
2025-12-02 20:40:15 | WARNING  | emotion_detector | Failed to capture frame from camera
2025-12-02 20:40:16 | INFO     | emotion_calibration | Matched emotion: angry (similarity: 0.64)
2025-12-02 20:40:16 | INFO     | emotion_detector | Personalized match: angry (confidence: 0.64)
2025-12-02 20:40:19 | INFO     | emotion_detector | Detected emotion: fear (confidence: 0.47)
2025-12-02 20:40:22 | INFO     | emotion_calibration | Matched emotion: happy (similarity: 0.59)
2025-12-02 20:40:22 | INFO     | emotion_detector | Personalized match: happy (confidence: 0.59)
2025-12-02 20:40:22 | INFO     | emotion_detector | Detected emotion: happy (confidence: 0.53)
2025-12-02 20:40:26 | INFO     | emotion_detector | Detected emotion: neutral (confidence: 0.63)
2025-12-02 20:40:28 | INFO     | emotion_calibration | Matched emotion: sad (similarity: 0.70)
2025-12-02 20:40:28 | INFO     | emotion_detector | Personalized match: sad (confidence: 0.70)
2025-12-02 20:40:30 | INFO     | emotion_detector | Detected emotion: neutral (confidence: 0.66)
2025-12-02 20:40:33 | INFO     | emotion_detector | Detected emotion: fear (confidence: 0.49)
2025-12-02 20:40:34 | INFO     | emotion_calibration | Matched emotion: happy (similarity: 0.91)
2025-12-02 20:40:34 | INFO     | emotion_detector | Personalized match: happy (confidence: 0.91)
2025-12-02 20:40:36 | INFO     | emotion_detector | Detected emotion: neutral (confidence: 0.90)
2025-12-02 20:40:40 | WARNING  | emotion_detector | Failed to capture frame from camera
2025-12-02 20:40:40 | INFO     | emotion_calibration | Matched emotion: happy (similarity: 0.91)
2025-12-02 20:40:40 | INFO     | emotion_detector | Personalized match: happy (confidence: 0.91)
2025-12-02 20:40:43 | INFO     | emotion_detector | Detected emotion: neutral (confidence: 0.54)
2025-12-02 20:40:46 | WARNING  | emotion_detector | Failed to capture frame from camera
2025-12-02 20:40:46 | INFO     | emotion_detector | Detected emotion: neutral (confidence: 0.85)
2025-12-02 20:40:50 | INFO     | emotion_detector | Detected emotion: neutral (confidence: 0.83)
2025-12-02 20:40:52 | INFO     | emotion_calibration | Matched emotion: neutral (similarity: 0.59)
2025-12-02 20:40:52 | INFO     | emotion_detector | Personalized match: neutral (confidence: 0.59)
2025-12-02 20:40:53 | INFO     | emotion_detector | Detected emotion: fear (confidence: 0.55)
2025-12-02 20:40:57 | INFO     | emotion_detector | Detected emotion: fear (confidence: 0.63)
2025-12-02 20:40:58 | INFO     | emotion_calibration | Matched emotion: happy (similarity: 0.54)
2025-12-02 20:40:58 | INFO     | emotion_detector | Personalized match: happy (confidence: 0.54)
2025-12-02 20:41:00 | INFO     | emotion_detector | Detected emotion: surprise (confidence: 0.39)
2025-12-02 20:41:04 | INFO     | emotion_calibration | Matched emotion: happy (similarity: 0.61)
2025-12-02 20:41:04 | INFO     | emotion_detector | Personalized match: happy (confidence: 0.61)
2025-12-02 20:41:04 | INFO     | emotion_detector | Detected emotion: neutral (confidence: 0.91)
2025-12-02 20:41:07 | INFO     | emotion_detector | Detected emotion: neutral (confidence: 0.50)
2025-12-02 20:41:09 | INFO     | emotion_calibration | Matched emotion: happy (similarity: 0.60)
2025-12-02 20:41:09 | INFO     | emotion_detector | Personalized match: happy (confidence: 0.60)
2025-12-02 20:41:11 | INFO     | emotion_detector | Detected emotion: fear (confidence: 0.57)
2025-12-02 20:41:14 | INFO     | emotion_detector | Detected emotion: happy (confidence: 0.92)
2025-12-02 20:41:15 | INFO     | emotion_calibration | Matched emotion: sad (similarity: 0.92)
2025-12-02 20:41:15 | INFO     | emotion_detector | Personalized match: sad (confidence: 0.92)
2025-12-02 20:41:17 | INFO     | emotion_detector | Detected emotion: happy (confidence: 0.59)
2025-12-02 20:41:20 | WARNING  | emotion_detector | Failed to capture frame from camera
2025-12-02 20:41:21 | INFO     | emotion_calibration | Matched emotion: happy (similarity: 0.60)
2025-12-02 20:41:21 | INFO     | emotion_detector | Personalized match: happy (confidence: 0.60)
2025-12-02 20:41:24 | INFO     | emotion_detector | Detected emotion: sad (confidence: 0.44)
2025-12-02 20:41:27 | INFO     | emotion_calibration | Matched emotion: happy (similarity: 0.64)
2025-12-02 20:41:27 | INFO     | emotion_detector | Personalized match: happy (confidence: 0.64)
2025-12-02 20:41:28 | INFO     | emotion_detector | Detected emotion: fear (confidence: 0.65)
2025-12-02 20:41:31 | INFO     | emotion_detector | Detected emotion: happy (confidence: 0.83)
2025-12-02 20:41:33 | INFO     | emotion_calibration | Matched emotion: happy (similarity: 0.58)
2025-12-02 20:41:33 | INFO     | emotion_detector | Personalized match: happy (confidence: 0.58)
2025-12-02 20:41:34 | INFO     | emotion_detector | Detected emotion: neutral (confidence: 0.99)
2025-12-02 20:41:37 | INFO     | emotion_detector | Detected emotion: sad (confidence: 0.76)
2025-12-02 20:41:39 | INFO     | emotion_calibration | Matched emotion: happy (similarity: 0.63)
2025-12-02 20:41:39 | INFO     | emotion_detector | Personalized match: happy (confidence: 0.63)
2025-12-02 20:41:41 | INFO     | emotion_detector | Detected emotion: fear (confidence: 0.56)
2025-12-02 20:41:44 | INFO     | emotion_detector | Detected emotion: neutral (confidence: 0.99)
2025-12-02 20:41:45 | INFO     | emotion_calibration | Matched emotion: happy (similarity: 0.58)
2025-12-02 20:41:45 | INFO     | emotion_detector | Personalized match: happy (confidence: 0.58)
2025-12-02 20:41:48 | INFO     | emotion_detector | Detected emotion: neutral (confidence: 1.00)
2025-12-02 20:41:51 | INFO     | emotion_calibration | Matched emotion: surprised (similarity: 0.91)
2025-12-02 20:41:51 | INFO     | emotion_detector | Personalized match: surprised (confidence: 0.91)
2025-12-02 20:41:51 | INFO     | emotion_detector | Detected emotion: fear (confidence: 0.45)
2025-12-02 20:41:55 | INFO     | emotion_detector | Detected emotion: neutral (confidence: 0.57)
2025-12-02 20:41:57 | INFO     | emotion_calibration | Matched emotion: sad (similarity: 0.91)
2025-12-02 20:41:57 | INFO     | emotion_detector | Personalized match: sad (confidence: 0.91)
2025-12-02 20:41:58 | INFO     | emotion_detector | Detected emotion: surprise (confidence: 0.48)
2025-12-02 20:42:05 | INFO     | emotion_detector | Detected emotion: neutral (confidence: 0.99)
2025-12-02 20:42:06 | INFO     | emotion_calibration | Matched emotion: surprised (similarity: 0.91)
2025-12-02 20:42:06 | INFO     | emotion_detector | Personalized match: surprised (confidence: 0.91)
2025-12-02 20:42:08 | INFO     | emotion_detector | Detected emotion: fear (confidence: 0.81)
2025-12-02 20:42:15 | WARNING  | emotion_detector | Failed to capture frame from camera
2025-12-02 20:42:16 | INFO     | emotion_calibration | Matched emotion: neutral (similarity: 0.78)
2025-12-02 20:42:16 | INFO     | emotion_detector | Personalized match: neutral (confidence: 0.78)
2025-12-02 20:42:18 | INFO     | emotion_detector | Detected emotion: neutral (confidence: 0.95)
2025-12-02 20:42:25 | WARNING  | emotion_detector | Failed to capture frame from camera
2025-12-02 20:42:25 | INFO     | emotion_calibration | Matched emotion: neutral (similarity: 0.78)
2025-12-02 20:42:25 | INFO     | emotion_detector | Personalized match: neutral (confidence: 0.78)
2025-12-02 20:42:28 | INFO     | emotion_detector | Detected emotion: neutral (confidence: 0.54)
2025-12-02 20:42:35 | WARNING  | emotion_detector | Failed to capture frame from camera
2025-12-02 20:42:35 | INFO     | emotion_detector | Detected emotion: happy (confidence: 0.96)
2025-12-02 20:42:39 | INFO     | emotion_detector | Detected emotion: happy (confidence: 0.70)
2025-12-02 20:42:44 | INFO     | emotion_calibration | Matched emotion: neutral (similarity: 0.63)
2025-12-02 20:42:44 | INFO     | emotion_detector | Personalized match: neutral (confidence: 0.63)
2025-12-02 20:42:45 | INFO     | emotion_detector | Detected emotion: neutral (confidence: 0.72)
2025-12-02 20:42:48 | INFO     | emotion_detector | Detected emotion: happy (confidence: 0.53)
2025-12-02 20:42:52 | INFO     | emotion_calibration | Matched emotion: happy (similarity: 0.92)
2025-12-02 20:42:52 | INFO     | emotion_detector | Personalized match: happy (confidence: 0.92)
2025-12-02 20:42:55 | INFO     | emotion_detector | Detected emotion: happy (confidence: 0.96)
2025-12-02 20:42:58 | INFO     | emotion_detector | Detected emotion: happy (confidence: 0.73)
2025-12-02 20:43:01 | INFO     | emotion_calibration | Matched emotion: neutral (similarity: 0.76)
2025-12-02 20:43:01 | INFO     | emotion_detector | Personalized match: neutral (confidence: 0.76)
2025-12-02 20:43:04 | INFO     | emotion_detector | Detected emotion: fear (confidence: 0.51)
2025-12-02 20:43:07 | INFO     | emotion_detector | Detected emotion: neutral (confidence: 0.99)
2025-12-02 20:43:09 | INFO     | emotion_calibration | Matched emotion: neutral (similarity: 0.62)
2025-12-02 20:43:09 | INFO     | emotion_detector | Personalized match: neutral (confidence: 0.62)
2025-12-02 20:43:15 | INFO     | emotion_detector | Detected emotion: neutral (confidence: 0.86)
2025-12-02 20:43:18 | INFO     | emotion_detector | Detected emotion: angry (confidence: 0.40)
2025-12-02 20:43:20 | INFO     | emotion_calibration | Matched emotion: neutral (similarity: 0.58)
2025-12-02 20:43:20 | INFO     | emotion_detector | Personalized match: neutral (confidence: 0.58)
2025-12-02 20:43:26 | INFO     | emotion_detector | Detected emotion: neutral (confidence: 0.99)
2025-12-02 20:43:29 | INFO     | emotion_detector | Detected emotion: fear (confidence: 0.61)
2025-12-02 20:43:30 | INFO     | emotion_calibration | Matched emotion: happy (similarity: 0.92)
2025-12-02 20:43:30 | INFO     | emotion_detector | Personalized match: happy (confidence: 0.92)
2025-12-02 20:43:36 | INFO     | emotion_detector | Detected emotion: fear (confidence: 0.33)
2025-12-02 20:43:38 | WARNING  | emotion_detector | Failed to capture frame from camera
2025-12-02 20:43:39 | INFO     | emotion_calibration | Matched emotion: sad (similarity: 0.93)
2025-12-02 20:43:39 | INFO     | emotion_detector | Personalized match: sad (confidence: 0.93)
2025-12-02 20:43:47 | INFO     | emotion_detector | Detected emotion: neutral (confidence: 1.00)
2025-12-02 20:43:48 | WARNING  | emotion_detector | Failed to capture frame from camera
2025-12-02 20:43:49 | INFO     | emotion_detector | Detected emotion: neutral (confidence: 0.74)
2025-12-02 20:43:57 | WARNING  | emotion_detector | Failed to capture frame from camera
2025-12-02 20:43:58 | INFO     | emotion_detector | Detected emotion: sad (confidence: 0.70)
2025-12-02 20:43:59 | INFO     | emotion_detector | Detected emotion: angry (confidence: 0.78)
2025-12-02 20:44:08 | INFO     | emotion_calibration | Matched emotion: happy (similarity: 0.89)
2025-12-02 20:44:08 | INFO     | emotion_detector | Personalized match: happy (confidence: 0.89)
2025-12-02 20:44:08 | INFO     | emotion_detector | Detected emotion: angry (confidence: 0.85)
2025-12-02 20:44:09 | INFO     | emotion_detector | Detected emotion: angry (confidence: 0.56)
2025-12-02 20:44:17 | INFO     | emotion_calibration | Matched emotion: happy (similarity: 0.89)
2025-12-02 20:44:17 | INFO     | emotion_detector | Personalized match: happy (confidence: 0.89)
2025-12-02 20:44:18 | INFO     | emotion_detector | Detected emotion: angry (confidence: 0.91)
2025-12-02 20:44:19 | INFO     | emotion_detector | Detected emotion: angry (confidence: 0.87)
2025-12-02 20:44:27 | INFO     | emotion_calibration | Matched emotion: happy (similarity: 0.89)
2025-12-02 20:44:27 | INFO     | emotion_detector | Personalized match: happy (confidence: 0.89)
2025-12-02 20:44:29 | INFO     | emotion_detector | Detected emotion: angry (confidence: 0.85)
2025-12-02 20:44:30 | INFO     | emotion_detector | Detected emotion: angry (confidence: 0.85)
2025-12-02 20:44:37 | INFO     | emotion_calibration | Matched emotion: happy (similarity: 0.89)
2025-12-02 20:44:37 | INFO     | emotion_detector | Personalized match: happy (confidence: 0.89)
2025-12-02 20:44:39 | INFO     | emotion_detector | Detected emotion: angry (confidence: 0.64)
2025-12-02 20:44:40 | INFO     | emotion_detector | Detected emotion: angry (confidence: 0.61)
2025-12-02 20:44:46 | INFO     | emotion_calibration | Matched emotion: happy (similarity: 0.89)
2025-12-02 20:44:46 | INFO     | emotion_detector | Personalized match: happy (confidence: 0.89)
2025-12-02 20:44:49 | INFO     | emotion_detector | Detected emotion: angry (confidence: 0.84)
2025-12-02 20:44:50 | INFO     | emotion_detector | Detected emotion: angry (confidence: 0.94)
2025-12-02 20:44:56 | INFO     | emotion_calibration | Matched emotion: happy (similarity: 0.88)
2025-12-02 20:44:56 | INFO     | emotion_detector | Personalized match: happy (confidence: 0.88)
2025-12-02 20:44:59 | WARNING  | emotion_detector | Failed to capture frame from camera
2025-12-02 20:45:00 | INFO     | emotion_detector | Detected emotion: angry (confidence: 0.83)
2025-12-02 20:45:05 | INFO     | emotion_calibration | Matched emotion: happy (similarity: 0.89)
2025-12-02 20:45:05 | INFO     | emotion_detector | Personalized match: happy (confidence: 0.89)
2025-12-02 20:45:09 | INFO     | emotion_detector | Detected emotion: angry (confidence: 0.89)
2025-12-02 20:45:09 | INFO     | emotion_detector | Detected emotion: angry (confidence: 0.69)
2025-12-02 20:45:14 | INFO     | emotion_calibration | Matched emotion: happy (similarity: 0.88)
2025-12-02 20:45:14 | INFO     | emotion_detector | Personalized match: happy (confidence: 0.88)
2025-12-02 20:45:18 | INFO     | emotion_detector | Detected emotion: angry (confidence: 0.87)
2025-12-02 20:45:19 | INFO     | emotion_detector | Detected emotion: angry (confidence: 0.67)
2025-12-02 20:45:23 | INFO     | emotion_calibration | Matched emotion: happy (similarity: 0.88)
2025-12-02 20:45:23 | INFO     | emotion_detector | Personalized match: happy (confidence: 0.88)
2025-12-02 20:45:28 | INFO     | emotion_detector | Detected emotion: angry (confidence: 0.83)
2025-12-02 20:45:29 | INFO     | emotion_detector | Detected emotion: angry (confidence: 0.86)
2025-12-02 20:45:32 | INFO     | emotion_calibration | Matched emotion: happy (similarity: 0.88)
2025-12-02 20:45:32 | INFO     | emotion_detector | Personalized match: happy (confidence: 0.88)
2025-12-02 20:45:38 | INFO     | emotion_detector | Detected emotion: neutral (confidence: 1.00)
2025-12-02 20:45:46 | INFO     | emotion_detector | Detected emotion: neutral (confidence: 0.99)
2025-12-02 20:45:53 | INFO     | emotion_detector | Detected emotion: neutral (confidence: 1.00)
2025-12-02 20:46:00 | INFO     | emotion_detector | Detected emotion: sad (confidence: 1.00)
2025-12-02 20:46:00 | INFO     | emotion_detector | Background emotion monitoring started
2025-12-02 20:46:00 | INFO     | app | Background emotion monitor started
2025-12-02 20:46:00 | INFO     | conversation_memory | Database initialized successfully
2025-12-02 20:46:00 | INFO     | app | Database and audio directory initialized
2025-12-02 20:46:00 | INFO     | app | ROOMie Backend v3.0 starting...
2025-12-02 20:46:00 | INFO     | app | Server: http://127.0.0.1:5000
2025-12-02 20:46:00 | INFO     | app | WebSocket: ws://127.0.0.1:5000
2025-12-02 20:46:06 | INFO     | emotion_detector | Detected emotion: happy (confidence: 1.00)
2025-12-02 20:46:06 | INFO     | emotion_detector | Detected emotion: sad (confidence: 1.00)
2025-12-02 20:46:12 | WARNING  | emotion_detector | Failed to capture frame from camera
2025-12-02 20:46:13 | INFO     | emotion_detector | Detected emotion: neutral (confidence: 0.60)
2025-12-02 20:46:20 | INFO     | emotion_detector | Detected emotion: angry (confidence: 0.74)
2025-12-02 20:46:27 | INFO     | emotion_detector | Detected emotion: neutral (confidence: 0.87)
2025-12-02 20:46:28 | INFO     | emotion_detector | Background emotion monitoring started
2025-12-02 20:46:28 | INFO     | app | Background emotion monitor started
2025-12-02 20:46:28 | INFO     | conversation_memory | Database initialized successfully
2025-12-02 20:46:28 | INFO     | app | Database and audio directory initialized
2025-12-02 20:46:28 | INFO     | app | ROOMie Backend v3.0 starting...
2025-12-02 20:46:28 | INFO     | app | Server: http://127.0.0.1:5000
2025-12-02 20:46:28 | INFO     | app | WebSocket: ws://127.0.0.1:5000
2025-12-02 20:46:34 | INFO     | emotion_detector | Detected emotion: sad (confidence: 0.69)
2025-12-02 20:46:34 | INFO     | emotion_detector | Detected emotion: sad (confidence: 0.96)
2025-12-02 20:46:40 | INFO     | emotion_detector | Detected emotion: sad (confidence: 1.00)
2025-12-02 20:46:41 | INFO     | emotion_detector | Detected emotion: sad (confidence: 1.00)
2025-12-02 20:46:47 | INFO     | emotion_detector | Detected emotion: neutral (confidence: 0.99)
2025-12-02 20:46:47 | INFO     | emotion_detector | Detected emotion: neutral (confidence: 1.00)
2025-12-02 20:46:54 | INFO     | emotion_detector | Detected emotion: neutral (confidence: 1.00)
2025-12-02 20:46:54 | INFO     | emotion_detector | Detected emotion: neutral (confidence: 1.00)
2025-12-02 20:47:01 | INFO     | emotion_detector | Detected emotion: sad (confidence: 0.99)
2025-12-02 20:47:01 | INFO     | emotion_detector | Detected emotion: sad (confidence: 0.96)
2025-12-02 20:47:07 | INFO     | emotion_detector | Detected emotion: sad (confidence: 0.99)
2025-12-02 20:47:08 | INFO     | emotion_detector | Detected emotion: angry (confidence: 0.60)
2025-12-02 20:47:14 | INFO     | emotion_detector | Detected emotion: angry (confidence: 0.70)
2025-12-02 20:47:15 | INFO     | emotion_detector | Detected emotion: angry (confidence: 0.88)
2025-12-02 20:47:21 | INFO     | emotion_detector | Detected emotion: sad (confidence: 0.84)
2025-12-02 20:47:21 | INFO     | emotion_detector | Detected emotion: angry (confidence: 0.83)
2025-12-02 20:47:28 | INFO     | emotion_detector | Detected emotion: angry (confidence: 0.88)
2025-12-02 20:47:28 | INFO     | emotion_detector | Detected emotion: angry (confidence: 0.91)
2025-12-02 20:47:35 | INFO     | emotion_detector | Detected emotion: angry (confidence: 0.95)
2025-12-02 20:47:35 | INFO     | emotion_detector | Detected emotion: angry (confidence: 0.84)
2025-12-02 20:47:41 | INFO     | emotion_detector | Detected emotion: angry (confidence: 0.88)
2025-12-02 20:47:42 | INFO     | emotion_detector | Detected emotion: angry (confidence: 0.89)
2025-12-02 20:47:48 | INFO     | emotion_detector | Detected emotion: sad (confidence: 1.00)
2025-12-02 20:47:48 | INFO     | emotion_detector | Detected emotion: neutral (confidence: 0.54)
2025-12-02 20:47:55 | INFO     | emotion_detector | Detected emotion: neutral (confidence: 1.00)
2025-12-02 20:47:55 | INFO     | emotion_detector | Detected emotion: neutral (confidence: 1.00)
2025-12-02 20:48:02 | INFO     | emotion_detector | Detected emotion: neutral (confidence: 0.85)
2025-12-02 20:48:02 | INFO     | emotion_detector | Detected emotion: neutral (confidence: 0.57)
2025-12-02 20:48:08 | INFO     | emotion_detector | Detected emotion: neutral (confidence: 0.99)
2025-12-02 20:48:09 | INFO     | emotion_detector | Detected emotion: neutral (confidence: 1.00)
2025-12-02 20:48:16 | INFO     | emotion_detector | Detected emotion: neutral (confidence: 1.00)
2025-12-02 20:48:16 | INFO     | emotion_detector | Detected emotion: happy (confidence: 0.75)
2025-12-02 20:48:20 | INFO     | emotion_detector | Background emotion monitoring started
2025-12-02 20:48:26 | INFO     | emotion_detector | Detected emotion: neutral (confidence: 0.99)
2025-12-02 20:48:27 | INFO     | emotion_detector | Detected emotion: happy (confidence: 0.99)
2025-12-02 20:48:28 | INFO     | emotion_detector | Detected emotion: happy (confidence: 0.92)
2025-12-02 20:48:30 | INFO     | emotion_detector | Emotion monitor updated for user: 1
2025-12-02 20:48:32 | INFO     | ai_core | Proactive greeting generated (Casual): Hey Shivansh, how's it going? Good to see you! How...
2025-12-02 20:48:32 | INFO     | tts_output | Generating TTS with voice 'nova' for tone 'cheerful' (speed: 1.0)
2025-12-02 20:48:36 | WARNING  | emotion_detector | Failed to capture frame from camera
2025-12-02 20:48:36 | INFO     | tts_output | TTS audio saved: C:\Users\SHIVANSH\Desktop\ROOMie\backend\audio\tmp9a_rvx8g.mp3
2025-12-02 20:48:36 | INFO     | app | ROOMie backend ready
2025-12-02 20:48:38 | WARNING  | emotion_detector | Failed to capture frame from camera
2025-12-02 20:48:38 | WARNING  | emotion_detector | Failed to capture frame from camera
2025-12-02 20:48:48 | INFO     | emotion_detector | Detected emotion: happy (confidence: 0.96)
2025-12-02 20:48:50 | INFO     | emotion_detector | Detected emotion: happy (confidence: 0.85)
2025-12-02 20:48:58 | INFO     | emotion_detector | Detected emotion: neutral (confidence: 0.91)
2025-12-02 20:49:00 | INFO     | emotion_detector | Detected emotion: neutral (confidence: 0.98)
2025-12-02 20:49:03 | INFO     | emotion_calibration | Matched emotion: neutral (similarity: 0.79)
2025-12-02 20:49:03 | INFO     | emotion_detector | Personalized match: neutral (confidence: 0.79)
2025-12-02 20:49:09 | INFO     | emotion_detector | Detected emotion: sad (confidence: 1.00)
2025-12-02 20:49:12 | INFO     | emotion_detector | Detected emotion: happy (confidence: 1.00)
2025-12-02 20:49:14 | INFO     | emotion_calibration | Matched emotion: neutral (similarity: 0.72)
2025-12-02 20:49:14 | INFO     | emotion_detector | Personalized match: neutral (confidence: 0.72)
2025-12-02 20:49:20 | INFO     | emotion_detector | Detected emotion: happy (confidence: 1.00)
2025-12-02 20:49:23 | INFO     | emotion_detector | Detected emotion: happy (confidence: 1.00)
2025-12-02 20:49:26 | INFO     | emotion_calibration | Matched emotion: sad (similarity: 0.63)
2025-12-02 20:49:26 | INFO     | emotion_detector | Personalized match: sad (confidence: 0.63)
2025-12-02 20:49:31 | INFO     | emotion_detector | Detected emotion: neutral (confidence: 0.95)
2025-12-02 20:49:35 | INFO     | emotion_detector | Detected emotion: neutral (confidence: 1.00)
2025-12-02 20:49:37 | INFO     | emotion_calibration | Matched emotion: sad (similarity: 0.69)
2025-12-02 20:49:37 | INFO     | emotion_detector | Personalized match: sad (confidence: 0.69)
2025-12-02 20:49:41 | INFO     | emotion_detector | Detected emotion: happy (confidence: 0.69)
2025-12-02 20:49:44 | INFO     | emotion_detector | Detected emotion: happy (confidence: 1.00)
2025-12-02 20:49:50 | INFO     | emotion_detector | Detected emotion: happy (confidence: 0.87)
2025-12-02 20:49:50 | INFO     | emotion_calibration | Matched emotion: angry (similarity: 0.99)
2025-12-02 20:49:50 | INFO     | emotion_detector | Personalized match: angry (confidence: 0.99)
2025-12-02 20:49:52 | INFO     | emotion_detector | Detected emotion: happy (confidence: 1.00)
2025-12-02 20:49:56 | INFO     | emotion_calibration | Matched emotion: happy (similarity: 0.76)
2025-12-02 20:49:56 | INFO     | emotion_detector | Personalized match: happy (confidence: 0.76)
2025-12-02 20:49:57 | INFO     | emotion_detector | Detected emotion: happy (confidence: 0.91)
2025-12-02 20:49:59 | INFO     | emotion_detector | Detected emotion: happy (confidence: 1.00)
2025-12-02 20:50:03 | INFO     | emotion_calibration | Matched emotion: neutral (similarity: 0.68)
2025-12-02 20:50:03 | INFO     | emotion_detector | Personalized match: neutral (confidence: 0.68)
2025-12-02 20:50:04 | INFO     | emotion_detector | Detected emotion: angry (confidence: 0.82)
2025-12-02 20:50:06 | INFO     | emotion_detector | Detected emotion: happy (confidence: 1.00)
2025-12-02 20:50:09 | INFO     | emotion_calibration | Matched emotion: angry (similarity: 0.81)
2025-12-02 20:50:09 | INFO     | emotion_detector | Personalized match: angry (confidence: 0.81)
2025-12-02 20:50:11 | INFO     | emotion_detector | Detected emotion: sad (confidence: 0.64)
2025-12-02 20:50:13 | INFO     | emotion_detector | Detected emotion: neutral (confidence: 0.97)
2025-12-02 20:50:15 | INFO     | emotion_calibration | Matched emotion: sad (similarity: 0.83)
2025-12-02 20:50:15 | INFO     | emotion_detector | Personalized match: sad (confidence: 0.83)
2025-12-02 20:50:17 | INFO     | emotion_detector | Detected emotion: surprise (confidence: 0.99)
2025-12-02 20:50:20 | INFO     | emotion_detector | Detected emotion: angry (confidence: 0.50)
2025-12-02 20:50:21 | INFO     | emotion_calibration | Matched emotion: happy (similarity: 0.86)
2025-12-02 20:50:21 | INFO     | emotion_detector | Personalized match: happy (confidence: 0.86)
2025-12-02 20:50:24 | INFO     | emotion_detector | Detected emotion: neutral (confidence: 0.89)
2025-12-02 20:50:27 | INFO     | emotion_detector | Detected emotion: neutral (confidence: 1.00)
2025-12-02 20:50:29 | INFO     | emotion_calibration | Matched emotion: sad (similarity: 0.77)
2025-12-02 20:50:29 | INFO     | emotion_detector | Personalized match: sad (confidence: 0.77)
2025-12-02 20:50:35 | INFO     | emotion_detector | Detected emotion: happy (confidence: 1.00)
2025-12-02 20:50:37 | WARNING  | emotion_detector | Failed to capture frame from camera
2025-12-02 20:50:39 | INFO     | emotion_calibration | Matched emotion: neutral (similarity: 0.69)
2025-12-02 20:50:39 | INFO     | emotion_detector | Personalized match: neutral (confidence: 0.69)
2025-12-02 20:50:39 | INFO     | emotion_detector | Background emotion monitoring stopped
2025-12-02 20:50:44 | INFO     | emotion_detector | Detected emotion: neutral (confidence: 1.00)
2025-12-02 20:50:47 | INFO     | emotion_detector | Detected emotion: neutral (confidence: 0.98)
2025-12-02 20:50:51 | INFO     | emotion_detector | Detected emotion: neutral (confidence: 0.96)
2025-12-02 20:50:53 | INFO     | emotion_detector | Detected emotion: happy (confidence: 0.93)
2025-12-02 20:50:59 | INFO     | emotion_detector | Background emotion monitoring started
2025-12-02 20:50:59 | INFO     | emotion_detector | Emotion monitor updated for user: 1
2025-12-02 20:51:00 | INFO     | emotion_detector | Detected emotion: neutral (confidence: 0.96)
2025-12-02 20:51:02 | INFO     | emotion_detector | Background emotion monitoring stopped
2025-12-02 20:51:03 | INFO     | emotion_detector | Detected emotion: neutral (confidence: 0.99)
2025-12-02 20:51:06 | INFO     | emotion_detector | Detected emotion: neutral (confidence: 1.00)
2025-12-02 20:51:09 | INFO     | emotion_detector | Detected emotion: neutral (confidence: 0.99)
2025-12-02 20:51:12 | INFO     | emotion_detector | Detected emotion: sad (confidence: 1.00)
2025-12-02 20:51:19 | INFO     | emotion_detector | Detected emotion: neutral (confidence: 0.58)
2025-12-02 20:51:21 | INFO     | emotion_detector | Detected emotion: fear (confidence: 0.73)
2025-12-02 20:51:28 | INFO     | emotion_detector | Detected emotion: neutral (confidence: 0.64)
2025-12-02 20:51:31 | INFO     | emotion_detector | Detected emotion: neutral (confidence: 1.00)
2025-12-02 20:51:38 | INFO     | emotion_detector | Detected emotion: neutral (confidence: 0.95)
2025-12-02 20:51:41 | INFO     | emotion_detector | Detected emotion: sad (confidence: 1.00)
2025-12-02 20:51:49 | INFO     | emotion_detector | Detected emotion: sad (confidence: 1.00)
2025-12-02 20:51:52 | INFO     | emotion_detector | Detected emotion: sad (confidence: 1.00)
2025-12-02 20:51:59 | INFO     | emotion_detector | Detected emotion: neutral (confidence: 0.99)
2025-12-02 20:52:01 | INFO     | emotion_detector | Detected emotion: happy (confidence: 0.97)
2025-12-02 20:52:08 | INFO     | emotion_detector | Detected emotion: neutral (confidence: 0.99)
2025-12-02 20:52:11 | INFO     | emotion_detector | Detected emotion: neutral (confidence: 0.99)
2025-12-02 20:52:15 | INFO     | emotion_detector | Detected emotion: neutral (confidence: 1.00)
2025-12-02 20:52:17 | INFO     | emotion_detector | Detected emotion: neutral (confidence: 0.99)
2025-12-02 20:52:22 | INFO     | emotion_detector | Detected emotion: neutral (confidence: 1.00)
2025-12-02 20:52:24 | INFO     | emotion_detector | Detected emotion: neutral (confidence: 1.00)
2025-12-02 20:52:28 | INFO     | emotion_detector | Detected emotion: neutral (confidence: 1.00)
2025-12-02 20:52:31 | INFO     | emotion_detector | Detected emotion: neutral (confidence: 1.00)
2025-12-02 20:52:35 | INFO     | emotion_detector | Detected emotion: neutral (confidence: 1.00)
2025-12-02 20:52:37 | INFO     | emotion_detector | Detected emotion: neutral (confidence: 1.00)
2025-12-02 20:52:42 | INFO     | emotion_detector | Detected emotion: neutral (confidence: 1.00)
2025-12-02 20:52:44 | INFO     | emotion_detector | Detected emotion: happy (confidence: 0.87)
2025-12-02 20:52:48 | INFO     | emotion_detector | Detected emotion: neutral (confidence: 1.00)
2025-12-02 20:52:50 | INFO     | emotion_detector | Detected emotion: neutral (confidence: 1.00)
2025-12-02 20:52:55 | INFO     | emotion_detector | Detected emotion: neutral (confidence: 0.77)
2025-12-02 20:52:57 | INFO     | emotion_detector | Detected emotion: neutral (confidence: 1.00)
2025-12-02 20:53:01 | INFO     | emotion_detector | Detected emotion: neutral (confidence: 0.55)
2025-12-02 20:53:03 | INFO     | emotion_detector | Detected emotion: happy (confidence: 1.00)
2025-12-02 20:53:08 | INFO     | emotion_detector | Detected emotion: happy (confidence: 0.92)
2025-12-02 20:53:10 | INFO     | emotion_detector | Detected emotion: happy (confidence: 0.96)
2025-12-02 20:53:14 | INFO     | emotion_detector | Detected emotion: happy (confidence: 1.00)
2025-12-02 20:53:17 | INFO     | emotion_detector | Detected emotion: happy (confidence: 0.99)
2025-12-02 20:53:21 | INFO     | emotion_detector | Detected emotion: happy (confidence: 1.00)
2025-12-02 20:53:23 | INFO     | emotion_detector | Detected emotion: happy (confidence: 0.53)
2025-12-02 20:53:27 | INFO     | emotion_detector | Detected emotion: happy (confidence: 0.91)
2025-12-02 20:53:30 | INFO     | emotion_detector | Detected emotion: happy (confidence: 0.99)
2025-12-02 20:53:34 | INFO     | emotion_detector | Detected emotion: neutral (confidence: 0.99)
2025-12-02 20:53:36 | INFO     | emotion_detector | Detected emotion: sad (confidence: 1.00)
2025-12-02 20:53:41 | INFO     | emotion_detector | Detected emotion: neutral (confidence: 1.00)
2025-12-02 20:53:43 | INFO     | emotion_detector | Detected emotion: neutral (confidence: 1.00)
2025-12-02 20:53:47 | INFO     | emotion_detector | Detected emotion: neutral (confidence: 0.83)
2025-12-02 20:53:49 | INFO     | emotion_detector | Detected emotion: sad (confidence: 1.00)
2025-12-02 20:53:53 | INFO     | emotion_detector | Detected emotion: neutral (confidence: 1.00)
2025-12-02 20:53:56 | INFO     | emotion_detector | Detected emotion: neutral (confidence: 1.00)
2025-12-02 20:54:02 | INFO     | emotion_detector | Detected emotion: neutral (confidence: 1.00)
2025-12-02 20:54:05 | INFO     | emotion_detector | Detected emotion: neutral (confidence: 0.98)
2025-12-02 20:54:08 | INFO     | voice_tone | Voice tone analysis: neutral (confidence: 0.50)
2025-12-02 20:54:09 | INFO     | emotion_detector | Detected emotion: happy (confidence: 0.83)
2025-12-02 20:54:11 | INFO     | ai_core | AI response generated: Alright! If there's anything specific on your mind...
2025-12-02 20:54:11 | INFO     | tts_output | Generating TTS with voice 'nova' for tone 'sad' (speed: 0.85)
2025-12-02 20:54:11 | INFO     | emotion_detector | Detected emotion: neutral (confidence: 0.98)
2025-12-02 20:54:15 | INFO     | tts_output | TTS audio saved: C:\Users\SHIVANSH\Desktop\ROOMie\backend\audio\tmpkqlh12ci.mp3
2025-12-02 20:54:15 | INFO     | emotion_detector | Detected emotion: happy (confidence: 0.96)
2025-12-02 20:54:18 | INFO     | emotion_detector | Detected emotion: neutral (confidence: 1.00)
2025-12-02 20:54:25 | INFO     | emotion_detector | Detected emotion: neutral (confidence: 1.00)
2025-12-02 20:54:27 | INFO     | emotion_detector | Detected emotion: neutral (confidence: 1.00)
2025-12-02 20:54:32 | INFO     | emotion_detector | Detected emotion: neutral (confidence: 1.00)
2025-12-02 20:54:35 | INFO     | emotion_detector | Detected emotion: neutral (confidence: 0.99)
2025-12-02 20:54:40 | INFO     | emotion_detector | Detected emotion: sad (confidence: 1.00)
2025-12-02 20:54:42 | INFO     | emotion_detector | Detected emotion: neutral (confidence: 0.92)
2025-12-02 20:54:47 | INFO     | emotion_detector | Detected emotion: neutral (confidence: 1.00)
2025-12-02 20:54:48 | INFO     | emotion_detector | Detected emotion: neutral (confidence: 0.57)
2025-12-02 20:54:53 | INFO     | emotion_detector | Detected emotion: neutral (confidence: 0.95)
2025-12-02 20:54:55 | INFO     | emotion_detector | Detected emotion: happy (confidence: 0.98)
2025-12-02 20:55:00 | INFO     | emotion_detector | Detected emotion: neutral (confidence: 0.71)
2025-12-02 20:55:01 | INFO     | emotion_detector | Detected emotion: neutral (confidence: 0.67)
2025-12-02 20:55:06 | INFO     | emotion_detector | Detected emotion: neutral (confidence: 0.98)
2025-12-02 20:55:08 | INFO     | emotion_detector | Detected emotion: neutral (confidence: 0.96)
2025-12-02 20:55:13 | INFO     | emotion_detector | Detected emotion: neutral (confidence: 0.55)
2025-12-02 20:55:15 | INFO     | emotion_detector | Detected emotion: neutral (confidence: 0.87)
2025-12-02 20:55:19 | INFO     | emotion_detector | Detected emotion: angry (confidence: 0.69)
2025-12-02 20:55:21 | INFO     | emotion_detector | Detected emotion: neutral (confidence: 0.98)
2025-12-02 20:55:26 | INFO     | emotion_detector | Detected emotion: happy (confidence: 0.66)
2025-12-02 20:55:28 | INFO     | emotion_detector | Detected emotion: happy (confidence: 0.75)
2025-12-02 20:55:32 | INFO     | emotion_detector | Detected emotion: neutral (confidence: 1.00)
2025-12-02 20:55:34 | INFO     | emotion_detector | Detected emotion: neutral (confidence: 0.82)
2025-12-02 20:55:39 | INFO     | emotion_detector | Detected emotion: happy (confidence: 0.53)
2025-12-02 20:55:41 | INFO     | emotion_detector | Detected emotion: happy (confidence: 0.76)
2025-12-02 20:55:46 | INFO     | emotion_detector | Detected emotion: neutral (confidence: 0.89)
2025-12-02 20:55:48 | INFO     | emotion_detector | Detected emotion: happy (confidence: 0.73)
2025-12-02 20:55:52 | INFO     | emotion_detector | Detected emotion: neutral (confidence: 0.95)
2025-12-02 20:55:54 | INFO     | emotion_detector | Detected emotion: neutral (confidence: 1.00)
2025-12-02 20:55:59 | INFO     | emotion_detector | Detected emotion: neutral (confidence: 0.96)
2025-12-02 20:56:01 | INFO     | emotion_detector | Detected emotion: neutral (confidence: 0.99)
2025-12-02 20:56:05 | INFO     | emotion_detector | Detected emotion: happy (confidence: 0.99)
2025-12-02 20:56:07 | INFO     | emotion_detector | Detected emotion: happy (confidence: 0.95)
2025-12-02 20:56:12 | INFO     | emotion_detector | Detected emotion: neutral (confidence: 0.77)
2025-12-02 20:56:14 | INFO     | emotion_detector | Detected emotion: happy (confidence: 0.82)
2025-12-02 20:56:19 | INFO     | emotion_detector | Detected emotion: neutral (confidence: 0.43)
2025-12-02 20:56:20 | INFO     | emotion_detector | Detected emotion: happy (confidence: 0.77)
2025-12-02 20:56:25 | INFO     | emotion_detector | Detected emotion: neutral (confidence: 0.98)
2025-12-02 20:56:27 | INFO     | emotion_detector | Detected emotion: neutral (confidence: 0.99)
2025-12-02 20:56:32 | INFO     | emotion_detector | Detected emotion: neutral (confidence: 0.72)
2025-12-02 20:56:34 | INFO     | emotion_detector | Detected emotion: happy (confidence: 0.82)
2025-12-02 20:56:38 | INFO     | emotion_detector | Detected emotion: happy (confidence: 0.93)
2025-12-02 20:56:40 | INFO     | emotion_detector | Detected emotion: neutral (confidence: 0.99)
2025-12-02 20:56:45 | INFO     | emotion_detector | Detected emotion: happy (confidence: 0.52)
2025-12-02 20:56:47 | INFO     | emotion_detector | Detected emotion: neutral (confidence: 0.93)
2025-12-02 20:56:51 | INFO     | emotion_detector | Detected emotion: neutral (confidence: 0.98)
2025-12-02 20:56:54 | INFO     | emotion_detector | Detected emotion: neutral (confidence: 0.93)
2025-12-02 20:56:58 | INFO     | emotion_detector | Detected emotion: neutral (confidence: 0.94)
2025-12-02 20:57:00 | INFO     | emotion_detector | Detected emotion: neutral (confidence: 0.98)
2025-12-02 20:57:05 | INFO     | emotion_detector | Detected emotion: sad (confidence: 1.00)
2025-12-02 20:57:07 | INFO     | emotion_detector | Detected emotion: sad (confidence: 1.00)
2025-12-02 20:57:11 | INFO     | emotion_detector | Detected emotion: neutral (confidence: 0.77)
2025-12-02 20:57:13 | INFO     | emotion_detector | Detected emotion: neutral (confidence: 0.47)
2025-12-02 20:57:18 | INFO     | emotion_detector | Detected emotion: neutral (confidence: 0.92)
2025-12-02 20:57:20 | INFO     | emotion_detector | Detected emotion: neutral (confidence: 0.56)
2025-12-02 20:57:25 | INFO     | emotion_detector | Detected emotion: neutral (confidence: 0.98)
2025-12-02 20:57:26 | INFO     | emotion_detector | Detected emotion: neutral (confidence: 0.55)
2025-12-02 20:57:31 | INFO     | emotion_detector | Detected emotion: sad (confidence: 0.97)
2025-12-02 20:57:33 | INFO     | emotion_detector | Detected emotion: neutral (confidence: 0.86)
2025-12-02 20:57:40 | INFO     | emotion_detector | Detected emotion: neutral (confidence: 0.98)
2025-12-02 20:57:43 | INFO     | emotion_detector | Detected emotion: sad (confidence: 1.00)
2025-12-02 20:57:50 | INFO     | emotion_detector | Detected emotion: sad (confidence: 1.00)
2025-12-02 20:57:52 | INFO     | emotion_detector | Detected emotion: sad (confidence: 1.00)
2025-12-02 20:57:59 | INFO     | emotion_detector | Detected emotion: sad (confidence: 0.97)
2025-12-02 20:58:01 | INFO     | emotion_detector | Detected emotion: sad (confidence: 1.00)
2025-12-02 20:58:08 | INFO     | emotion_detector | Detected emotion: sad (confidence: 1.00)
2025-12-02 20:58:11 | INFO     | emotion_detector | Detected emotion: happy (confidence: 1.00)
2025-12-02 20:58:17 | INFO     | emotion_detector | Detected emotion: neutral (confidence: 0.93)
2025-12-02 20:58:19 | INFO     | emotion_detector | Detected emotion: angry (confidence: 0.81)
2025-12-02 20:58:24 | INFO     | emotion_detector | Detected emotion: fear (confidence: 0.98)
2025-12-02 20:58:25 | INFO     | emotion_detector | Detected emotion: sad (confidence: 0.95)
2025-12-02 20:58:30 | INFO     | emotion_detector | Detected emotion: sad (confidence: 0.96)
2025-12-02 20:58:32 | INFO     | emotion_detector | Detected emotion: sad (confidence: 0.97)
2025-12-02 20:58:37 | INFO     | emotion_detector | Detected emotion: sad (confidence: 0.98)
2025-12-02 20:58:38 | INFO     | emotion_detector | Detected emotion: sad (confidence: 0.99)
2025-12-02 20:58:43 | INFO     | emotion_detector | Detected emotion: sad (confidence: 0.99)
2025-12-02 20:58:45 | INFO     | emotion_detector | Detected emotion: sad (confidence: 0.99)
2025-12-02 20:58:50 | INFO     | emotion_detector | Detected emotion: sad (confidence: 0.99)
2025-12-02 20:58:51 | INFO     | emotion_detector | Detected emotion: sad (confidence: 0.99)
2025-12-02 20:58:57 | INFO     | emotion_detector | Detected emotion: sad (confidence: 1.00)
2025-12-02 20:58:58 | INFO     | emotion_detector | Detected emotion: sad (confidence: 1.00)
2025-12-02 20:59:03 | INFO     | emotion_detector | Detected emotion: sad (confidence: 1.00)
2025-12-02 20:59:05 | INFO     | emotion_detector | Detected emotion: sad (confidence: 1.00)
2025-12-02 20:59:10 | INFO     | emotion_detector | Detected emotion: sad (confidence: 0.84)
2025-12-02 20:59:11 | INFO     | emotion_detector | Detected emotion: sad (confidence: 0.99)
2025-12-02 20:59:17 | INFO     | emotion_detector | Detected emotion: sad (confidence: 1.00)
2025-12-02 20:59:18 | INFO     | emotion_detector | Detected emotion: sad (confidence: 1.00)
2025-12-02 20:59:26 | INFO     | emotion_detector | Detected emotion: happy (confidence: 1.00)
2025-12-02 20:59:27 | INFO     | emotion_detector | Detected emotion: neutral (confidence: 0.99)
2025-12-02 20:59:36 | INFO     | emotion_detector | Detected emotion: neutral (confidence: 1.00)
2025-12-02 20:59:46 | INFO     | emotion_detector | Detected emotion: neutral (confidence: 1.00)
2025-12-02 20:59:53 | INFO     | emotion_detector | Detected emotion: happy (confidence: 1.00)
2025-12-02 20:59:55 | INFO     | emotion_detector | Background emotion monitoring started
2025-12-02 20:59:55 | INFO     | app | Background emotion monitor started
2025-12-02 20:59:55 | INFO     | conversation_memory | Migrating user_goals table to include last_asked_at
2025-12-02 20:59:55 | INFO     | conversation_memory | Database initialized successfully
2025-12-02 20:59:55 | INFO     | app | Database and audio directory initialized
2025-12-02 20:59:55 | INFO     | app | ROOMie Backend v3.0 starting...
2025-12-02 20:59:55 | INFO     | app | Server: http://127.0.0.1:5000
2025-12-02 20:59:55 | INFO     | app | WebSocket: ws://127.0.0.1:5000
2025-12-02 21:03:39 | INFO     | emotion_detector | Background emotion monitoring started
2025-12-02 21:03:39 | INFO     | app | Background emotion monitor started
2025-12-02 21:03:39 | INFO     | conversation_memory | Database initialized successfully
2025-12-02 21:03:39 | INFO     | app | Database and audio directory initialized
2025-12-02 21:03:39 | INFO     | app | ROOMie Backend v3.0 starting...
2025-12-02 21:03:39 | INFO     | app | Server: http://127.0.0.1:5000
2025-12-02 21:03:39 | INFO     | app | WebSocket: ws://127.0.0.1:5000
2025-12-02 21:03:44 | INFO     | emotion_detector | Detected emotion: angry (confidence: 0.42)
2025-12-02 21:03:50 | INFO     | emotion_detector | Background emotion monitoring started
2025-12-02 21:03:50 | INFO     | app | Background emotion monitor started
2025-12-02 21:03:50 | INFO     | conversation_memory | Database initialized successfully
2025-12-02 21:03:50 | INFO     | app | Database and audio directory initialized
2025-12-02 21:03:50 | INFO     | app | ROOMie Backend v3.0 starting...
2025-12-02 21:03:50 | INFO     | app | Server: http://127.0.0.1:5000
2025-12-02 21:03:50 | INFO     | app | WebSocket: ws://127.0.0.1:5000
2025-12-02 21:03:51 | INFO     | emotion_detector | Background emotion monitoring started
2025-12-02 21:03:52 | INFO     | emotion_detector | Detected emotion: happy (confidence: 1.00)
2025-12-02 21:03:59 | INFO     | emotion_detector | Emotion monitor updated for user: 1
2025-12-02 21:04:00 | INFO     | emotion_detector | Detected emotion: neutral (confidence: 0.96)
2025-12-02 21:04:01 | INFO     | emotion_detector | Detected emotion: happy (confidence: 0.63)
2025-12-02 21:04:01 | INFO     | ai_core | Proactive greeting generated (Goal): Hey Shivansh! It's great to see you. Have you been...
2025-12-02 21:04:01 | INFO     | tts_output | Generating TTS with voice 'nova' for tone 'cheerful' (speed: 1.0)
2025-12-02 21:04:03 | WARNING  | emotion_detector | Failed to capture frame from camera
2025-12-02 21:04:06 | INFO     | tts_output | TTS audio saved: C:\Users\SHIVANSH\Desktop\ROOMie\backend\audio\tmphpv3lc4e.mp3
2025-12-02 21:04:06 | INFO     | app | ROOMie backend ready
2025-12-02 21:04:10 | WARNING  | emotion_detector | Failed to capture frame from camera
2025-12-02 21:04:11 | WARNING  | emotion_detector | Failed to capture frame from camera
2025-12-02 21:04:13 | WARNING  | emotion_detector | Failed to capture frame from camera
2025-12-02 21:04:23 | INFO     | emotion_detector | Detected emotion: neutral (confidence: 0.95)
2025-12-02 21:04:23 | INFO     | voice_tone | Voice tone analysis: neutral (confidence: 0.50)
2025-12-02 21:04:26 | INFO     | ai_core | AI response generated: I don't really have favorites, but I enjoy chattin...
2025-12-02 21:04:26 | INFO     | tts_output | Generating TTS with voice 'nova' for tone 'neutral' (speed: 1.0)
2025-12-02 21:04:27 | INFO     | emotion_detector | Detected emotion: happy (confidence: 0.99)
2025-12-02 21:04:29 | INFO     | tts_output | TTS audio saved: C:\Users\SHIVANSH\Desktop\ROOMie\backend\audio\tmp09afj48u.mp3
2025-12-02 21:04:35 | INFO     | emotion_detector | Detected emotion: happy (confidence: 0.99)
2025-12-02 21:04:37 | INFO     | emotion_calibration | Matched emotion: sad (similarity: 0.75)
2025-12-02 21:04:37 | INFO     | emotion_detector | Personalized match: sad (confidence: 0.75)
2025-12-02 21:04:38 | INFO     | emotion_detector | Detected emotion: neutral (confidence: 1.00)
2025-12-02 21:04:43 | INFO     | emotion_detector | Background emotion monitoring stopped
2025-12-02 21:04:48 | INFO     | emotion_detector | Detected emotion: happy (confidence: 0.97)
2025-12-02 21:04:50 | INFO     | emotion_detector | Detected emotion: happy (confidence: 1.00)
2025-12-02 21:04:50 | INFO     | emotion_calibration | Matched emotion: sad (similarity: 0.81)
2025-12-02 21:04:50 | INFO     | emotion_detector | Personalized match: sad (confidence: 0.81)
2025-12-02 21:04:52 | INFO     | voice_tone | Voice tone analysis: angry (confidence: 0.67)
2025-12-02 21:04:54 | INFO     | ai_core | AI response generated: It looks like you might be typing something. Could...
2025-12-02 21:04:54 | INFO     | tts_output | Generating TTS with voice 'nova' for tone 'sad' (speed: 0.85)
2025-12-02 21:04:57 | INFO     | tts_output | TTS audio saved: C:\Users\SHIVANSH\Desktop\ROOMie\backend\audio\tmp_0l2me4u.mp3
2025-12-02 21:04:59 | INFO     | emotion_detector | Detected emotion: angry (confidence: 0.80)
2025-12-02 21:05:01 | INFO     | emotion_detector | Detected emotion: neutral (confidence: 1.00)
2025-12-02 21:05:09 | INFO     | emotion_detector | Detected emotion: angry (confidence: 1.00)
2025-12-02 21:05:11 | INFO     | emotion_detector | Detected emotion: angry (confidence: 1.00)
2025-12-02 21:05:14 | INFO     | emotion_detector | Background emotion monitoring started
2025-12-02 21:05:14 | INFO     | emotion_detector | Emotion monitor updated for user: 1
2025-12-02 21:05:18 | INFO     | voice_tone | Voice tone analysis: neutral (confidence: 0.50)
2025-12-02 21:05:20 | INFO     | emotion_detector | Detected emotion: fear (confidence: 0.52)
2025-12-02 21:05:20 | INFO     | ai_core | AI response generated: Got it! What would you like to chat about while we...
2025-12-02 21:05:20 | INFO     | tts_output | Generating TTS with voice 'nova' for tone 'neutral' (speed: 1.0)
2025-12-02 21:05:22 | INFO     | emotion_detector | Bias correction: Switched from fear/sad to neutral (neutral score: 0.42)
2025-12-02 21:05:22 | INFO     | emotion_detector | Detected emotion: neutral (confidence: 0.42)
2025-12-02 21:05:22 | INFO     | tts_output | TTS audio saved: C:\Users\SHIVANSH\Desktop\ROOMie\backend\audio\tmpf2_cqeza.mp3
2025-12-02 21:05:23 | INFO     | emotion_detector | Detected emotion: neutral (confidence: 0.94)
2025-12-02 21:05:30 | INFO     | emotion_detector | Background emotion monitoring stopped
2025-12-02 21:05:32 | INFO     | emotion_detector | Bias correction: Switched from fear/sad to neutral (neutral score: 0.27)
2025-12-02 21:05:32 | INFO     | emotion_detector | Detected emotion: neutral (confidence: 0.27)
2025-12-02 21:05:34 | INFO     | emotion_detector | Detected emotion: sad (confidence: 1.00)
2025-12-02 21:05:34 | INFO     | emotion_calibration | Matched emotion: neutral (similarity: 0.70)
2025-12-02 21:05:34 | INFO     | emotion_detector | Personalized match: neutral (confidence: 0.70)
2025-12-02 21:05:40 | INFO     | emotion_detector | Detected emotion: neutral (confidence: 0.67)
2025-12-02 21:05:42 | INFO     | emotion_detector | Detected emotion: neutral (confidence: 0.93)
2025-12-02 21:05:47 | INFO     | emotion_detector | Detected emotion: neutral (confidence: 1.00)
2025-12-02 21:05:48 | INFO     | emotion_detector | Detected emotion: neutral (confidence: 0.98)
2025-12-02 21:05:54 | INFO     | emotion_detector | Detected emotion: neutral (confidence: 1.00)
2025-12-02 21:05:55 | INFO     | emotion_detector | Detected emotion: neutral (confidence: 1.00)
2025-12-02 21:06:00 | INFO     | emotion_detector | Detected emotion: surprise (confidence: 0.98)
2025-12-02 21:06:02 | INFO     | emotion_detector | Detected emotion: sad (confidence: 1.00)
2025-12-02 21:06:07 | INFO     | emotion_detector | Detected emotion: sad (confidence: 1.00)
2025-12-02 21:06:08 | INFO     | emotion_detector | Detected emotion: angry (confidence: 0.82)
2025-12-02 21:06:13 | INFO     | emotion_detector | Detected emotion: neutral (confidence: 0.99)
2025-12-02 21:06:15 | INFO     | emotion_detector | Detected emotion: neutral (confidence: 1.00)
2025-12-02 21:06:20 | INFO     | emotion_detector | Detected emotion: sad (confidence: 0.81)
2025-12-02 21:06:21 | INFO     | emotion_detector | Detected emotion: sad (confidence: 0.79)
2025-12-02 21:06:26 | INFO     | emotion_detector | Detected emotion: neutral (confidence: 1.00)
2025-12-02 21:06:28 | INFO     | emotion_detector | Detected emotion: sad (confidence: 1.00)
2025-12-02 21:06:33 | INFO     | emotion_detector | Detected emotion: neutral (confidence: 0.99)
2025-12-02 21:06:34 | INFO     | emotion_detector | Detected emotion: sad (confidence: 1.00)
2025-12-02 21:06:40 | INFO     | emotion_detector | Detected emotion: sad (confidence: 1.00)
2025-12-02 21:06:41 | INFO     | emotion_detector | Detected emotion: sad (confidence: 1.00)
2025-12-02 21:06:46 | INFO     | emotion_detector | Detected emotion: neutral (confidence: 1.00)
2025-12-02 21:06:48 | INFO     | emotion_detector | Detected emotion: angry (confidence: 0.97)
2025-12-02 21:06:53 | INFO     | emotion_detector | Detected emotion: angry (confidence: 0.82)
2025-12-02 21:06:54 | INFO     | emotion_detector | Detected emotion: sad (confidence: 0.98)
2025-12-02 21:06:59 | INFO     | emotion_detector | Detected emotion: neutral (confidence: 1.00)
2025-12-02 21:07:01 | INFO     | emotion_detector | Detected emotion: sad (confidence: 1.00)
2025-12-02 21:07:06 | INFO     | emotion_detector | Detected emotion: sad (confidence: 0.62)
2025-12-02 21:07:07 | INFO     | emotion_detector | Detected emotion: sad (confidence: 0.92)
2025-12-02 21:07:13 | INFO     | emotion_detector | Detected emotion: sad (confidence: 1.00)
2025-12-02 21:07:14 | INFO     | emotion_detector | Detected emotion: angry (confidence: 0.99)
2025-12-02 21:07:19 | INFO     | emotion_detector | Detected emotion: neutral (confidence: 0.89)
2025-12-02 21:07:21 | INFO     | emotion_detector | Detected emotion: neutral (confidence: 1.00)
2025-12-02 21:07:26 | INFO     | emotion_detector | Detected emotion: sad (confidence: 1.00)
2025-12-02 21:07:27 | INFO     | emotion_detector | Detected emotion: sad (confidence: 1.00)
2025-12-02 21:07:33 | INFO     | emotion_detector | Detected emotion: neutral (confidence: 0.71)
2025-12-02 21:07:34 | INFO     | emotion_detector | Detected emotion: neutral (confidence: 0.67)
2025-12-02 21:07:39 | INFO     | emotion_detector | Detected emotion: sad (confidence: 0.56)
2025-12-02 21:07:41 | INFO     | emotion_detector | Detected emotion: neutral (confidence: 0.99)
2025-12-02 21:07:46 | INFO     | emotion_detector | Detected emotion: neutral (confidence: 0.99)
2025-12-02 21:07:47 | INFO     | emotion_detector | Detected emotion: neutral (confidence: 0.87)
2025-12-02 21:07:53 | INFO     | emotion_detector | Detected emotion: sad (confidence: 1.00)
2025-12-02 21:07:54 | INFO     | emotion_detector | Detected emotion: neutral (confidence: 1.00)
2025-12-02 21:07:59 | INFO     | emotion_detector | Detected emotion: sad (confidence: 0.75)
2025-12-02 21:08:01 | INFO     | emotion_detector | Detected emotion: sad (confidence: 1.00)
2025-12-02 21:08:06 | INFO     | emotion_detector | Detected emotion: sad (confidence: 0.99)
2025-12-02 21:08:07 | INFO     | emotion_detector | Detected emotion: sad (confidence: 0.99)
2025-12-02 21:08:13 | INFO     | emotion_detector | Detected emotion: sad (confidence: 0.99)
2025-12-02 21:08:14 | INFO     | emotion_detector | Detected emotion: sad (confidence: 0.89)
2025-12-02 21:08:19 | INFO     | emotion_detector | Detected emotion: sad (confidence: 0.92)
2025-12-02 21:08:20 | INFO     | emotion_detector | Detected emotion: sad (confidence: 0.59)
2025-12-02 21:08:27 | INFO     | emotion_detector | Detected emotion: neutral (confidence: 0.86)
2025-12-02 21:08:28 | INFO     | emotion_detector | Detected emotion: neutral (confidence: 0.80)
2025-12-02 21:08:33 | INFO     | emotion_detector | Detected emotion: sad (confidence: 0.88)
2025-12-02 21:08:34 | INFO     | emotion_detector | Detected emotion: neutral (confidence: 0.87)
2025-12-02 21:08:40 | INFO     | emotion_detector | Detected emotion: sad (confidence: 1.00)
2025-12-02 21:08:41 | INFO     | emotion_detector | Detected emotion: happy (confidence: 0.50)
2025-12-02 21:08:47 | INFO     | emotion_detector | Detected emotion: sad (confidence: 0.85)
2025-12-02 21:08:48 | INFO     | emotion_detector | Detected emotion: sad (confidence: 0.95)
2025-12-02 21:08:54 | INFO     | emotion_detector | Detected emotion: neutral (confidence: 1.00)
2025-12-02 21:08:55 | INFO     | emotion_detector | Detected emotion: neutral (confidence: 1.00)
2025-12-02 21:09:00 | INFO     | emotion_detector | Detected emotion: neutral (confidence: 1.00)
2025-12-02 21:09:02 | INFO     | emotion_detector | Detected emotion: sad (confidence: 0.98)
2025-12-02 21:09:07 | INFO     | emotion_detector | Detected emotion: sad (confidence: 1.00)
2025-12-02 21:09:08 | INFO     | emotion_detector | Detected emotion: neutral (confidence: 1.00)
2025-12-02 21:09:15 | INFO     | emotion_detector | Detected emotion: neutral (confidence: 0.59)
2025-12-02 21:09:15 | INFO     | emotion_detector | Detected emotion: neutral (confidence: 0.80)
2025-12-02 21:09:17 | INFO     | emotion_detector | Background emotion monitoring started
2025-12-02 21:09:25 | INFO     | emotion_detector | Detected emotion: neutral (confidence: 1.00)
2025-12-02 21:09:26 | INFO     | emotion_detector | Emotion monitor updated for user: 1
2025-12-02 21:09:26 | INFO     | emotion_detector | Detected emotion: fear (confidence: 0.54)
2025-12-02 21:09:27 | INFO     | emotion_detector | Detected emotion: neutral (confidence: 1.00)
2025-12-02 21:09:27 | INFO     | ai_core | Proactive greeting generated (Casual): Hey, Shivansh! Good to see you! How's it going? Ho...
2025-12-02 21:09:27 | INFO     | tts_output | Generating TTS with voice 'nova' for tone 'cheerful' (speed: 1.0)
2025-12-02 21:09:30 | INFO     | tts_output | TTS audio saved: C:\Users\SHIVANSH\Desktop\ROOMie\backend\audio\tmpx351sjj3.mp3
2025-12-02 21:09:37 | WARNING  | emotion_detector | Failed to capture frame from camera
2025-12-02 21:09:38 | WARNING  | emotion_detector | Failed to capture frame from camera
2025-12-02 21:09:38 | INFO     | emotion_detector | Background emotion monitoring stopped
2025-12-02 21:09:39 | WARNING  | emotion_detector | Failed to capture frame from camera
2025-12-02 21:09:48 | WARNING  | emotion_detector | Failed to capture frame from camera
2025-12-02 21:09:49 | INFO     | emotion_detector | Detected emotion: neutral (confidence: 0.99)
2025-12-02 21:09:49 | INFO     | voice_tone | Voice tone analysis: neutral (confidence: 0.50)
2025-12-02 21:09:51 | INFO     | ai_core | AI response generated: I understand. I’ll keep it simple. If there’s anyt...
2025-12-02 21:09:51 | INFO     | tts_output | Generating TTS with voice 'nova' for tone 'sad' (speed: 0.85)
2025-12-02 21:09:54 | INFO     | tts_output | TTS audio saved: C:\Users\SHIVANSH\Desktop\ROOMie\backend\audio\tmp2a8xlo27.mp3
2025-12-02 21:09:58 | WARNING  | emotion_detector | Failed to capture frame from camera
2025-12-02 21:09:59 | INFO     | emotion_detector | Detected emotion: neutral (confidence: 0.84)
2025-12-02 21:10:08 | INFO     | emotion_detector | Detected emotion: sad (confidence: 1.00)
2025-12-02 21:10:08 | INFO     | emotion_detector | Detected emotion: happy (confidence: 0.80)
2025-12-02 21:10:15 | INFO     | emotion_detector | Detected emotion: neutral (confidence: 0.97)
2025-12-02 21:10:15 | INFO     | emotion_detector | Detected emotion: neutral (confidence: 0.96)
2025-12-02 21:10:21 | INFO     | emotion_detector | Detected emotion: sad (confidence: 0.75)
2025-12-02 21:10:22 | INFO     | emotion_detector | Detected emotion: angry (confidence: 0.78)
2025-12-02 21:10:28 | INFO     | emotion_detector | Detected emotion: neutral (confidence: 1.00)
2025-12-02 21:10:28 | INFO     | emotion_detector | Detected emotion: angry (confidence: 0.84)
2025-12-02 21:10:35 | INFO     | emotion_detector | Detected emotion: sad (confidence: 1.00)
2025-12-02 21:10:35 | INFO     | emotion_detector | Detected emotion: angry (confidence: 0.76)
2025-12-02 21:10:41 | INFO     | emotion_detector | Detected emotion: sad (confidence: 0.95)
2025-12-02 21:10:42 | INFO     | emotion_detector | Detected emotion: sad (confidence: 0.96)
2025-12-02 21:10:48 | INFO     | emotion_detector | Detected emotion: neutral (confidence: 0.92)
2025-12-02 21:10:48 | INFO     | emotion_detector | Detected emotion: neutral (confidence: 0.75)
2025-12-02 21:10:54 | INFO     | emotion_detector | Detected emotion: sad (confidence: 0.96)
2025-12-02 21:10:55 | INFO     | emotion_detector | Detected emotion: sad (confidence: 0.91)
2025-12-02 21:11:01 | INFO     | emotion_detector | Detected emotion: neutral (confidence: 1.00)
2025-12-02 21:11:01 | INFO     | emotion_detector | Detected emotion: neutral (confidence: 0.98)
2025-12-02 21:11:07 | INFO     | emotion_detector | Detected emotion: happy (confidence: 0.95)
2025-12-02 21:11:08 | INFO     | emotion_detector | Detected emotion: neutral (confidence: 1.00)
2025-12-02 21:11:14 | INFO     | emotion_detector | Detected emotion: sad (confidence: 1.00)
2025-12-02 21:11:15 | INFO     | emotion_detector | Detected emotion: neutral (confidence: 0.93)
2025-12-02 21:11:21 | INFO     | emotion_detector | Detected emotion: sad (confidence: 0.98)
2025-12-02 21:11:21 | INFO     | emotion_detector | Detected emotion: happy (confidence: 0.71)
2025-12-02 21:11:28 | INFO     | emotion_detector | Detected emotion: neutral (confidence: 0.48)
2025-12-02 21:11:28 | INFO     | emotion_detector | Detected emotion: angry (confidence: 0.51)
2025-12-02 21:11:34 | INFO     | emotion_detector | Detected emotion: neutral (confidence: 0.98)
2025-12-02 21:11:35 | INFO     | emotion_detector | Detected emotion: neutral (confidence: 0.96)
2025-12-02 21:11:41 | INFO     | emotion_detector | Detected emotion: angry (confidence: 0.66)
2025-12-02 21:11:42 | INFO     | emotion_detector | Detected emotion: neutral (confidence: 0.81)
2025-12-02 21:11:48 | INFO     | emotion_detector | Detected emotion: neutral (confidence: 1.00)
2025-12-02 21:11:48 | INFO     | emotion_detector | Detected emotion: neutral (confidence: 1.00)
2025-12-02 21:11:54 | INFO     | emotion_detector | Detected emotion: neutral (confidence: 1.00)
2025-12-02 21:11:55 | INFO     | emotion_detector | Detected emotion: neutral (confidence: 1.00)
2025-12-02 21:12:01 | INFO     | emotion_detector | Detected emotion: sad (confidence: 1.00)
2025-12-02 21:12:01 | INFO     | emotion_detector | Detected emotion: neutral (confidence: 0.98)
2025-12-02 21:12:08 | INFO     | emotion_detector | Detected emotion: neutral (confidence: 0.97)
2025-12-02 21:12:08 | INFO     | emotion_detector | Detected emotion: neutral (confidence: 0.99)
2025-12-02 21:12:16 | INFO     | emotion_detector | Detected emotion: neutral (confidence: 1.00)
2025-12-02 21:12:17 | INFO     | emotion_detector | Detected emotion: neutral (confidence: 1.00)
2025-12-02 21:12:23 | WARNING  | emotion_detector | Failed to capture frame from camera
2025-12-02 21:12:24 | INFO     | emotion_detector | Detected emotion: happy (confidence: 0.58)
2025-12-02 21:12:25 | INFO     | emotion_detector | Background emotion monitoring started
2025-12-02 21:12:34 | INFO     | emotion_detector | Detected emotion: angry (confidence: 0.74)
2025-12-02 21:12:36 | INFO     | emotion_detector | Detected emotion: angry (confidence: 0.81)
2025-12-02 21:12:36 | INFO     | emotion_detector | Detected emotion: angry (confidence: 0.67)
2025-12-02 21:12:42 | INFO     | emotion_detector | Detected emotion: neutral (confidence: 0.92)
2025-12-02 21:12:43 | WARNING  | emotion_detector | Failed to capture frame from camera
2025-12-02 21:12:44 | INFO     | emotion_detector | Detected emotion: neutral (confidence: 0.74)
2025-12-02 21:12:48 | INFO     | emotion_detector | Detected emotion: sad (confidence: 1.00)
2025-12-02 21:12:50 | INFO     | emotion_detector | Detected emotion: sad (confidence: 1.00)
2025-12-02 21:12:51 | INFO     | emotion_detector | Detected emotion: neutral (confidence: 0.96)
2025-12-02 21:12:54 | INFO     | emotion_detector | Detected emotion: neutral (confidence: 0.61)
2025-12-02 21:12:57 | INFO     | emotion_detector | Detected emotion: sad (confidence: 0.99)
2025-12-02 21:12:57 | INFO     | emotion_detector | Detected emotion: sad (confidence: 0.71)
2025-12-02 21:12:59 | INFO     | emotion_detector | Detected emotion: fear (confidence: 0.52)
2025-12-02 21:13:04 | INFO     | emotion_detector | Detected emotion: neutral (confidence: 1.00)
2025-12-02 21:13:05 | INFO     | emotion_detector | Detected emotion: neutral (confidence: 0.53)
2025-12-02 21:13:06 | INFO     | emotion_detector | Detected emotion: neutral (confidence: 1.00)
2025-12-02 21:13:11 | WARNING  | emotion_detector | Failed to capture frame from camera
2025-12-02 21:13:11 | WARNING  | emotion_detector | Failed to capture frame from camera
2025-12-02 21:13:12 | INFO     | emotion_detector | Detected emotion: neutral (confidence: 1.00)
2025-12-02 21:13:18 | WARNING  | emotion_detector | Failed to capture frame from camera
2025-12-02 21:13:19 | INFO     | emotion_detector | Detected emotion: fear (confidence: 0.47)
2025-12-02 21:13:19 | INFO     | emotion_detector | Detected emotion: neutral (confidence: 1.00)
2025-12-02 21:13:25 | INFO     | emotion_detector | Detected emotion: neutral (confidence: 0.99)
2025-12-02 21:13:26 | INFO     | emotion_detector | Detected emotion: sad (confidence: 1.00)
2025-12-02 21:13:26 | INFO     | emotion_detector | Detected emotion: sad (confidence: 1.00)
2025-12-02 21:13:30 | INFO     | emotion_detector | Detected emotion: neutral (confidence: 0.99)
2025-12-02 21:13:32 | INFO     | emotion_detector | Detected emotion: sad (confidence: 0.94)
2025-12-02 21:13:33 | INFO     | emotion_detector | Detected emotion: fear (confidence: 0.80)
2025-12-02 21:13:36 | INFO     | emotion_detector | Detected emotion: sad (confidence: 0.62)
2025-12-02 21:13:39 | INFO     | emotion_detector | Detected emotion: angry (confidence: 0.38)
2025-12-02 21:13:39 | INFO     | emotion_detector | Detected emotion: sad (confidence: 0.41)
2025-12-02 21:13:41 | INFO     | emotion_detector | Detected emotion: fear (confidence: 0.64)
2025-12-02 21:13:46 | INFO     | emotion_detector | Detected emotion: sad (confidence: 0.68)
2025-12-02 21:13:47 | INFO     | emotion_detector | Detected emotion: sad (confidence: 0.50)
2025-12-02 21:13:47 | INFO     | emotion_detector | Detected emotion: fear (confidence: 0.62)
2025-12-02 21:13:53 | WARNING  | emotion_detector | Failed to capture frame from camera
2025-12-02 21:13:54 | INFO     | emotion_detector | Detected emotion: neutral (confidence: 0.97)
2025-12-02 21:13:54 | INFO     | emotion_detector | Detected emotion: neutral (confidence: 1.00)
2025-12-02 21:14:00 | WARNING  | emotion_detector | Failed to capture frame from camera
2025-12-02 21:14:00 | INFO     | emotion_detector | Detected emotion: neutral (confidence: 1.00)
2025-12-02 21:14:01 | INFO     | emotion_detector | Detected emotion: neutral (confidence: 1.00)
2025-12-02 21:14:08 | INFO     | emotion_detector | Detected emotion: sad (confidence: 0.52)
2025-12-02 21:14:15 | INFO     | emotion_detector | Detected emotion: neutral (confidence: 0.72)
2025-12-02 21:14:21 | INFO     | emotion_detector | Detected emotion: sad (confidence: 0.52)
2025-12-02 21:14:21 | INFO     | emotion_detector | Background emotion monitoring started
2025-12-02 21:14:21 | INFO     | app | Background emotion monitor started
2025-12-02 21:14:21 | INFO     | conversation_memory | Database initialized successfully
2025-12-02 21:14:21 | INFO     | app | Database and audio directory initialized
2025-12-02 21:14:21 | INFO     | app | ROOMie Backend v3.0 starting...
2025-12-02 21:14:21 | INFO     | app | Server: http://127.0.0.1:5000
2025-12-02 21:14:21 | INFO     | app | WebSocket: ws://127.0.0.1:5000
2025-12-02 21:14:24 | INFO     | emotion_detector | Background emotion monitoring started
2025-12-02 21:14:28 | INFO     | emotion_detector | Detected emotion: fear (confidence: 0.73)
2025-12-02 21:14:28 | WARNING  | emotion_detector | Failed to capture frame from camera
2025-12-02 21:14:29 | INFO     | emotion_detector | Detected emotion: sad (confidence: 0.83)
2025-12-02 21:14:34 | WARNING  | emotion_detector | Failed to capture frame from camera
2025-12-02 21:14:35 | INFO     | emotion_detector | Detected emotion: sad (confidence: 0.83)
2025-12-02 21:14:36 | INFO     | emotion_detector | Detected emotion: sad (confidence: 0.74)
2025-12-02 21:14:40 | INFO     | emotion_detector | Detected emotion: sad (confidence: 0.81)
2025-12-02 21:14:42 | INFO     | emotion_detector | Detected emotion: sad (confidence: 0.64)
2025-12-02 21:14:43 | INFO     | emotion_detector | Detected emotion: neutral (confidence: 0.83)
2025-12-02 21:14:46 | INFO     | emotion_detector | Detected emotion: neutral (confidence: 0.88)
2025-12-02 21:14:48 | INFO     | emotion_detector | Detected emotion: angry (confidence: 1.00)
2025-12-02 21:14:50 | INFO     | emotion_detector | Detected emotion: neutral (confidence: 0.99)
2025-12-02 21:14:51 | INFO     | emotion_detector | Detected emotion: neutral (confidence: 1.00)
2025-12-02 21:14:55 | INFO     | emotion_detector | Detected emotion: neutral (confidence: 1.00)
2025-12-02 21:14:56 | INFO     | emotion_detector | Detected emotion: neutral (confidence: 0.72)
2025-12-02 21:14:57 | INFO     | emotion_detector | Detected emotion: sad (confidence: 0.54)
2025-12-02 21:15:05 | INFO     | emotion_detector | Detected emotion: neutral (confidence: 1.00)
2025-12-02 21:15:07 | INFO     | emotion_detector | Detected emotion: neutral (confidence: 0.99)
2025-12-02 21:15:08 | INFO     | emotion_detector | Detected emotion: happy (confidence: 0.72)
2025-12-02 21:15:09 | INFO     | emotion_detector | Emotion monitor updated for user: 1
2025-12-02 21:15:10 | INFO     | ai_core | Proactive greeting generated (Goal): Hey Shivansh! It's great to see you. Did you work ...
2025-12-02 21:15:10 | INFO     | tts_output | Generating TTS with voice 'nova' for tone 'cheerful' (speed: 1.0)
2025-12-02 21:15:15 | INFO     | tts_output | TTS audio saved: C:\Users\SHIVANSH\Desktop\ROOMie\backend\audio\tmpx06o7xpv.mp3
2025-12-02 21:15:15 | INFO     | app | ROOMie backend ready
2025-12-02 21:15:15 | WARNING  | emotion_detector | Failed to capture frame from camera
2025-12-02 21:15:16 | WARNING  | emotion_detector | Failed to capture frame from camera
2025-12-02 21:15:18 | WARNING  | emotion_detector | Failed to capture frame from camera
2025-12-02 21:15:27 | WARNING  | emotion_detector | Failed to capture frame from camera
2025-12-02 21:15:27 | WARNING  | emotion_detector | Failed to capture frame from camera
2025-12-02 21:15:28 | WARNING  | emotion_detector | Failed to capture frame from camera
2025-12-02 21:15:34 | INFO     | emotion_detector | Background emotion monitoring stopped
2025-12-02 21:15:38 | INFO     | emotion_detector | Detected emotion: neutral (confidence: 1.00)
2025-12-02 21:15:39 | INFO     | emotion_detector | Detected emotion: neutral (confidence: 1.00)
2025-12-02 21:15:46 | INFO     | emotion_calibration | Matched emotion: neutral (similarity: 0.68)
2025-12-02 21:15:46 | INFO     | emotion_detector | Personalized match: neutral (confidence: 0.68)
2025-12-02 21:15:48 | INFO     | emotion_detector | Detected emotion: neutral (confidence: 0.96)
2025-12-02 21:15:48 | INFO     | emotion_detector | Detected emotion: neutral (confidence: 1.00)
2025-12-02 21:15:57 | WARNING  | emotion_detector | Failed to capture frame from camera
2025-12-02 21:15:57 | INFO     | emotion_detector | Detected emotion: neutral (confidence: 1.00)
2025-12-02 21:16:04 | INFO     | emotion_detector | Detected emotion: neutral (confidence: 1.00)
2025-12-02 21:16:04 | INFO     | emotion_detector | Detected emotion: neutral (confidence: 1.00)
2025-12-02 21:16:10 | INFO     | emotion_detector | Detected emotion: sad (confidence: 0.99)
2025-12-02 21:16:11 | INFO     | emotion_detector | Detected emotion: sad (confidence: 0.99)
2025-12-02 21:16:17 | INFO     | emotion_detector | Detected emotion: sad (confidence: 0.86)
2025-12-02 21:16:17 | INFO     | emotion_detector | Detected emotion: sad (confidence: 0.53)
2025-12-02 21:16:24 | INFO     | emotion_detector | Detected emotion: sad (confidence: 1.00)
2025-12-02 21:16:24 | INFO     | emotion_detector | Detected emotion: sad (confidence: 1.00)
2025-12-02 21:16:30 | INFO     | emotion_detector | Detected emotion: neutral (confidence: 0.97)
2025-12-02 21:16:31 | INFO     | emotion_detector | Detected emotion: neutral (confidence: 0.99)
2025-12-02 21:16:37 | INFO     | emotion_detector | Detected emotion: sad (confidence: 1.00)
2025-12-02 21:16:37 | INFO     | emotion_detector | Detected emotion: sad (confidence: 1.00)
2025-12-02 21:16:43 | INFO     | emotion_detector | Detected emotion: sad (confidence: 1.00)
2025-12-02 21:16:44 | INFO     | emotion_detector | Detected emotion: sad (confidence: 1.00)
2025-12-02 21:16:50 | INFO     | emotion_detector | Detected emotion: neutral (confidence: 0.75)
2025-12-02 21:16:50 | INFO     | emotion_detector | Detected emotion: neutral (confidence: 1.00)
2025-12-02 21:16:57 | INFO     | emotion_detector | Detected emotion: sad (confidence: 0.97)
2025-12-02 21:16:58 | INFO     | emotion_detector | Detected emotion: sad (confidence: 1.00)
2025-12-02 21:17:06 | INFO     | emotion_detector | Detected emotion: neutral (confidence: 0.94)
2025-12-02 21:17:07 | INFO     | emotion_detector | Detected emotion: neutral (confidence: 0.96)
2025-12-02 21:17:16 | INFO     | emotion_detector | Detected emotion: neutral (confidence: 1.00)
2025-12-02 21:17:17 | INFO     | emotion_detector | Detected emotion: neutral (confidence: 1.00)
2025-12-02 21:17:20 | INFO     | emotion_detector | Background emotion monitoring started
2025-12-02 21:17:22 | INFO     | emotion_detector | Background emotion monitoring stopped
2025-12-02 21:17:28 | WARNING  | emotion_detector | Failed to capture frame from camera
2025-12-02 21:17:28 | INFO     | emotion_detector | Detected emotion: happy (confidence: 0.78)
2025-12-02 21:17:29 | INFO     | emotion_detector | Detected emotion: happy (confidence: 0.95)
2025-12-02 21:17:34 | INFO     | ai_core | Proactive greeting generated (Casual): Hey Shivansh, good to see you! How's it going? How...
2025-12-02 21:17:34 | INFO     | tts_output | Generating TTS with voice 'nova' for tone 'cheerful' (speed: 1.0)
2025-12-02 21:17:36 | INFO     | tts_output | TTS audio saved: C:\Users\SHIVANSH\Desktop\ROOMie\backend\audio\tmp6hc4kldq.mp3
2025-12-02 21:17:38 | WARNING  | emotion_detector | Failed to capture frame from camera
2025-12-02 21:17:39 | WARNING  | emotion_detector | Failed to capture frame from camera
2025-12-02 21:17:47 | INFO     | emotion_detector | Background emotion monitoring started
2025-12-02 21:17:47 | INFO     | emotion_detector | Emotion monitor updated for user: 1
2025-12-02 21:17:49 | WARNING  | emotion_detector | Failed to capture frame from camera
2025-12-02 21:17:49 | WARNING  | emotion_detector | Failed to capture frame from camera
2025-12-02 21:17:51 | INFO     | emotion_detector | Background emotion monitoring stopped
2025-12-02 21:17:55 | INFO     | emotion_detector | Detected emotion: neutral (confidence: 0.77)
2025-12-02 21:17:59 | WARNING  | emotion_detector | Failed to capture frame from camera
2025-12-02 21:18:00 | INFO     | emotion_detector | Detected emotion: neutral (confidence: 0.88)
2025-12-02 21:18:00 | INFO     | voice_tone | Voice tone analysis: neutral (confidence: 0.50)
2025-12-02 21:18:02 | INFO     | ai_core | AI response generated: No need to apologize! I’m here for you, and it’s p...
2025-12-02 21:18:02 | INFO     | tts_output | Generating TTS with voice 'nova' for tone 'sad' (speed: 0.85)
2025-12-02 21:18:05 | INFO     | tts_output | TTS audio saved: C:\Users\SHIVANSH\Desktop\ROOMie\backend\audio\tmp1cvyd5az.mp3
2025-12-02 21:18:08 | INFO     | emotion_detector | Detected emotion: happy (confidence: 0.74)
2025-12-02 21:18:08 | INFO     | emotion_detector | Detected emotion: sad (confidence: 0.97)
2025-12-02 21:18:15 | WARNING  | emotion_detector | Failed to capture frame from camera
2025-12-02 21:18:15 | INFO     | emotion_detector | Detected emotion: neutral (confidence: 1.00)
2025-12-02 21:18:21 | INFO     | emotion_detector | Detected emotion: neutral (confidence: 0.69)
2025-12-02 21:18:22 | INFO     | emotion_detector | Detected emotion: neutral (confidence: 0.96)
2025-12-02 21:18:28 | INFO     | emotion_detector | Detected emotion: neutral (confidence: 0.86)
2025-12-02 21:18:29 | INFO     | emotion_detector | Detected emotion: neutral (confidence: 0.98)
2025-12-02 21:18:35 | INFO     | emotion_detector | Detected emotion: sad (confidence: 0.61)
2025-12-02 21:18:35 | INFO     | emotion_detector | Detected emotion: neutral (confidence: 1.00)
2025-12-02 21:18:42 | INFO     | emotion_detector | Detected emotion: neutral (confidence: 0.75)
2025-12-02 21:18:42 | INFO     | emotion_detector | Detected emotion: neutral (confidence: 0.94)
2025-12-02 21:18:48 | INFO     | emotion_detector | Detected emotion: neutral (confidence: 0.98)
2025-12-02 21:18:49 | INFO     | emotion_detector | Detected emotion: neutral (confidence: 1.00)
2025-12-02 21:18:55 | INFO     | emotion_detector | Detected emotion: sad (confidence: 0.75)
2025-12-02 21:18:55 | INFO     | emotion_detector | Detected emotion: neutral (confidence: 0.99)
2025-12-02 21:19:02 | INFO     | emotion_detector | Detected emotion: fear (confidence: 0.52)
2025-12-02 21:19:02 | INFO     | emotion_detector | Detected emotion: fear (confidence: 0.84)
2025-12-02 21:19:08 | INFO     | emotion_detector | Detected emotion: neutral (confidence: 1.00)
2025-12-02 21:19:09 | INFO     | emotion_detector | Detected emotion: neutral (confidence: 1.00)
2025-12-02 21:19:15 | INFO     | emotion_detector | Detected emotion: sad (confidence: 0.40)
2025-12-02 21:19:16 | INFO     | emotion_detector | Detected emotion: angry (confidence: 0.51)
2025-12-02 21:19:22 | INFO     | emotion_detector | Detected emotion: happy (confidence: 1.00)
2025-12-02 21:19:22 | INFO     | emotion_detector | Detected emotion: sad (confidence: 0.97)
2025-12-02 21:19:28 | INFO     | emotion_detector | Detected emotion: neutral (confidence: 0.75)
2025-12-02 21:19:29 | INFO     | emotion_detector | Detected emotion: neutral (confidence: 0.94)
2025-12-02 21:19:35 | INFO     | emotion_detector | Detected emotion: happy (confidence: 0.92)
2025-12-02 21:19:35 | INFO     | emotion_detector | Detected emotion: neutral (confidence: 0.73)
2025-12-02 21:19:42 | INFO     | emotion_detector | Detected emotion: neutral (confidence: 0.98)
2025-12-02 21:19:42 | INFO     | emotion_detector | Detected emotion: neutral (confidence: 0.92)
2025-12-02 21:19:48 | INFO     | emotion_detector | Detected emotion: sad (confidence: 1.00)
2025-12-02 21:19:49 | INFO     | emotion_detector | Detected emotion: sad (confidence: 1.00)
2025-12-02 21:19:55 | INFO     | emotion_detector | Detected emotion: sad (confidence: 1.00)
2025-12-02 21:19:56 | INFO     | emotion_detector | Detected emotion: sad (confidence: 1.00)
2025-12-02 21:20:02 | INFO     | emotion_detector | Detected emotion: neutral (confidence: 1.00)
2025-12-02 21:20:03 | INFO     | emotion_detector | Detected emotion: neutral (confidence: 1.00)
2025-12-02 21:20:09 | INFO     | emotion_detector | Detected emotion: neutral (confidence: 0.95)
2025-12-02 21:20:09 | INFO     | emotion_detector | Detected emotion: neutral (confidence: 0.80)
2025-12-02 21:20:16 | INFO     | emotion_detector | Detected emotion: sad (confidence: 1.00)
2025-12-02 21:20:16 | INFO     | emotion_detector | Detected emotion: sad (confidence: 0.99)
2025-12-02 21:20:23 | INFO     | emotion_detector | Detected emotion: sad (confidence: 0.99)
2025-12-02 21:20:23 | INFO     | emotion_detector | Detected emotion: sad (confidence: 0.99)
2025-12-02 21:20:29 | INFO     | emotion_detector | Detected emotion: neutral (confidence: 1.00)
2025-12-02 21:20:30 | INFO     | emotion_detector | Detected emotion: neutral (confidence: 1.00)
2025-12-02 21:20:36 | WARNING  | emotion_detector | Failed to capture frame from camera
2025-12-02 21:20:36 | INFO     | emotion_detector | Detected emotion: sad (confidence: 1.00)
2025-12-02 21:20:42 | INFO     | emotion_detector | Detected emotion: sad (confidence: 1.00)
2025-12-02 21:20:43 | INFO     | emotion_detector | Detected emotion: sad (confidence: 1.00)
2025-12-02 21:20:49 | INFO     | emotion_detector | Detected emotion: sad (confidence: 1.00)
2025-12-02 21:20:50 | INFO     | emotion_detector | Detected emotion: sad (confidence: 1.00)
2025-12-02 21:20:56 | INFO     | emotion_detector | Detected emotion: neutral (confidence: 1.00)
2025-12-02 21:20:56 | INFO     | emotion_detector | Detected emotion: sad (confidence: 1.00)
2025-12-02 21:21:03 | INFO     | emotion_detector | Detected emotion: neutral (confidence: 0.93)
2025-12-02 21:21:03 | INFO     | emotion_detector | Detected emotion: happy (confidence: 0.68)
2025-12-02 21:21:04 | INFO     | emotion_detector | Background emotion monitoring started
2025-12-02 21:21:06 | INFO     | emotion_detector | Background emotion monitoring stopped
2025-12-02 21:21:12 | INFO     | emotion_detector | Detected emotion: neutral (confidence: 0.99)
2025-12-02 21:21:13 | INFO     | tts_output | Generating TTS with voice 'nova' for tone 'cheerful' (speed: 1.0)
2025-12-02 21:21:14 | INFO     | emotion_detector | Detected emotion: neutral (confidence: 1.00)
2025-12-02 21:21:14 | INFO     | emotion_detector | Detected emotion: neutral (confidence: 0.99)
2025-12-02 21:21:16 | INFO     | tts_output | TTS audio saved: C:\Users\SHIVANSH\Desktop\ROOMie\backend\audio\tmp7gfq78i1.mp3
2025-12-02 21:21:24 | INFO     | emotion_detector | Background emotion monitoring started
2025-12-02 21:21:24 | INFO     | emotion_detector | Emotion monitor updated for user: 1
2025-12-02 21:21:25 | INFO     | emotion_detector | Detected emotion: sad (confidence: 1.00)
2025-12-02 21:21:26 | INFO     | emotion_detector | Detected emotion: sad (confidence: 1.00)
2025-12-02 21:21:26 | INFO     | emotion_detector | Background emotion monitoring stopped
2025-12-02 21:21:26 | INFO     | emotion_detector | Background emotion monitoring started
2025-12-02 21:21:28 | INFO     | emotion_detector | Background emotion monitoring stopped
2025-12-02 21:21:30 | INFO     | ai_core | Proactive greeting generated (Goal): Hey Shivansh! Hope you're having a great day. Did ...
2025-12-02 21:21:30 | INFO     | tts_output | Generating TTS with voice 'nova' for tone 'cheerful' (speed: 1.0)
2025-12-02 21:21:33 | INFO     | tts_output | TTS audio saved: C:\Users\SHIVANSH\Desktop\ROOMie\backend\audio\tmpxedxnd2l.mp3
2025-12-02 21:21:34 | INFO     | emotion_detector | Detected emotion: neutral (confidence: 1.00)
2025-12-02 21:21:34 | INFO     | emotion_detector | Background emotion monitoring started
2025-12-02 21:21:36 | INFO     | emotion_detector | Background emotion monitoring stopped
2025-12-02 21:21:37 | INFO     | ai_core | Proactive greeting generated (Casual): Hey, Shivansh! Good to see you! How's it going? Ho...
2025-12-02 21:21:38 | INFO     | tts_output | Generating TTS with voice 'nova' for tone 'cheerful' (speed: 1.0)
2025-12-02 21:21:38 | INFO     | emotion_detector | Detected emotion: neutral (confidence: 1.00)
2025-12-02 21:21:39 | INFO     | tts_output | TTS audio saved: C:\Users\SHIVANSH\Desktop\ROOMie\backend\audio\tmp8sq5nfxt.mp3
2025-12-02 21:21:40 | WARNING  | emotion_detector | Failed to capture frame from camera
2025-12-02 21:21:41 | INFO     | emotion_detector | Detected emotion: neutral (confidence: 1.00)
2025-12-02 21:21:44 | INFO     | emotion_detector | Detected emotion: sad (confidence: 1.00)
2025-12-02 21:21:50 | INFO     | emotion_detector | Detected emotion: sad (confidence: 1.00)
2025-12-02 21:21:50 | INFO     | emotion_detector | Detected emotion: sad (confidence: 1.00)
2025-12-02 21:21:59 | WARNING  | emotion_detector | Failed to capture frame from camera
2025-12-02 21:21:59 | INFO     | emotion_detector | Detected emotion: neutral (confidence: 1.00)
2025-12-02 21:22:09 | INFO     | emotion_detector | Detected emotion: happy (confidence: 0.63)
2025-12-02 21:22:09 | INFO     | emotion_detector | Detected emotion: happy (confidence: 0.58)
2025-12-02 21:22:18 | WARNING  | emotion_detector | Failed to capture frame from camera
2025-12-02 21:22:19 | INFO     | emotion_detector | Detected emotion: neutral (confidence: 1.00)
2025-12-02 21:22:28 | INFO     | emotion_detector | Detected emotion: neutral (confidence: 0.93)
2025-12-02 21:22:28 | INFO     | emotion_detector | Detected emotion: neutral (confidence: 0.98)
2025-12-02 21:22:37 | WARNING  | emotion_detector | Failed to capture frame from camera
2025-12-02 21:22:37 | INFO     | emotion_detector | Detected emotion: neutral (confidence: 1.00)
2025-12-02 21:22:46 | WARNING  | emotion_detector | Failed to capture frame from camera
2025-12-02 21:22:47 | INFO     | emotion_detector | Detected emotion: neutral (confidence: 1.00)
2025-12-02 21:22:56 | INFO     | emotion_detector | Detected emotion: neutral (confidence: 1.00)
2025-12-02 21:22:56 | INFO     | emotion_detector | Detected emotion: neutral (confidence: 1.00)
2025-12-02 21:23:05 | INFO     | emotion_detector | Detected emotion: neutral (confidence: 0.99)
2025-12-02 21:23:06 | INFO     | emotion_detector | Detected emotion: neutral (confidence: 1.00)
2025-12-02 21:23:15 | INFO     | emotion_detector | Detected emotion: neutral (confidence: 0.97)
2025-12-02 21:23:16 | INFO     | emotion_detector | Detected emotion: neutral (confidence: 1.00)
2025-12-02 21:23:23 | INFO     | emotion_detector | Background emotion monitoring started
2025-12-02 21:23:25 | INFO     | emotion_detector | Detected emotion: neutral (confidence: 1.00)
2025-12-02 21:23:25 | INFO     | emotion_detector | Background emotion monitoring stopped
2025-12-02 21:23:26 | INFO     | emotion_detector | Detected emotion: neutral (confidence: 0.95)
2025-12-02 21:23:31 | INFO     | emotion_detector | Detected emotion: neutral (confidence: 1.00)
2025-12-02 21:23:36 | INFO     | emotion_detector | Detected emotion: neutral (confidence: 1.00)
2025-12-02 21:23:36 | INFO     | emotion_detector | Detected emotion: neutral (confidence: 1.00)
2025-12-02 21:23:39 | INFO     | ai_core | Proactive greeting generated (Goal): Hey Shivansh! Hope you're having a great day. Did ...
2025-12-02 21:23:39 | INFO     | tts_output | Generating TTS with voice 'nova' for tone 'cheerful' (speed: 1.0)
2025-12-02 21:23:43 | INFO     | tts_output | TTS audio saved: C:\Users\SHIVANSH\Desktop\ROOMie\backend\audio\tmpi9grolal.mp3
2025-12-02 21:23:45 | WARNING  | emotion_detector | Failed to capture frame from camera
2025-12-02 21:23:46 | WARNING  | emotion_detector | Failed to capture frame from camera
2025-12-02 21:23:54 | INFO     | emotion_detector | Background emotion monitoring started
2025-12-02 21:23:54 | INFO     | emotion_detector | Emotion monitor updated for user: 1
2025-12-02 21:23:56 | INFO     | emotion_detector | Detected emotion: neutral (confidence: 0.94)
2025-12-02 21:23:56 | INFO     | emotion_detector | Background emotion monitoring stopped
2025-12-02 21:23:56 | INFO     | emotion_detector | Background emotion monitoring started
2025-12-02 21:23:56 | INFO     | emotion_detector | Detected emotion: neutral (confidence: 1.00)
2025-12-02 21:23:58 | INFO     | emotion_detector | Background emotion monitoring stopped
2025-12-02 21:24:00 | INFO     | ai_core | Proactive greeting generated (Casual): Hey Shivansh, good to see you! How's it going? How...
2025-12-02 21:24:00 | INFO     | tts_output | Generating TTS with voice 'nova' for tone 'cheerful' (speed: 1.0)
2025-12-02 21:24:03 | INFO     | emotion_detector | Detected emotion: sad (confidence: 1.00)
2025-12-02 21:24:03 | INFO     | tts_output | TTS audio saved: C:\Users\SHIVANSH\Desktop\ROOMie\backend\audio\tmpp4u5v0b7.mp3
2025-12-02 21:24:05 | INFO     | emotion_detector | Detected emotion: neutral (confidence: 1.00)
2025-12-02 21:24:08 | INFO     | emotion_detector | Detected emotion: neutral (confidence: 1.00)
2025-12-02 21:24:08 | INFO     | emotion_detector | Detected emotion: neutral (confidence: 1.00)
2025-12-02 21:24:09 | INFO     | emotion_detector | Background emotion monitoring started
2025-12-02 21:24:09 | INFO     | emotion_detector | Emotion monitor updated for user: 1
2025-12-02 21:24:11 | INFO     | emotion_detector | Background emotion monitoring stopped
2025-12-02 21:24:11 | INFO     | emotion_detector | Background emotion monitoring started
2025-12-02 21:24:11 | INFO     | emotion_detector | Emotion monitor updated for user: 1
2025-12-02 21:24:13 | INFO     | ai_core | Proactive greeting generated (Goal): Hey Shivansh! I hope you’re doing well today. Did ...
2025-12-02 21:24:13 | INFO     | tts_output | Generating TTS with voice 'nova' for tone 'cheerful' (speed: 1.0)
2025-12-02 21:24:16 | INFO     | tts_output | TTS audio saved: C:\Users\SHIVANSH\Desktop\ROOMie\backend\audio\tmp3narwst9.mp3
2025-12-02 21:24:20 | INFO     | emotion_detector | Detected emotion: neutral (confidence: 0.99)
2025-12-02 21:24:22 | INFO     | emotion_detector | Detected emotion: neutral (confidence: 1.00)
2025-12-02 21:24:23 | WARNING  | emotion_detector | Failed to capture frame from camera
2025-12-02 21:24:23 | INFO     | emotion_detector | Detected emotion: neutral (confidence: 1.00)
2025-12-02 21:24:33 | INFO     | emotion_detector | Background emotion monitoring stopped
2025-12-02 21:24:33 | INFO     | emotion_detector | Background emotion monitoring started
2025-12-02 21:24:35 | INFO     | emotion_detector | Background emotion monitoring stopped
2025-12-02 21:24:36 | INFO     | emotion_detector | Detected emotion: neutral (confidence: 0.76)
2025-12-02 21:24:37 | INFO     | ai_core | Proactive greeting generated (Casual): Hey Shivansh! Good to see you! How's it going toda...
2025-12-02 21:24:37 | INFO     | tts_output | Generating TTS with voice 'nova' for tone 'cheerful' (speed: 1.0)
2025-12-02 21:24:38 | INFO     | emotion_detector | Detected emotion: neutral (confidence: 0.63)
2025-12-02 21:24:39 | INFO     | emotion_calibration | Matched emotion: happy (similarity: 0.82)
2025-12-02 21:24:39 | INFO     | emotion_detector | Personalized match: happy (confidence: 0.82)
2025-12-02 21:24:40 | INFO     | tts_output | TTS audio saved: C:\Users\SHIVANSH\Desktop\ROOMie\backend\audio\tmpzrfpgrof.mp3
2025-12-02 21:24:40 | INFO     | emotion_detector | Background emotion monitoring started
2025-12-02 21:24:40 | INFO     | emotion_detector | Emotion monitor updated for user: 1
2025-12-02 21:24:41 | INFO     | ai_core | Proactive greeting generated (Casual): Hey, Shivansh! Good to see you! How’s it going? Ho...
2025-12-02 21:24:41 | INFO     | tts_output | Generating TTS with voice 'nova' for tone 'cheerful' (speed: 1.0)
2025-12-02 21:24:43 | INFO     | tts_output | TTS audio saved: C:\Users\SHIVANSH\Desktop\ROOMie\backend\audio\tmpsgcl86ym.mp3
2025-12-02 21:24:45 | INFO     | emotion_detector | Detected emotion: angry (confidence: 0.61)
2025-12-02 21:24:45 | INFO     | emotion_detector | Background emotion monitoring stopped
2025-12-02 21:24:48 | WARNING  | emotion_detector | Failed to capture frame from camera
2025-12-02 21:24:48 | INFO     | emotion_detector | Detected emotion: neutral (confidence: 1.00)
2025-12-02 21:24:48 | INFO     | emotion_detector | Detected emotion: neutral (confidence: 1.00)
2025-12-02 21:24:54 | INFO     | emotion_detector | Detected emotion: neutral (confidence: 1.00)
2025-12-02 21:24:55 | INFO     | emotion_detector | Detected emotion: sad (confidence: 0.93)
2025-12-02 21:25:01 | INFO     | emotion_detector | Detected emotion: sad (confidence: 0.93)
2025-12-02 21:25:01 | INFO     | emotion_detector | Detected emotion: sad (confidence: 0.98)
2025-12-02 21:25:08 | INFO     | emotion_detector | Detected emotion: neutral (confidence: 0.94)
2025-12-02 21:25:08 | INFO     | emotion_detector | Detected emotion: sad (confidence: 1.00)
2025-12-02 21:25:14 | WARNING  | emotion_detector | Failed to capture frame from camera
2025-12-02 21:25:14 | INFO     | emotion_detector | Detected emotion: neutral (confidence: 0.98)
2025-12-02 21:25:21 | INFO     | emotion_detector | Detected emotion: sad (confidence: 1.00)
2025-12-02 21:25:21 | INFO     | emotion_detector | Detected emotion: sad (confidence: 1.00)
2025-12-02 21:25:27 | INFO     | emotion_detector | Detected emotion: sad (confidence: 1.00)
2025-12-02 21:25:27 | INFO     | emotion_detector | Detected emotion: sad (confidence: 1.00)
2025-12-02 21:25:34 | INFO     | emotion_detector | Detected emotion: sad (confidence: 0.54)
2025-12-02 21:25:34 | INFO     | emotion_detector | Detected emotion: neutral (confidence: 0.98)
2025-12-02 21:25:40 | INFO     | emotion_detector | Detected emotion: sad (confidence: 0.96)
2025-12-02 21:25:41 | INFO     | emotion_detector | Detected emotion: sad (confidence: 0.96)
2025-12-02 21:25:47 | INFO     | emotion_detector | Detected emotion: sad (confidence: 1.00)
2025-12-02 21:25:47 | INFO     | emotion_detector | Detected emotion: neutral (confidence: 0.98)
2025-12-02 21:25:54 | INFO     | emotion_detector | Detected emotion: sad (confidence: 1.00)
2025-12-02 21:25:54 | INFO     | emotion_detector | Detected emotion: sad (confidence: 1.00)
2025-12-02 21:26:04 | INFO     | emotion_detector | Detected emotion: angry (confidence: 0.86)
2025-12-02 21:26:04 | INFO     | emotion_detector | Detected emotion: neutral (confidence: 1.00)
2025-12-02 21:26:09 | WARNING  | emotion_detector | Failed to capture frame from camera
2025-12-02 21:26:10 | INFO     | emotion_detector | Detected emotion: neutral (confidence: 0.79)
2025-12-02 21:26:15 | INFO     | emotion_detector | Detected emotion: neutral (confidence: 1.00)
2025-12-02 21:26:16 | INFO     | emotion_detector | Detected emotion: sad (confidence: 1.00)
2025-12-02 21:26:22 | INFO     | emotion_detector | Detected emotion: sad (confidence: 1.00)
2025-12-02 21:26:22 | INFO     | emotion_detector | Detected emotion: sad (confidence: 0.99)
2025-12-02 21:26:28 | INFO     | emotion_detector | Detected emotion: neutral (confidence: 1.00)
2025-12-02 21:26:28 | INFO     | emotion_detector | Detected emotion: sad (confidence: 0.83)
2025-12-02 21:26:34 | INFO     | emotion_detector | Detected emotion: sad (confidence: 0.79)
2025-12-02 21:26:34 | INFO     | emotion_detector | Detected emotion: sad (confidence: 0.64)
2025-12-02 21:26:40 | INFO     | emotion_detector | Detected emotion: sad (confidence: 0.86)
2025-12-02 21:26:40 | INFO     | emotion_detector | Detected emotion: sad (confidence: 0.71)
2025-12-02 21:26:46 | INFO     | emotion_detector | Detected emotion: sad (confidence: 0.98)
2025-12-02 21:26:46 | INFO     | emotion_detector | Detected emotion: sad (confidence: 0.82)
2025-12-02 21:26:52 | INFO     | emotion_detector | Detected emotion: sad (confidence: 0.85)
2025-12-02 21:26:52 | INFO     | emotion_detector | Detected emotion: sad (confidence: 0.86)
2025-12-02 21:26:58 | INFO     | emotion_detector | Detected emotion: sad (confidence: 0.94)
2025-12-02 21:26:58 | INFO     | emotion_detector | Detected emotion: sad (confidence: 0.78)
2025-12-02 21:27:04 | INFO     | emotion_detector | Detected emotion: sad (confidence: 0.96)
2025-12-02 21:27:05 | INFO     | emotion_detector | Detected emotion: neutral (confidence: 1.00)
2025-12-02 21:27:10 | INFO     | emotion_detector | Detected emotion: sad (confidence: 0.77)
2025-12-02 21:27:11 | INFO     | emotion_detector | Detected emotion: sad (confidence: 0.62)
2025-12-02 21:27:16 | INFO     | emotion_detector | Detected emotion: sad (confidence: 0.88)
2025-12-02 21:27:17 | INFO     | emotion_detector | Detected emotion: sad (confidence: 0.97)
2025-12-02 21:27:22 | INFO     | emotion_detector | Detected emotion: sad (confidence: 0.93)
2025-12-02 21:27:23 | INFO     | emotion_detector | Detected emotion: sad (confidence: 0.86)
2025-12-02 21:27:28 | INFO     | emotion_detector | Detected emotion: sad (confidence: 0.83)
2025-12-02 21:27:29 | INFO     | emotion_detector | Detected emotion: sad (confidence: 0.96)
2025-12-02 21:27:34 | INFO     | emotion_detector | Detected emotion: neutral (confidence: 0.96)
2025-12-02 21:27:35 | INFO     | emotion_detector | Detected emotion: neutral (confidence: 0.99)
2025-12-02 21:27:40 | INFO     | emotion_detector | Detected emotion: sad (confidence: 0.94)
2025-12-02 21:27:41 | INFO     | emotion_detector | Detected emotion: sad (confidence: 0.98)
2025-12-02 21:27:46 | INFO     | emotion_detector | Detected emotion: neutral (confidence: 0.92)
2025-12-02 21:27:47 | INFO     | emotion_detector | Detected emotion: neutral (confidence: 0.64)
2025-12-02 21:27:53 | INFO     | emotion_detector | Detected emotion: fear (confidence: 0.90)
2025-12-02 21:27:53 | INFO     | emotion_detector | Detected emotion: neutral (confidence: 0.93)
2025-12-02 21:27:59 | INFO     | emotion_detector | Detected emotion: angry (confidence: 0.68)
2025-12-02 21:27:59 | INFO     | emotion_detector | Detected emotion: angry (confidence: 0.56)
2025-12-02 21:28:05 | INFO     | emotion_detector | Detected emotion: angry (confidence: 0.73)
2025-12-02 21:28:05 | INFO     | emotion_detector | Detected emotion: angry (confidence: 0.51)
2025-12-02 21:28:11 | INFO     | emotion_detector | Detected emotion: sad (confidence: 0.48)
2025-12-02 21:28:11 | INFO     | emotion_detector | Detected emotion: sad (confidence: 0.62)
2025-12-02 21:28:17 | INFO     | emotion_detector | Detected emotion: angry (confidence: 0.72)
2025-12-02 21:28:17 | INFO     | emotion_detector | Detected emotion: angry (confidence: 0.87)
2025-12-02 21:28:23 | INFO     | emotion_detector | Detected emotion: sad (confidence: 0.62)
2025-12-02 21:28:23 | INFO     | emotion_detector | Detected emotion: sad (confidence: 1.00)
2025-12-02 21:28:29 | INFO     | emotion_detector | Detected emotion: sad (confidence: 0.66)
2025-12-02 21:28:29 | INFO     | emotion_detector | Detected emotion: sad (confidence: 0.99)
2025-12-02 21:28:35 | INFO     | emotion_detector | Detected emotion: angry (confidence: 0.80)
2025-12-02 21:28:35 | INFO     | emotion_detector | Detected emotion: sad (confidence: 0.81)
2025-12-02 21:28:41 | INFO     | emotion_detector | Detected emotion: angry (confidence: 0.98)
2025-12-02 21:28:41 | INFO     | emotion_detector | Detected emotion: angry (confidence: 0.93)
2025-12-02 21:28:47 | INFO     | emotion_detector | Detected emotion: neutral (confidence: 0.61)
2025-12-02 21:28:48 | INFO     | emotion_detector | Detected emotion: fear (confidence: 1.00)
2025-12-02 21:28:53 | INFO     | emotion_detector | Detected emotion: happy (confidence: 0.99)
2025-12-02 21:28:54 | INFO     | emotion_detector | Detected emotion: neutral (confidence: 1.00)
2025-12-02 21:28:59 | INFO     | emotion_detector | Detected emotion: sad (confidence: 0.96)
2025-12-02 21:29:00 | INFO     | emotion_detector | Detected emotion: sad (confidence: 0.93)
2025-12-02 21:29:06 | INFO     | emotion_detector | Detected emotion: sad (confidence: 1.00)
2025-12-02 21:29:06 | INFO     | emotion_detector | Detected emotion: sad (confidence: 1.00)
2025-12-02 21:29:12 | INFO     | emotion_detector | Detected emotion: sad (confidence: 1.00)
2025-12-02 21:29:12 | INFO     | emotion_detector | Detected emotion: sad (confidence: 1.00)
2025-12-02 21:29:18 | INFO     | emotion_detector | Detected emotion: sad (confidence: 1.00)
2025-12-02 21:29:18 | INFO     | emotion_detector | Detected emotion: sad (confidence: 1.00)
2025-12-02 21:29:24 | INFO     | emotion_detector | Detected emotion: sad (confidence: 1.00)
2025-12-02 21:29:24 | INFO     | emotion_detector | Detected emotion: sad (confidence: 1.00)
2025-12-02 21:29:30 | INFO     | emotion_detector | Detected emotion: sad (confidence: 1.00)
2025-12-02 21:29:31 | INFO     | emotion_detector | Detected emotion: sad (confidence: 0.99)
2025-12-02 21:29:36 | INFO     | emotion_detector | Detected emotion: sad (confidence: 1.00)
2025-12-02 21:29:37 | INFO     | emotion_detector | Detected emotion: sad (confidence: 1.00)
2025-12-02 21:29:42 | INFO     | emotion_detector | Detected emotion: sad (confidence: 1.00)
2025-12-02 21:29:43 | INFO     | emotion_detector | Detected emotion: sad (confidence: 1.00)
2025-12-02 21:29:48 | INFO     | emotion_detector | Detected emotion: sad (confidence: 1.00)
2025-12-02 21:29:49 | INFO     | emotion_detector | Detected emotion: sad (confidence: 1.00)
2025-12-02 21:29:55 | INFO     | emotion_detector | Detected emotion: sad (confidence: 1.00)
2025-12-02 21:30:01 | INFO     | emotion_detector | Detected emotion: sad (confidence: 1.00)
2025-12-02 21:30:04 | INFO     | emotion_detector | Background emotion monitoring started
2025-12-02 21:30:04 | INFO     | app | Background emotion monitor started
2025-12-02 21:30:04 | INFO     | conversation_memory | Database initialized successfully
2025-12-02 21:30:04 | INFO     | app | Database and audio directory initialized
2025-12-02 21:30:04 | INFO     | app | ROOMie Backend v3.0 starting...
2025-12-02 21:30:04 | INFO     | app | Server: http://127.0.0.1:5000
2025-12-02 21:30:04 | INFO     | app | WebSocket: ws://127.0.0.1:5000
2025-12-02 21:30:07 | INFO     | emotion_detector | Detected emotion: sad (confidence: 1.00)
2025-12-02 21:30:09 | INFO     | emotion_detector | Detected emotion: sad (confidence: 1.00)
2025-12-02 21:30:13 | INFO     | emotion_detector | Detected emotion: sad (confidence: 1.00)
2025-12-02 21:30:15 | INFO     | emotion_detector | Detected emotion: sad (confidence: 1.00)
2025-12-02 21:30:19 | INFO     | emotion_detector | Detected emotion: sad (confidence: 1.00)
2025-12-02 21:30:21 | INFO     | emotion_detector | Detected emotion: sad (confidence: 1.00)
2025-12-02 21:30:25 | INFO     | emotion_detector | Detected emotion: sad (confidence: 1.00)
2025-12-02 21:30:27 | INFO     | emotion_detector | Detected emotion: sad (confidence: 1.00)
2025-12-02 21:30:31 | INFO     | emotion_detector | Detected emotion: sad (confidence: 1.00)
2025-12-02 21:30:32 | INFO     | emotion_detector | Detected emotion: sad (confidence: 1.00)
2025-12-02 21:30:37 | INFO     | emotion_detector | Detected emotion: sad (confidence: 1.00)
2025-12-02 21:30:38 | INFO     | emotion_detector | Detected emotion: sad (confidence: 1.00)
2025-12-02 21:30:42 | INFO     | emotion_detector | Detected emotion: sad (confidence: 1.00)
2025-12-02 21:30:44 | INFO     | emotion_detector | Detected emotion: sad (confidence: 1.00)
2025-12-02 21:30:48 | INFO     | emotion_detector | Detected emotion: sad (confidence: 1.00)
2025-12-02 21:30:50 | INFO     | emotion_detector | Detected emotion: sad (confidence: 1.00)
2025-12-02 21:30:54 | INFO     | emotion_detector | Detected emotion: sad (confidence: 1.00)
2025-12-02 21:30:56 | INFO     | emotion_detector | Detected emotion: sad (confidence: 1.00)
2025-12-02 21:31:00 | INFO     | emotion_detector | Detected emotion: sad (confidence: 1.00)
2025-12-02 21:31:02 | INFO     | emotion_detector | Detected emotion: sad (confidence: 1.00)
2025-12-02 21:31:06 | INFO     | emotion_detector | Detected emotion: sad (confidence: 1.00)
2025-12-02 21:31:08 | INFO     | emotion_detector | Detected emotion: sad (confidence: 1.00)
2025-12-02 21:31:12 | INFO     | emotion_detector | Detected emotion: sad (confidence: 1.00)
2025-12-02 21:31:14 | INFO     | emotion_detector | Detected emotion: sad (confidence: 1.00)
2025-12-02 21:31:18 | INFO     | emotion_detector | Detected emotion: sad (confidence: 1.00)
2025-12-02 21:31:20 | INFO     | emotion_detector | Detected emotion: sad (confidence: 1.00)
2025-12-02 21:31:24 | INFO     | emotion_detector | Detected emotion: sad (confidence: 1.00)
2025-12-02 21:31:25 | INFO     | emotion_detector | Detected emotion: sad (confidence: 1.00)
2025-12-02 21:31:29 | INFO     | emotion_detector | Detected emotion: sad (confidence: 1.00)
2025-12-02 21:31:31 | INFO     | emotion_detector | Detected emotion: sad (confidence: 1.00)
2025-12-02 21:31:35 | INFO     | emotion_detector | Detected emotion: sad (confidence: 1.00)
2025-12-02 21:31:37 | INFO     | emotion_detector | Detected emotion: sad (confidence: 1.00)
2025-12-02 21:31:41 | INFO     | emotion_detector | Detected emotion: sad (confidence: 1.00)
2025-12-02 21:31:43 | INFO     | emotion_detector | Detected emotion: sad (confidence: 1.00)
2025-12-02 21:31:47 | INFO     | emotion_detector | Detected emotion: sad (confidence: 1.00)
2025-12-02 21:31:49 | INFO     | emotion_detector | Detected emotion: sad (confidence: 1.00)
2025-12-02 21:31:53 | INFO     | emotion_detector | Detected emotion: sad (confidence: 1.00)
2025-12-02 21:31:55 | INFO     | emotion_detector | Detected emotion: sad (confidence: 1.00)
2025-12-02 21:31:59 | INFO     | emotion_detector | Detected emotion: sad (confidence: 1.00)
2025-12-02 21:32:01 | INFO     | emotion_detector | Detected emotion: sad (confidence: 1.00)
2025-12-02 21:32:04 | INFO     | emotion_detector | Detected emotion: sad (confidence: 1.00)
2025-12-02 21:32:06 | INFO     | emotion_detector | Detected emotion: sad (confidence: 1.00)
2025-12-02 21:32:10 | INFO     | emotion_detector | Detected emotion: sad (confidence: 1.00)
2025-12-02 21:32:12 | INFO     | emotion_detector | Detected emotion: sad (confidence: 1.00)
2025-12-02 21:32:16 | INFO     | emotion_detector | Detected emotion: sad (confidence: 1.00)
2025-12-02 21:32:18 | INFO     | emotion_detector | Detected emotion: sad (confidence: 1.00)
2025-12-02 21:32:22 | INFO     | emotion_detector | Detected emotion: sad (confidence: 1.00)
2025-12-02 21:32:24 | INFO     | emotion_detector | Detected emotion: sad (confidence: 1.00)
2025-12-02 21:32:28 | INFO     | emotion_detector | Detected emotion: sad (confidence: 0.99)
2025-12-02 21:32:30 | INFO     | emotion_detector | Detected emotion: sad (confidence: 1.00)
2025-12-02 21:32:33 | INFO     | emotion_detector | Detected emotion: sad (confidence: 1.00)
2025-12-02 21:32:36 | INFO     | emotion_detector | Detected emotion: sad (confidence: 1.00)
2025-12-02 21:32:39 | INFO     | emotion_detector | Detected emotion: sad (confidence: 1.00)
2025-12-02 21:32:42 | INFO     | emotion_detector | Detected emotion: sad (confidence: 1.00)
2025-12-02 21:32:45 | INFO     | emotion_detector | Detected emotion: sad (confidence: 1.00)
2025-12-02 21:32:48 | INFO     | emotion_detector | Detected emotion: sad (confidence: 1.00)
2025-12-02 21:32:51 | INFO     | emotion_detector | Detected emotion: sad (confidence: 1.00)
2025-12-02 21:32:54 | INFO     | emotion_detector | Detected emotion: sad (confidence: 1.00)
2025-12-02 21:32:57 | INFO     | emotion_detector | Detected emotion: sad (confidence: 1.00)
2025-12-02 21:33:00 | INFO     | emotion_detector | Detected emotion: sad (confidence: 1.00)
2025-12-02 21:33:03 | INFO     | emotion_detector | Detected emotion: sad (confidence: 1.00)
2025-12-02 21:33:05 | INFO     | emotion_detector | Detected emotion: sad (confidence: 1.00)
2025-12-02 21:33:08 | INFO     | emotion_detector | Detected emotion: sad (confidence: 1.00)
2025-12-02 21:33:11 | INFO     | emotion_detector | Detected emotion: sad (confidence: 1.00)
2025-12-02 21:33:14 | INFO     | emotion_detector | Detected emotion: sad (confidence: 1.00)
2025-12-02 21:33:17 | INFO     | emotion_detector | Detected emotion: sad (confidence: 1.00)
2025-12-02 21:33:20 | INFO     | emotion_detector | Detected emotion: sad (confidence: 1.00)
2025-12-02 21:33:23 | INFO     | emotion_detector | Detected emotion: sad (confidence: 1.00)
2025-12-02 21:33:26 | INFO     | emotion_detector | Detected emotion: sad (confidence: 1.00)
2025-12-02 21:33:29 | INFO     | emotion_detector | Detected emotion: sad (confidence: 1.00)
2025-12-02 21:33:32 | INFO     | emotion_detector | Detected emotion: sad (confidence: 1.00)
2025-12-02 21:33:35 | INFO     | emotion_detector | Detected emotion: sad (confidence: 1.00)
2025-12-02 21:33:38 | INFO     | emotion_detector | Detected emotion: sad (confidence: 1.00)
2025-12-02 21:33:40 | INFO     | emotion_detector | Detected emotion: sad (confidence: 1.00)
2025-12-02 21:33:43 | INFO     | emotion_detector | Detected emotion: sad (confidence: 1.00)
2025-12-02 21:33:46 | INFO     | emotion_detector | Detected emotion: sad (confidence: 1.00)
2025-12-02 21:33:49 | INFO     | emotion_detector | Detected emotion: sad (confidence: 1.00)
2025-12-02 21:33:52 | INFO     | emotion_detector | Detected emotion: sad (confidence: 1.00)
2025-12-02 21:33:55 | INFO     | emotion_detector | Detected emotion: sad (confidence: 0.99)
2025-12-02 21:33:58 | INFO     | emotion_detector | Detected emotion: sad (confidence: 1.00)
2025-12-02 21:34:01 | INFO     | emotion_detector | Detected emotion: sad (confidence: 1.00)
2025-12-02 21:34:04 | INFO     | emotion_detector | Detected emotion: sad (confidence: 0.98)
2025-12-02 21:34:07 | INFO     | emotion_detector | Detected emotion: sad (confidence: 0.99)
2025-12-02 21:34:09 | INFO     | emotion_detector | Detected emotion: sad (confidence: 1.00)
2025-12-02 21:34:13 | INFO     | emotion_detector | Detected emotion: sad (confidence: 1.00)
2025-12-02 21:34:15 | INFO     | emotion_detector | Detected emotion: sad (confidence: 1.00)
2025-12-02 21:34:18 | INFO     | emotion_detector | Detected emotion: sad (confidence: 1.00)
2025-12-02 21:34:21 | INFO     | emotion_detector | Detected emotion: sad (confidence: 1.00)
2025-12-02 21:34:24 | INFO     | emotion_detector | Detected emotion: sad (confidence: 1.00)
2025-12-02 21:34:27 | INFO     | emotion_detector | Detected emotion: sad (confidence: 1.00)
2025-12-02 21:34:30 | INFO     | emotion_detector | Detected emotion: sad (confidence: 1.00)
2025-12-02 21:34:33 | INFO     | emotion_detector | Detected emotion: sad (confidence: 1.00)
2025-12-02 21:34:36 | INFO     | emotion_detector | Detected emotion: sad (confidence: 1.00)
2025-12-02 21:34:39 | INFO     | emotion_detector | Detected emotion: sad (confidence: 1.00)
2025-12-02 21:34:42 | INFO     | emotion_detector | Detected emotion: sad (confidence: 1.00)
2025-12-02 21:34:45 | INFO     | emotion_detector | Detected emotion: sad (confidence: 1.00)
2025-12-02 21:34:48 | INFO     | emotion_detector | Detected emotion: sad (confidence: 1.00)
2025-12-02 21:34:50 | INFO     | emotion_detector | Detected emotion: sad (confidence: 1.00)
2025-12-02 21:34:53 | INFO     | emotion_detector | Detected emotion: sad (confidence: 1.00)
2025-12-02 21:34:56 | INFO     | emotion_detector | Detected emotion: sad (confidence: 1.00)
2025-12-02 21:34:59 | INFO     | emotion_detector | Detected emotion: sad (confidence: 1.00)
2025-12-02 21:35:02 | INFO     | emotion_detector | Detected emotion: sad (confidence: 1.00)
2025-12-02 21:35:05 | INFO     | emotion_detector | Detected emotion: sad (confidence: 1.00)
2025-12-02 21:35:08 | INFO     | emotion_detector | Detected emotion: sad (confidence: 1.00)
2025-12-02 21:35:11 | INFO     | emotion_detector | Detected emotion: sad (confidence: 1.00)
2025-12-02 21:35:14 | INFO     | emotion_detector | Detected emotion: sad (confidence: 1.00)
2025-12-02 21:35:17 | INFO     | emotion_detector | Detected emotion: sad (confidence: 0.99)
2025-12-02 21:35:20 | INFO     | emotion_detector | Detected emotion: sad (confidence: 0.99)
2025-12-02 21:35:23 | INFO     | emotion_detector | Detected emotion: sad (confidence: 1.00)
2025-12-02 21:35:25 | INFO     | emotion_detector | Detected emotion: sad (confidence: 1.00)
2025-12-02 21:35:28 | INFO     | emotion_detector | Detected emotion: sad (confidence: 1.00)
2025-12-02 21:35:31 | INFO     | emotion_detector | Detected emotion: sad (confidence: 1.00)
2025-12-02 21:35:34 | INFO     | emotion_detector | Detected emotion: sad (confidence: 0.99)
2025-12-02 21:35:37 | INFO     | emotion_detector | Detected emotion: sad (confidence: 1.00)
2025-12-02 21:35:40 | INFO     | emotion_detector | Detected emotion: sad (confidence: 1.00)
2025-12-02 21:35:43 | INFO     | emotion_detector | Detected emotion: sad (confidence: 1.00)
2025-12-02 21:35:46 | INFO     | emotion_detector | Detected emotion: sad (confidence: 1.00)
2025-12-02 21:35:49 | INFO     | emotion_detector | Detected emotion: sad (confidence: 1.00)
2025-12-02 21:35:52 | INFO     | emotion_detector | Detected emotion: sad (confidence: 1.00)
2025-12-02 21:35:54 | INFO     | emotion_detector | Detected emotion: sad (confidence: 1.00)
2025-12-02 21:35:58 | INFO     | emotion_detector | Detected emotion: sad (confidence: 1.00)
2025-12-02 21:36:00 | INFO     | emotion_detector | Detected emotion: sad (confidence: 1.00)
2025-12-02 21:36:03 | INFO     | emotion_detector | Detected emotion: sad (confidence: 1.00)
2025-12-02 21:36:06 | INFO     | emotion_detector | Detected emotion: sad (confidence: 1.00)
2025-12-02 21:36:09 | INFO     | emotion_detector | Detected emotion: sad (confidence: 1.00)
2025-12-02 21:36:12 | INFO     | emotion_detector | Detected emotion: sad (confidence: 1.00)
2025-12-02 21:36:15 | INFO     | emotion_detector | Detected emotion: sad (confidence: 1.00)
2025-12-02 21:36:18 | INFO     | emotion_detector | Detected emotion: sad (confidence: 1.00)
2025-12-02 21:36:21 | INFO     | emotion_detector | Detected emotion: sad (confidence: 1.00)
2025-12-02 21:36:24 | INFO     | emotion_detector | Detected emotion: sad (confidence: 1.00)
2025-12-02 21:36:27 | INFO     | emotion_detector | Detected emotion: sad (confidence: 1.00)
2025-12-02 21:36:29 | INFO     | emotion_detector | Detected emotion: sad (confidence: 1.00)
2025-12-02 21:36:33 | INFO     | emotion_detector | Detected emotion: sad (confidence: 1.00)
2025-12-02 21:36:35 | INFO     | emotion_detector | Detected emotion: sad (confidence: 1.00)
2025-12-02 21:36:38 | INFO     | emotion_detector | Detected emotion: sad (confidence: 1.00)
2025-12-02 21:36:41 | INFO     | emotion_detector | Detected emotion: sad (confidence: 1.00)
2025-12-02 21:36:44 | INFO     | emotion_detector | Detected emotion: sad (confidence: 1.00)
2025-12-02 21:36:47 | INFO     | emotion_detector | Detected emotion: sad (confidence: 1.00)
2025-12-02 21:36:50 | INFO     | emotion_detector | Detected emotion: sad (confidence: 1.00)
2025-12-02 21:36:53 | INFO     | emotion_detector | Detected emotion: sad (confidence: 1.00)
2025-12-02 21:36:56 | INFO     | emotion_detector | Detected emotion: sad (confidence: 1.00)
2025-12-02 21:36:59 | INFO     | emotion_detector | Detected emotion: sad (confidence: 1.00)
2025-12-02 21:37:02 | INFO     | emotion_detector | Detected emotion: sad (confidence: 1.00)
2025-12-02 21:37:05 | INFO     | emotion_detector | Detected emotion: sad (confidence: 1.00)
2025-12-02 21:37:08 | INFO     | emotion_detector | Detected emotion: sad (confidence: 1.00)
2025-12-02 21:37:10 | INFO     | emotion_detector | Detected emotion: sad (confidence: 1.00)
2025-12-02 21:37:13 | INFO     | emotion_detector | Detected emotion: sad (confidence: 1.00)
2025-12-02 21:37:16 | INFO     | emotion_detector | Detected emotion: sad (confidence: 1.00)
2025-12-02 21:37:19 | INFO     | emotion_detector | Detected emotion: sad (confidence: 1.00)
2025-12-02 21:37:22 | INFO     | emotion_detector | Detected emotion: sad (confidence: 1.00)
2025-12-02 21:37:25 | INFO     | emotion_detector | Detected emotion: sad (confidence: 1.00)
2025-12-02 21:37:28 | INFO     | emotion_detector | Detected emotion: sad (confidence: 1.00)
2025-12-02 21:37:31 | INFO     | emotion_detector | Detected emotion: sad (confidence: 1.00)
2025-12-02 21:37:34 | INFO     | emotion_detector | Detected emotion: sad (confidence: 1.00)
2025-12-02 21:37:37 | INFO     | emotion_detector | Detected emotion: sad (confidence: 1.00)
2025-12-02 21:37:40 | INFO     | emotion_detector | Detected emotion: sad (confidence: 1.00)
2025-12-02 21:37:42 | INFO     | emotion_detector | Detected emotion: sad (confidence: 1.00)
2025-12-02 21:37:45 | INFO     | emotion_detector | Detected emotion: sad (confidence: 1.00)
2025-12-02 21:37:48 | INFO     | emotion_detector | Detected emotion: sad (confidence: 1.00)
2025-12-02 21:37:51 | INFO     | emotion_detector | Detected emotion: sad (confidence: 1.00)
2025-12-02 21:37:54 | INFO     | emotion_detector | Detected emotion: sad (confidence: 1.00)
2025-12-02 21:37:57 | INFO     | emotion_detector | Detected emotion: sad (confidence: 1.00)
2025-12-02 21:38:00 | INFO     | emotion_detector | Detected emotion: sad (confidence: 1.00)
2025-12-02 21:38:03 | INFO     | emotion_detector | Detected emotion: sad (confidence: 1.00)
2025-12-02 21:38:06 | INFO     | emotion_detector | Detected emotion: sad (confidence: 0.99)
2025-12-02 21:38:09 | INFO     | emotion_detector | Detected emotion: sad (confidence: 1.00)
2025-12-02 21:38:12 | INFO     | emotion_detector | Detected emotion: sad (confidence: 1.00)
2025-12-02 21:38:15 | INFO     | emotion_detector | Detected emotion: sad (confidence: 0.99)
2025-12-02 21:38:17 | INFO     | emotion_detector | Detected emotion: sad (confidence: 1.00)
2025-12-02 21:38:20 | INFO     | emotion_detector | Detected emotion: sad (confidence: 1.00)
2025-12-02 21:38:23 | INFO     | emotion_detector | Detected emotion: sad (confidence: 0.98)
2025-12-02 21:38:26 | INFO     | emotion_detector | Detected emotion: sad (confidence: 1.00)
2025-12-02 21:38:29 | INFO     | emotion_detector | Detected emotion: sad (confidence: 1.00)
2025-12-02 21:38:32 | INFO     | emotion_detector | Detected emotion: sad (confidence: 1.00)
2025-12-02 21:38:35 | INFO     | emotion_detector | Detected emotion: sad (confidence: 1.00)
2025-12-02 21:38:38 | INFO     | emotion_detector | Detected emotion: sad (confidence: 1.00)
2025-12-02 21:38:41 | INFO     | emotion_detector | Detected emotion: sad (confidence: 1.00)
2025-12-02 21:38:44 | INFO     | emotion_detector | Detected emotion: sad (confidence: 1.00)
2025-12-02 21:38:47 | INFO     | emotion_detector | Detected emotion: sad (confidence: 1.00)
2025-12-02 21:38:50 | INFO     | emotion_detector | Detected emotion: sad (confidence: 1.00)
2025-12-02 21:38:53 | INFO     | emotion_detector | Detected emotion: sad (confidence: 1.00)
2025-12-02 21:38:56 | INFO     | emotion_detector | Detected emotion: sad (confidence: 1.00)
2025-12-02 21:38:58 | INFO     | emotion_detector | Detected emotion: sad (confidence: 1.00)
2025-12-02 21:39:01 | INFO     | emotion_detector | Detected emotion: sad (confidence: 1.00)
2025-12-02 21:39:04 | INFO     | emotion_detector | Detected emotion: sad (confidence: 1.00)
2025-12-02 21:39:07 | INFO     | emotion_detector | Detected emotion: sad (confidence: 1.00)
2025-12-02 21:39:10 | INFO     | emotion_detector | Detected emotion: sad (confidence: 1.00)
2025-12-02 21:39:13 | INFO     | emotion_detector | Detected emotion: sad (confidence: 1.00)
2025-12-02 21:39:16 | INFO     | emotion_detector | Detected emotion: sad (confidence: 1.00)
2025-12-02 21:39:19 | INFO     | emotion_detector | Detected emotion: sad (confidence: 1.00)
2025-12-02 21:39:22 | INFO     | emotion_detector | Detected emotion: sad (confidence: 1.00)
2025-12-02 21:39:25 | INFO     | emotion_detector | Detected emotion: sad (confidence: 1.00)
2025-12-02 21:39:28 | INFO     | emotion_detector | Detected emotion: sad (confidence: 1.00)
2025-12-02 21:39:31 | INFO     | emotion_detector | Detected emotion: sad (confidence: 1.00)
2025-12-02 21:39:33 | INFO     | emotion_detector | Detected emotion: sad (confidence: 1.00)
2025-12-02 21:39:36 | INFO     | emotion_detector | Detected emotion: sad (confidence: 1.00)
2025-12-02 21:39:39 | INFO     | emotion_detector | Detected emotion: sad (confidence: 1.00)
2025-12-02 21:39:42 | INFO     | emotion_detector | Detected emotion: sad (confidence: 1.00)
2025-12-02 21:39:45 | INFO     | emotion_detector | Detected emotion: sad (confidence: 1.00)
2025-12-02 21:39:48 | INFO     | emotion_detector | Detected emotion: sad (confidence: 1.00)
2025-12-02 21:39:51 | INFO     | emotion_detector | Detected emotion: sad (confidence: 1.00)
2025-12-02 21:39:54 | INFO     | emotion_detector | Detected emotion: sad (confidence: 1.00)
2025-12-02 21:39:57 | INFO     | emotion_detector | Detected emotion: sad (confidence: 1.00)
2025-12-02 21:40:00 | INFO     | emotion_detector | Detected emotion: sad (confidence: 1.00)
2025-12-02 21:40:02 | INFO     | emotion_detector | Detected emotion: sad (confidence: 1.00)
2025-12-02 21:40:06 | INFO     | emotion_detector | Detected emotion: sad (confidence: 1.00)
2025-12-02 21:40:08 | INFO     | emotion_detector | Detected emotion: sad (confidence: 1.00)
2025-12-02 21:40:11 | INFO     | emotion_detector | Detected emotion: sad (confidence: 1.00)
2025-12-02 21:40:14 | INFO     | emotion_detector | Detected emotion: sad (confidence: 1.00)
2025-12-02 21:40:17 | INFO     | emotion_detector | Detected emotion: sad (confidence: 1.00)
2025-12-02 21:40:20 | INFO     | emotion_detector | Detected emotion: sad (confidence: 1.00)
2025-12-02 21:40:23 | INFO     | emotion_detector | Detected emotion: sad (confidence: 1.00)
2025-12-02 21:40:26 | INFO     | emotion_detector | Detected emotion: sad (confidence: 1.00)
2025-12-02 21:40:29 | INFO     | emotion_detector | Detected emotion: sad (confidence: 1.00)
2025-12-02 21:40:32 | INFO     | emotion_detector | Detected emotion: sad (confidence: 1.00)
2025-12-02 21:40:35 | INFO     | emotion_detector | Detected emotion: sad (confidence: 1.00)
2025-12-02 21:40:38 | INFO     | emotion_detector | Detected emotion: sad (confidence: 1.00)
2025-12-02 21:40:41 | INFO     | emotion_detector | Detected emotion: sad (confidence: 1.00)
2025-12-02 21:40:43 | INFO     | emotion_detector | Detected emotion: sad (confidence: 1.00)
2025-12-02 21:40:46 | INFO     | emotion_detector | Detected emotion: sad (confidence: 1.00)
2025-12-02 21:40:49 | INFO     | emotion_detector | Detected emotion: sad (confidence: 1.00)
2025-12-02 21:40:52 | INFO     | emotion_detector | Detected emotion: sad (confidence: 1.00)
2025-12-02 21:40:55 | INFO     | emotion_detector | Detected emotion: sad (confidence: 1.00)
2025-12-02 21:40:58 | INFO     | emotion_detector | Detected emotion: sad (confidence: 1.00)
2025-12-02 21:41:01 | INFO     | emotion_detector | Detected emotion: sad (confidence: 1.00)
2025-12-02 21:41:04 | INFO     | emotion_detector | Detected emotion: sad (confidence: 1.00)
2025-12-02 21:41:07 | INFO     | emotion_detector | Detected emotion: sad (confidence: 1.00)
2025-12-02 21:41:10 | INFO     | emotion_detector | Detected emotion: sad (confidence: 1.00)
2025-12-02 21:41:13 | INFO     | emotion_detector | Detected emotion: sad (confidence: 1.00)
2025-12-02 21:41:16 | INFO     | emotion_detector | Detected emotion: sad (confidence: 1.00)
2025-12-02 21:41:19 | INFO     | emotion_detector | Detected emotion: sad (confidence: 1.00)
2025-12-02 21:41:22 | INFO     | emotion_detector | Detected emotion: sad (confidence: 1.00)
2025-12-02 21:41:24 | INFO     | emotion_detector | Detected emotion: sad (confidence: 1.00)
2025-12-02 21:41:27 | INFO     | emotion_detector | Detected emotion: sad (confidence: 1.00)
2025-12-02 21:41:30 | INFO     | emotion_detector | Detected emotion: sad (confidence: 1.00)
2025-12-02 21:41:33 | INFO     | emotion_detector | Detected emotion: happy (confidence: 0.94)
2025-12-02 21:41:36 | INFO     | emotion_detector | Detected emotion: sad (confidence: 0.94)
2025-12-02 21:41:39 | INFO     | emotion_detector | Detected emotion: sad (confidence: 0.99)
2025-12-02 21:41:42 | INFO     | emotion_detector | Detected emotion: happy (confidence: 0.93)
2025-12-02 21:41:45 | INFO     | emotion_detector | Detected emotion: sad (confidence: 0.70)
2025-12-02 21:41:48 | INFO     | emotion_detector | Detected emotion: sad (confidence: 0.81)
2025-12-02 21:41:51 | INFO     | emotion_detector | Bias correction: Switched from fear/sad to happy (happy score: 0.45)
2025-12-02 21:41:51 | INFO     | emotion_detector | Detected emotion: happy (confidence: 0.45)
2025-12-02 21:41:54 | INFO     | emotion_detector | Detected emotion: sad (confidence: 0.88)
2025-12-02 21:41:57 | INFO     | emotion_detector | Detected emotion: sad (confidence: 0.95)
2025-12-02 21:41:59 | INFO     | emotion_detector | Detected emotion: sad (confidence: 0.87)
2025-12-02 21:42:02 | INFO     | emotion_detector | Detected emotion: sad (confidence: 0.97)
2025-12-02 21:42:05 | INFO     | emotion_detector | Detected emotion: sad (confidence: 0.95)
2025-12-02 21:42:08 | INFO     | emotion_detector | Detected emotion: sad (confidence: 0.82)
2025-12-02 21:42:11 | INFO     | emotion_detector | Detected emotion: sad (confidence: 0.86)
2025-12-02 21:42:14 | INFO     | emotion_detector | Detected emotion: sad (confidence: 0.88)
2025-12-02 21:42:17 | INFO     | emotion_detector | Detected emotion: sad (confidence: 0.77)
2025-12-02 21:42:20 | INFO     | emotion_detector | Detected emotion: sad (confidence: 0.89)
2025-12-02 21:42:23 | INFO     | emotion_detector | Detected emotion: sad (confidence: 0.94)
2025-12-02 21:42:26 | INFO     | emotion_detector | Bias correction: Switched from fear/sad to happy (happy score: 0.49)
2025-12-02 21:42:26 | INFO     | emotion_detector | Detected emotion: happy (confidence: 0.49)
2025-12-02 21:42:29 | INFO     | emotion_detector | Detected emotion: sad (confidence: 0.89)
2025-12-02 21:42:32 | INFO     | emotion_detector | Detected emotion: sad (confidence: 0.89)
2025-12-02 21:42:34 | INFO     | emotion_detector | Detected emotion: sad (confidence: 0.61)
2025-12-02 21:42:37 | INFO     | emotion_detector | Detected emotion: sad (confidence: 0.83)
2025-12-02 21:42:40 | INFO     | emotion_detector | Detected emotion: sad (confidence: 0.65)
2025-12-02 21:42:43 | INFO     | emotion_detector | Detected emotion: sad (confidence: 0.76)
2025-12-02 21:42:46 | INFO     | emotion_detector | Detected emotion: sad (confidence: 0.82)
2025-12-02 21:42:49 | INFO     | emotion_detector | Detected emotion: sad (confidence: 0.93)
2025-12-02 21:42:52 | INFO     | emotion_detector | Detected emotion: sad (confidence: 0.89)
2025-12-02 21:42:55 | INFO     | emotion_detector | Detected emotion: sad (confidence: 0.67)
2025-12-02 21:42:58 | INFO     | emotion_detector | Detected emotion: sad (confidence: 0.69)
2025-12-02 21:43:01 | INFO     | emotion_detector | Detected emotion: sad (confidence: 0.64)
2025-12-02 21:43:04 | INFO     | emotion_detector | Detected emotion: sad (confidence: 0.90)
2025-12-02 21:43:07 | INFO     | emotion_detector | Detected emotion: sad (confidence: 0.81)
2025-12-02 21:43:09 | INFO     | emotion_detector | Detected emotion: sad (confidence: 0.84)
2025-12-02 21:43:12 | INFO     | emotion_detector | Detected emotion: sad (confidence: 0.92)
2025-12-02 21:43:15 | INFO     | emotion_detector | Detected emotion: sad (confidence: 0.96)
2025-12-02 21:43:18 | INFO     | emotion_detector | Detected emotion: sad (confidence: 0.83)
2025-12-02 21:43:21 | INFO     | emotion_detector | Detected emotion: sad (confidence: 0.92)
2025-12-02 21:43:24 | INFO     | emotion_detector | Detected emotion: sad (confidence: 0.95)
2025-12-02 21:43:27 | INFO     | emotion_detector | Detected emotion: sad (confidence: 0.69)
2025-12-02 21:43:30 | INFO     | emotion_detector | Detected emotion: sad (confidence: 0.86)
2025-12-02 21:43:33 | INFO     | emotion_detector | Detected emotion: sad (confidence: 0.73)
2025-12-02 21:43:36 | INFO     | emotion_detector | Detected emotion: sad (confidence: 0.83)
2025-12-02 21:43:39 | INFO     | emotion_detector | Detected emotion: sad (confidence: 0.68)
2025-12-02 21:43:41 | INFO     | emotion_detector | Detected emotion: happy (confidence: 0.64)
2025-12-02 21:43:44 | INFO     | emotion_detector | Detected emotion: sad (confidence: 0.69)
2025-12-02 21:43:47 | INFO     | emotion_detector | Detected emotion: sad (confidence: 1.00)
2025-12-02 21:43:50 | INFO     | emotion_detector | Detected emotion: sad (confidence: 0.98)
2025-12-02 21:43:53 | INFO     | emotion_detector | Detected emotion: sad (confidence: 1.00)
2025-12-02 21:43:56 | INFO     | emotion_detector | Detected emotion: sad (confidence: 1.00)
2025-12-02 21:43:59 | INFO     | emotion_detector | Detected emotion: sad (confidence: 1.00)
2025-12-02 21:44:02 | INFO     | emotion_detector | Detected emotion: sad (confidence: 1.00)
2025-12-02 21:44:05 | INFO     | emotion_detector | Detected emotion: sad (confidence: 1.00)
2025-12-02 21:44:07 | INFO     | emotion_detector | Detected emotion: sad (confidence: 1.00)
2025-12-02 21:44:11 | INFO     | emotion_detector | Detected emotion: sad (confidence: 1.00)
2025-12-02 21:44:13 | INFO     | emotion_detector | Detected emotion: sad (confidence: 1.00)
2025-12-02 21:44:16 | INFO     | emotion_detector | Detected emotion: sad (confidence: 1.00)
2025-12-02 21:44:19 | INFO     | emotion_detector | Detected emotion: sad (confidence: 1.00)
2025-12-02 21:44:22 | INFO     | emotion_detector | Detected emotion: sad (confidence: 1.00)
2025-12-02 21:44:25 | INFO     | emotion_detector | Detected emotion: sad (confidence: 1.00)
2025-12-02 21:44:28 | INFO     | emotion_detector | Detected emotion: sad (confidence: 1.00)
2025-12-02 21:44:31 | INFO     | emotion_detector | Detected emotion: sad (confidence: 1.00)
2025-12-02 21:44:34 | INFO     | emotion_detector | Detected emotion: sad (confidence: 1.00)
2025-12-02 21:44:37 | INFO     | emotion_detector | Detected emotion: sad (confidence: 1.00)
2025-12-02 21:44:40 | INFO     | emotion_detector | Detected emotion: sad (confidence: 1.00)
2025-12-02 21:44:43 | INFO     | emotion_detector | Detected emotion: sad (confidence: 1.00)
2025-12-02 21:44:46 | INFO     | emotion_detector | Detected emotion: sad (confidence: 1.00)
2025-12-02 21:44:48 | INFO     | emotion_detector | Detected emotion: sad (confidence: 1.00)
2025-12-02 21:44:51 | INFO     | emotion_detector | Detected emotion: sad (confidence: 1.00)
2025-12-02 21:44:54 | INFO     | emotion_detector | Detected emotion: sad (confidence: 1.00)
2025-12-02 21:44:57 | INFO     | emotion_detector | Detected emotion: sad (confidence: 1.00)
2025-12-02 21:45:00 | INFO     | emotion_detector | Detected emotion: sad (confidence: 1.00)
2025-12-02 21:45:03 | INFO     | emotion_detector | Detected emotion: sad (confidence: 1.00)
2025-12-02 21:45:06 | INFO     | emotion_detector | Detected emotion: sad (confidence: 1.00)
2025-12-02 21:45:09 | INFO     | emotion_detector | Detected emotion: sad (confidence: 1.00)
2025-12-02 21:45:12 | INFO     | emotion_detector | Detected emotion: sad (confidence: 1.00)
2025-12-02 21:45:15 | INFO     | emotion_detector | Detected emotion: sad (confidence: 1.00)
2025-12-02 21:45:18 | INFO     | emotion_detector | Detected emotion: sad (confidence: 1.00)
2025-12-02 21:45:21 | INFO     | emotion_detector | Detected emotion: sad (confidence: 1.00)
2025-12-02 21:45:23 | INFO     | emotion_detector | Detected emotion: sad (confidence: 1.00)
2025-12-02 21:45:26 | INFO     | emotion_detector | Detected emotion: sad (confidence: 1.00)
2025-12-02 21:45:29 | INFO     | emotion_detector | Detected emotion: sad (confidence: 1.00)
2025-12-02 21:45:32 | INFO     | emotion_detector | Detected emotion: sad (confidence: 1.00)
2025-12-02 21:45:35 | INFO     | emotion_detector | Detected emotion: sad (confidence: 1.00)
2025-12-02 21:45:38 | INFO     | emotion_detector | Detected emotion: sad (confidence: 1.00)
2025-12-02 21:45:41 | INFO     | emotion_detector | Detected emotion: sad (confidence: 1.00)
2025-12-02 21:45:44 | INFO     | emotion_detector | Detected emotion: sad (confidence: 1.00)
2025-12-02 21:45:47 | INFO     | emotion_detector | Detected emotion: sad (confidence: 1.00)
2025-12-02 21:45:50 | INFO     | emotion_detector | Detected emotion: sad (confidence: 1.00)
2025-12-02 21:45:53 | INFO     | emotion_detector | Detected emotion: sad (confidence: 1.00)
2025-12-02 21:45:56 | INFO     | emotion_detector | Detected emotion: sad (confidence: 1.00)
2025-12-02 21:45:59 | INFO     | emotion_detector | Detected emotion: sad (confidence: 1.00)
2025-12-02 21:46:01 | INFO     | emotion_detector | Detected emotion: sad (confidence: 1.00)
2025-12-02 21:46:04 | INFO     | emotion_detector | Detected emotion: sad (confidence: 1.00)
2025-12-02 21:46:07 | INFO     | emotion_detector | Detected emotion: sad (confidence: 1.00)
2025-12-02 21:46:10 | INFO     | emotion_detector | Detected emotion: sad (confidence: 1.00)
2025-12-02 21:46:13 | INFO     | emotion_detector | Detected emotion: sad (confidence: 1.00)
2025-12-02 21:46:16 | INFO     | emotion_detector | Detected emotion: sad (confidence: 1.00)
2025-12-02 21:46:19 | INFO     | emotion_detector | Detected emotion: sad (confidence: 1.00)
2025-12-02 21:46:22 | INFO     | emotion_detector | Detected emotion: sad (confidence: 1.00)
2025-12-02 21:46:25 | INFO     | emotion_detector | Detected emotion: sad (confidence: 1.00)
2025-12-02 21:46:28 | INFO     | emotion_detector | Detected emotion: sad (confidence: 1.00)
2025-12-02 21:46:31 | INFO     | emotion_detector | Detected emotion: sad (confidence: 1.00)
2025-12-02 21:46:34 | INFO     | emotion_detector | Detected emotion: neutral (confidence: 0.36)
2025-12-02 21:46:37 | INFO     | emotion_detector | Detected emotion: sad (confidence: 1.00)
2025-12-02 21:46:40 | INFO     | emotion_detector | Detected emotion: sad (confidence: 1.00)
2025-12-02 21:46:42 | INFO     | emotion_detector | Detected emotion: sad (confidence: 1.00)
2025-12-02 21:46:45 | INFO     | emotion_detector | Detected emotion: sad (confidence: 1.00)
2025-12-02 21:46:48 | INFO     | emotion_detector | Detected emotion: sad (confidence: 1.00)
2025-12-02 21:46:51 | INFO     | emotion_detector | Detected emotion: sad (confidence: 1.00)
2025-12-02 21:46:54 | INFO     | emotion_detector | Detected emotion: sad (confidence: 1.00)
2025-12-02 21:46:57 | INFO     | emotion_detector | Detected emotion: sad (confidence: 1.00)
2025-12-02 21:47:00 | INFO     | emotion_detector | Detected emotion: sad (confidence: 1.00)
2025-12-02 21:47:03 | INFO     | emotion_detector | Detected emotion: sad (confidence: 1.00)
2025-12-02 21:47:06 | INFO     | emotion_detector | Detected emotion: sad (confidence: 1.00)
2025-12-02 21:47:09 | INFO     | emotion_detector | Detected emotion: sad (confidence: 1.00)
2025-12-02 21:47:12 | INFO     | emotion_detector | Detected emotion: sad (confidence: 1.00)
2025-12-02 21:47:15 | INFO     | emotion_detector | Detected emotion: sad (confidence: 1.00)
2025-12-02 21:47:17 | INFO     | emotion_detector | Detected emotion: sad (confidence: 1.00)
2025-12-02 21:47:20 | INFO     | emotion_detector | Detected emotion: sad (confidence: 1.00)
2025-12-02 21:47:23 | INFO     | emotion_detector | Detected emotion: sad (confidence: 1.00)
2025-12-02 21:47:26 | INFO     | emotion_detector | Detected emotion: sad (confidence: 1.00)
2025-12-02 21:47:29 | INFO     | emotion_detector | Detected emotion: sad (confidence: 1.00)
2025-12-02 21:47:32 | INFO     | emotion_detector | Detected emotion: sad (confidence: 1.00)
2025-12-02 21:47:35 | INFO     | emotion_detector | Detected emotion: sad (confidence: 1.00)
2025-12-02 21:47:38 | INFO     | emotion_detector | Detected emotion: sad (confidence: 1.00)
2025-12-02 21:47:41 | INFO     | emotion_detector | Detected emotion: sad (confidence: 1.00)
2025-12-02 21:47:44 | INFO     | emotion_detector | Detected emotion: sad (confidence: 1.00)
2025-12-02 21:47:46 | INFO     | emotion_detector | Detected emotion: sad (confidence: 1.00)
2025-12-02 21:47:50 | INFO     | emotion_detector | Detected emotion: sad (confidence: 1.00)
2025-12-02 21:47:52 | INFO     | emotion_detector | Detected emotion: sad (confidence: 1.00)
2025-12-02 21:47:55 | INFO     | emotion_detector | Detected emotion: sad (confidence: 1.00)
2025-12-02 21:47:58 | INFO     | emotion_detector | Detected emotion: sad (confidence: 1.00)
2025-12-02 21:48:01 | INFO     | emotion_detector | Detected emotion: sad (confidence: 1.00)
2025-12-02 21:48:04 | INFO     | emotion_detector | Detected emotion: sad (confidence: 1.00)
2025-12-02 21:48:07 | INFO     | emotion_detector | Detected emotion: happy (confidence: 0.63)
2025-12-02 21:48:10 | INFO     | emotion_detector | Detected emotion: sad (confidence: 1.00)
2025-12-02 21:48:13 | INFO     | emotion_detector | Detected emotion: sad (confidence: 1.00)
2025-12-02 21:48:16 | INFO     | emotion_detector | Detected emotion: sad (confidence: 1.00)
2025-12-02 21:48:19 | INFO     | emotion_detector | Detected emotion: happy (confidence: 0.82)
2025-12-02 21:48:21 | INFO     | emotion_detector | Detected emotion: sad (confidence: 1.00)
2025-12-02 21:48:24 | INFO     | emotion_detector | Detected emotion: sad (confidence: 1.00)
2025-12-02 21:48:27 | INFO     | emotion_detector | Detected emotion: sad (confidence: 1.00)
2025-12-02 21:48:30 | INFO     | emotion_detector | Detected emotion: sad (confidence: 1.00)
2025-12-02 21:48:33 | INFO     | emotion_detector | Detected emotion: sad (confidence: 1.00)
2025-12-02 21:48:36 | INFO     | emotion_detector | Detected emotion: sad (confidence: 1.00)
2025-12-02 21:48:39 | INFO     | emotion_detector | Detected emotion: sad (confidence: 1.00)
2025-12-02 21:48:42 | INFO     | emotion_detector | Detected emotion: sad (confidence: 1.00)
2025-12-02 21:48:45 | INFO     | emotion_detector | Detected emotion: sad (confidence: 1.00)
2025-12-02 21:48:48 | INFO     | emotion_detector | Detected emotion: sad (confidence: 1.00)
2025-12-02 21:48:51 | INFO     | emotion_detector | Detected emotion: sad (confidence: 1.00)
2025-12-02 21:48:54 | INFO     | emotion_detector | Detected emotion: sad (confidence: 1.00)
2025-12-02 21:48:57 | INFO     | emotion_detector | Detected emotion: sad (confidence: 1.00)
2025-12-02 21:49:00 | INFO     | emotion_detector | Detected emotion: sad (confidence: 1.00)
2025-12-02 21:49:02 | INFO     | emotion_detector | Detected emotion: sad (confidence: 1.00)
2025-12-02 21:49:05 | INFO     | emotion_detector | Detected emotion: sad (confidence: 0.96)
2025-12-02 21:49:08 | INFO     | emotion_detector | Detected emotion: sad (confidence: 0.99)
2025-12-02 21:49:11 | INFO     | emotion_detector | Detected emotion: sad (confidence: 1.00)
2025-12-02 21:49:14 | INFO     | emotion_detector | Detected emotion: sad (confidence: 0.99)
2025-12-02 21:49:17 | INFO     | emotion_detector | Detected emotion: sad (confidence: 0.99)
2025-12-02 21:49:20 | INFO     | emotion_detector | Detected emotion: sad (confidence: 0.99)
2025-12-02 21:49:23 | INFO     | emotion_detector | Detected emotion: sad (confidence: 1.00)
2025-12-02 21:49:26 | INFO     | emotion_detector | Detected emotion: sad (confidence: 0.98)
2025-12-02 21:49:29 | INFO     | emotion_detector | Detected emotion: sad (confidence: 0.99)
2025-12-02 21:49:32 | INFO     | emotion_detector | Detected emotion: sad (confidence: 1.00)
2025-12-02 21:49:35 | INFO     | emotion_detector | Detected emotion: sad (confidence: 0.99)
2025-12-02 21:49:38 | INFO     | emotion_detector | Detected emotion: sad (confidence: 0.99)
2025-12-02 21:49:40 | INFO     | emotion_detector | Detected emotion: sad (confidence: 1.00)
2025-12-02 21:49:43 | INFO     | emotion_detector | Detected emotion: sad (confidence: 0.99)
2025-12-02 21:49:46 | INFO     | emotion_detector | Detected emotion: sad (confidence: 1.00)
2025-12-02 21:49:49 | INFO     | emotion_detector | Detected emotion: sad (confidence: 1.00)
2025-12-02 21:49:52 | INFO     | emotion_detector | Detected emotion: sad (confidence: 0.99)
2025-12-02 21:49:55 | INFO     | emotion_detector | Detected emotion: sad (confidence: 1.00)
2025-12-02 21:49:58 | INFO     | emotion_detector | Detected emotion: sad (confidence: 0.99)
2025-12-02 21:50:01 | INFO     | emotion_detector | Detected emotion: sad (confidence: 1.00)
2025-12-02 21:50:04 | INFO     | emotion_detector | Detected emotion: sad (confidence: 1.00)
2025-12-02 21:50:07 | INFO     | emotion_detector | Detected emotion: sad (confidence: 1.00)
2025-12-02 21:50:10 | INFO     | emotion_detector | Detected emotion: sad (confidence: 0.97)
2025-12-02 21:50:13 | INFO     | emotion_detector | Detected emotion: sad (confidence: 0.99)
2025-12-02 21:50:15 | INFO     | emotion_detector | Detected emotion: sad (confidence: 0.96)
2025-12-02 21:50:19 | INFO     | emotion_detector | Detected emotion: sad (confidence: 0.99)
2025-12-02 21:50:21 | INFO     | emotion_detector | Detected emotion: sad (confidence: 0.99)
2025-12-02 21:50:24 | INFO     | emotion_detector | Detected emotion: sad (confidence: 0.99)
2025-12-02 21:50:27 | INFO     | emotion_detector | Detected emotion: sad (confidence: 1.00)
2025-12-02 21:50:30 | INFO     | emotion_detector | Detected emotion: sad (confidence: 0.99)
2025-12-02 21:50:33 | INFO     | emotion_detector | Detected emotion: sad (confidence: 1.00)
2025-12-02 21:50:36 | INFO     | emotion_detector | Detected emotion: sad (confidence: 0.98)
2025-12-02 21:50:39 | INFO     | emotion_detector | Detected emotion: angry (confidence: 0.66)
2025-12-02 21:50:42 | INFO     | emotion_detector | Detected emotion: sad (confidence: 1.00)
2025-12-02 21:50:45 | INFO     | emotion_detector | Detected emotion: sad (confidence: 0.97)
2025-12-02 21:50:48 | INFO     | emotion_detector | Detected emotion: sad (confidence: 0.94)
2025-12-02 21:50:51 | INFO     | emotion_detector | Detected emotion: sad (confidence: 0.94)
2025-12-02 21:50:54 | INFO     | emotion_detector | Detected emotion: sad (confidence: 0.98)
2025-12-02 21:50:57 | INFO     | emotion_detector | Detected emotion: sad (confidence: 0.98)
2025-12-02 21:50:59 | INFO     | emotion_detector | Detected emotion: sad (confidence: 0.98)
2025-12-02 21:51:02 | INFO     | emotion_detector | Detected emotion: sad (confidence: 0.97)
2025-12-02 21:51:05 | INFO     | emotion_detector | Detected emotion: sad (confidence: 0.98)
2025-12-02 21:51:08 | INFO     | emotion_detector | Detected emotion: sad (confidence: 0.97)
2025-12-02 21:51:11 | INFO     | emotion_detector | Detected emotion: sad (confidence: 0.98)
2025-12-02 21:51:14 | INFO     | emotion_detector | Detected emotion: sad (confidence: 0.91)
2025-12-02 21:51:17 | INFO     | emotion_detector | Detected emotion: sad (confidence: 0.97)
2025-12-02 21:51:20 | INFO     | emotion_detector | Detected emotion: sad (confidence: 0.99)
2025-12-02 21:51:23 | INFO     | emotion_detector | Detected emotion: sad (confidence: 0.97)
2025-12-02 21:51:26 | INFO     | emotion_detector | Detected emotion: sad (confidence: 0.95)
2025-12-02 21:51:28 | INFO     | emotion_detector | Detected emotion: sad (confidence: 0.98)
2025-12-02 21:51:32 | INFO     | emotion_detector | Detected emotion: sad (confidence: 0.95)
2025-12-02 21:51:34 | INFO     | emotion_detector | Detected emotion: sad (confidence: 0.97)
2025-12-02 21:51:37 | INFO     | emotion_detector | Detected emotion: sad (confidence: 0.96)
2025-12-02 21:51:40 | INFO     | emotion_detector | Detected emotion: sad (confidence: 0.99)
2025-12-02 21:51:43 | INFO     | emotion_detector | Detected emotion: sad (confidence: 0.98)
2025-12-02 21:51:46 | INFO     | emotion_detector | Detected emotion: sad (confidence: 0.98)
2025-12-02 21:51:49 | INFO     | emotion_detector | Detected emotion: sad (confidence: 0.99)
2025-12-02 21:51:52 | INFO     | emotion_detector | Detected emotion: sad (confidence: 0.99)
2025-12-02 21:51:55 | INFO     | emotion_detector | Detected emotion: sad (confidence: 0.99)
2025-12-02 21:51:58 | INFO     | emotion_detector | Detected emotion: sad (confidence: 0.97)
2025-12-02 21:52:01 | INFO     | emotion_detector | Detected emotion: sad (confidence: 0.98)
2025-12-02 21:52:03 | INFO     | emotion_detector | Detected emotion: sad (confidence: 0.97)
2025-12-02 21:52:06 | INFO     | emotion_detector | Detected emotion: sad (confidence: 0.97)
2025-12-02 21:52:09 | INFO     | emotion_detector | Detected emotion: sad (confidence: 0.97)
2025-12-02 21:52:12 | INFO     | emotion_detector | Detected emotion: sad (confidence: 0.96)
2025-12-02 21:52:15 | INFO     | emotion_detector | Detected emotion: sad (confidence: 0.97)
2025-12-02 21:52:18 | INFO     | emotion_detector | Detected emotion: sad (confidence: 0.99)
2025-12-02 21:52:21 | INFO     | emotion_detector | Detected emotion: sad (confidence: 1.00)
2025-12-02 21:52:24 | INFO     | emotion_detector | Detected emotion: sad (confidence: 0.99)
2025-12-02 21:52:27 | INFO     | emotion_detector | Detected emotion: sad (confidence: 0.99)
2025-12-02 21:52:30 | INFO     | emotion_detector | Detected emotion: sad (confidence: 0.98)
2025-12-02 21:52:33 | INFO     | emotion_detector | Detected emotion: sad (confidence: 1.00)
2025-12-02 21:52:36 | INFO     | emotion_detector | Detected emotion: sad (confidence: 0.99)
2025-12-02 21:52:39 | INFO     | emotion_detector | Detected emotion: sad (confidence: 0.98)
2025-12-02 21:52:41 | INFO     | emotion_detector | Detected emotion: sad (confidence: 1.00)
2025-12-02 21:52:44 | INFO     | emotion_detector | Detected emotion: sad (confidence: 0.96)
2025-12-02 21:52:47 | INFO     | emotion_detector | Detected emotion: sad (confidence: 0.99)
2025-12-02 21:52:50 | INFO     | emotion_detector | Detected emotion: sad (confidence: 0.58)
2025-12-02 21:52:53 | INFO     | emotion_detector | Detected emotion: sad (confidence: 0.98)
2025-12-02 21:52:56 | INFO     | emotion_detector | Detected emotion: sad (confidence: 0.99)
2025-12-02 21:52:59 | INFO     | emotion_detector | Detected emotion: sad (confidence: 0.98)
2025-12-02 21:53:02 | INFO     | emotion_detector | Detected emotion: sad (confidence: 0.98)
2025-12-02 21:53:05 | INFO     | emotion_detector | Detected emotion: sad (confidence: 0.94)
2025-12-02 21:53:08 | INFO     | emotion_detector | Detected emotion: sad (confidence: 0.96)
2025-12-02 21:53:10 | INFO     | emotion_detector | Detected emotion: sad (confidence: 0.96)
2025-12-02 21:53:13 | INFO     | emotion_detector | Detected emotion: sad (confidence: 0.97)
2025-12-02 21:53:16 | INFO     | emotion_detector | Detected emotion: sad (confidence: 0.99)
2025-12-02 21:53:19 | INFO     | emotion_detector | Detected emotion: sad (confidence: 0.99)
2025-12-02 21:53:22 | INFO     | emotion_detector | Detected emotion: sad (confidence: 0.99)
2025-12-02 21:53:25 | INFO     | emotion_detector | Detected emotion: sad (confidence: 0.98)
2025-12-02 21:53:28 | INFO     | emotion_detector | Detected emotion: sad (confidence: 0.97)
2025-12-02 21:53:31 | INFO     | emotion_detector | Detected emotion: sad (confidence: 1.00)
2025-12-02 21:53:34 | INFO     | emotion_detector | Detected emotion: sad (confidence: 0.99)
2025-12-02 21:53:37 | INFO     | emotion_detector | Detected emotion: sad (confidence: 0.98)
2025-12-02 21:53:40 | INFO     | emotion_detector | Detected emotion: sad (confidence: 0.99)
2025-12-02 21:53:42 | INFO     | emotion_detector | Detected emotion: sad (confidence: 0.99)
2025-12-02 21:53:45 | INFO     | emotion_detector | Detected emotion: sad (confidence: 0.99)
2025-12-02 21:53:48 | INFO     | emotion_detector | Detected emotion: sad (confidence: 0.99)
2025-12-02 21:53:51 | INFO     | emotion_detector | Detected emotion: sad (confidence: 0.99)
2025-12-02 21:53:54 | INFO     | emotion_detector | Detected emotion: sad (confidence: 0.99)
2025-12-02 21:53:57 | INFO     | emotion_detector | Detected emotion: sad (confidence: 0.99)
2025-12-02 21:54:00 | INFO     | emotion_detector | Detected emotion: sad (confidence: 0.99)
2025-12-02 21:54:03 | INFO     | emotion_detector | Detected emotion: sad (confidence: 0.99)
2025-12-02 21:54:06 | INFO     | emotion_detector | Detected emotion: sad (confidence: 0.98)
2025-12-02 21:54:09 | INFO     | emotion_detector | Detected emotion: sad (confidence: 0.98)
2025-12-02 21:54:12 | INFO     | emotion_detector | Detected emotion: sad (confidence: 0.99)
2025-12-02 21:54:15 | INFO     | emotion_detector | Detected emotion: sad (confidence: 1.00)
2025-12-02 21:54:17 | INFO     | emotion_detector | Detected emotion: sad (confidence: 0.99)
2025-12-02 21:54:20 | INFO     | emotion_detector | Detected emotion: sad (confidence: 1.00)
2025-12-02 21:54:23 | INFO     | emotion_detector | Detected emotion: sad (confidence: 1.00)
2025-12-02 21:54:26 | INFO     | emotion_detector | Detected emotion: sad (confidence: 0.99)
2025-12-02 21:54:29 | INFO     | emotion_detector | Detected emotion: sad (confidence: 0.99)
2025-12-02 21:54:32 | INFO     | emotion_detector | Detected emotion: sad (confidence: 0.98)
2025-12-02 21:54:35 | INFO     | emotion_detector | Detected emotion: sad (confidence: 0.98)
2025-12-02 21:54:38 | INFO     | emotion_detector | Detected emotion: sad (confidence: 0.99)
2025-12-02 21:54:41 | INFO     | emotion_detector | Detected emotion: sad (confidence: 0.98)
2025-12-02 21:54:44 | INFO     | emotion_detector | Detected emotion: sad (confidence: 0.99)
2025-12-02 21:54:46 | INFO     | emotion_detector | Detected emotion: sad (confidence: 0.98)
2025-12-02 21:54:49 | INFO     | emotion_detector | Detected emotion: sad (confidence: 0.98)
2025-12-02 21:54:52 | INFO     | emotion_detector | Detected emotion: sad (confidence: 0.99)
2025-12-02 21:54:55 | INFO     | emotion_detector | Detected emotion: sad (confidence: 0.98)
2025-12-02 21:54:58 | INFO     | emotion_detector | Detected emotion: sad (confidence: 0.98)
2025-12-02 21:55:01 | INFO     | emotion_detector | Detected emotion: sad (confidence: 0.99)
2025-12-02 21:55:04 | INFO     | emotion_detector | Detected emotion: sad (confidence: 0.98)
2025-12-02 21:55:07 | INFO     | emotion_detector | Detected emotion: sad (confidence: 0.98)
2025-12-02 21:55:10 | INFO     | emotion_detector | Detected emotion: sad (confidence: 0.98)
2025-12-02 21:55:13 | INFO     | emotion_detector | Detected emotion: sad (confidence: 0.99)
2025-12-02 21:55:15 | INFO     | emotion_detector | Detected emotion: sad (confidence: 0.99)
2025-12-02 21:55:18 | INFO     | emotion_detector | Detected emotion: sad (confidence: 0.99)
2025-12-02 21:55:21 | INFO     | emotion_detector | Detected emotion: sad (confidence: 0.99)
2025-12-02 21:55:24 | INFO     | emotion_detector | Detected emotion: sad (confidence: 0.99)
2025-12-02 21:55:27 | INFO     | emotion_detector | Detected emotion: sad (confidence: 0.99)
2025-12-02 21:55:30 | INFO     | emotion_detector | Detected emotion: sad (confidence: 0.98)
2025-12-02 21:55:33 | INFO     | emotion_detector | Detected emotion: sad (confidence: 1.00)
2025-12-02 21:55:36 | INFO     | emotion_detector | Detected emotion: sad (confidence: 0.99)
2025-12-02 21:55:39 | INFO     | emotion_detector | Detected emotion: sad (confidence: 0.98)
2025-12-02 21:55:42 | INFO     | emotion_detector | Detected emotion: sad (confidence: 0.99)
2025-12-02 21:55:45 | INFO     | emotion_detector | Detected emotion: sad (confidence: 0.99)
2025-12-02 21:55:47 | INFO     | emotion_detector | Detected emotion: sad (confidence: 0.99)
2025-12-02 21:55:50 | INFO     | emotion_detector | Detected emotion: sad (confidence: 0.99)
2025-12-02 21:55:53 | INFO     | emotion_detector | Detected emotion: sad (confidence: 0.99)
2025-12-02 21:55:56 | INFO     | emotion_detector | Detected emotion: sad (confidence: 0.99)
2025-12-02 21:55:59 | INFO     | emotion_detector | Detected emotion: sad (confidence: 0.99)
2025-12-02 21:56:02 | INFO     | emotion_detector | Detected emotion: sad (confidence: 0.99)
2025-12-02 21:56:05 | INFO     | emotion_detector | Detected emotion: sad (confidence: 0.99)
2025-12-02 21:56:08 | INFO     | emotion_detector | Detected emotion: sad (confidence: 0.98)
2025-12-02 21:56:11 | INFO     | emotion_detector | Detected emotion: sad (confidence: 0.99)
2025-12-02 21:56:14 | INFO     | emotion_detector | Detected emotion: sad (confidence: 0.98)
2025-12-02 21:56:17 | INFO     | emotion_detector | Detected emotion: sad (confidence: 0.98)
2025-12-02 21:56:20 | INFO     | emotion_detector | Detected emotion: sad (confidence: 0.95)
2025-12-02 21:56:22 | INFO     | emotion_detector | Detected emotion: sad (confidence: 0.99)
2025-12-02 21:56:25 | INFO     | emotion_detector | Detected emotion: sad (confidence: 0.98)
2025-12-02 21:56:28 | INFO     | emotion_detector | Detected emotion: sad (confidence: 0.96)
2025-12-02 21:56:31 | INFO     | emotion_detector | Detected emotion: sad (confidence: 0.95)
2025-12-02 21:56:34 | INFO     | emotion_detector | Detected emotion: sad (confidence: 0.96)
2025-12-02 21:56:37 | INFO     | emotion_detector | Detected emotion: sad (confidence: 0.95)
2025-12-02 21:56:40 | INFO     | emotion_detector | Detected emotion: sad (confidence: 0.99)
2025-12-02 21:56:43 | INFO     | emotion_detector | Detected emotion: sad (confidence: 0.99)
2025-12-02 21:56:46 | INFO     | emotion_detector | Detected emotion: sad (confidence: 0.97)
2025-12-02 21:56:49 | INFO     | emotion_detector | Detected emotion: sad (confidence: 0.98)
2025-12-02 21:56:52 | INFO     | emotion_detector | Detected emotion: sad (confidence: 0.98)
2025-12-02 21:56:55 | INFO     | emotion_detector | Detected emotion: sad (confidence: 0.97)
2025-12-02 21:56:58 | INFO     | emotion_detector | Detected emotion: sad (confidence: 0.96)
2025-12-02 21:57:01 | INFO     | emotion_detector | Detected emotion: sad (confidence: 0.99)
2025-12-02 21:57:04 | INFO     | emotion_detector | Detected emotion: sad (confidence: 0.95)
2025-12-02 21:57:07 | INFO     | emotion_detector | Detected emotion: sad (confidence: 0.97)
2025-12-02 21:57:10 | INFO     | emotion_detector | Detected emotion: sad (confidence: 0.97)
2025-12-02 21:57:13 | INFO     | emotion_detector | Detected emotion: sad (confidence: 0.99)
2025-12-02 21:57:16 | INFO     | emotion_detector | Detected emotion: sad (confidence: 0.99)
2025-12-02 21:57:18 | INFO     | emotion_detector | Detected emotion: sad (confidence: 0.97)
2025-12-02 21:57:21 | INFO     | emotion_detector | Detected emotion: sad (confidence: 0.98)
2025-12-02 21:57:24 | INFO     | emotion_detector | Detected emotion: sad (confidence: 0.99)
2025-12-02 21:57:27 | INFO     | emotion_detector | Detected emotion: sad (confidence: 0.98)
2025-12-02 21:57:30 | INFO     | emotion_detector | Detected emotion: sad (confidence: 0.98)
2025-12-02 21:57:33 | INFO     | emotion_detector | Detected emotion: sad (confidence: 0.96)
2025-12-02 21:57:36 | INFO     | emotion_detector | Detected emotion: sad (confidence: 0.97)
2025-12-02 21:57:39 | INFO     | emotion_detector | Detected emotion: sad (confidence: 0.98)
2025-12-02 21:57:42 | INFO     | emotion_detector | Detected emotion: sad (confidence: 0.98)
2025-12-02 21:57:45 | INFO     | emotion_detector | Detected emotion: sad (confidence: 0.96)
2025-12-02 21:57:48 | INFO     | emotion_detector | Detected emotion: sad (confidence: 0.99)
2025-12-02 21:57:51 | INFO     | emotion_detector | Detected emotion: sad (confidence: 0.98)
2025-12-02 21:57:53 | INFO     | emotion_detector | Detected emotion: sad (confidence: 0.98)
2025-12-02 21:57:56 | INFO     | emotion_detector | Detected emotion: sad (confidence: 0.97)
2025-12-02 21:57:59 | INFO     | emotion_detector | Detected emotion: sad (confidence: 0.98)
2025-12-02 21:58:02 | INFO     | emotion_detector | Detected emotion: sad (confidence: 0.97)
2025-12-02 21:58:05 | INFO     | emotion_detector | Detected emotion: sad (confidence: 0.98)
2025-12-02 21:58:08 | INFO     | emotion_detector | Detected emotion: sad (confidence: 0.99)
2025-12-02 21:58:11 | INFO     | emotion_detector | Detected emotion: sad (confidence: 0.99)
2025-12-02 21:58:14 | INFO     | emotion_detector | Detected emotion: sad (confidence: 0.97)
2025-12-02 21:58:17 | INFO     | emotion_detector | Detected emotion: sad (confidence: 0.99)
2025-12-02 21:58:20 | INFO     | emotion_detector | Detected emotion: sad (confidence: 0.98)
2025-12-02 21:58:23 | INFO     | emotion_detector | Detected emotion: sad (confidence: 0.98)
2025-12-02 21:58:26 | INFO     | emotion_detector | Detected emotion: sad (confidence: 0.97)
2025-12-02 21:58:28 | INFO     | emotion_detector | Detected emotion: sad (confidence: 0.97)
2025-12-02 21:58:31 | INFO     | emotion_detector | Detected emotion: sad (confidence: 1.00)
2025-12-02 21:58:34 | INFO     | emotion_detector | Detected emotion: sad (confidence: 0.98)
2025-12-02 21:58:37 | INFO     | emotion_detector | Detected emotion: sad (confidence: 0.98)
2025-12-02 21:58:40 | INFO     | emotion_detector | Detected emotion: sad (confidence: 0.98)
2025-12-02 21:58:43 | INFO     | emotion_detector | Detected emotion: sad (confidence: 0.97)
2025-12-02 21:58:46 | INFO     | emotion_detector | Detected emotion: sad (confidence: 0.99)
2025-12-02 21:58:49 | INFO     | emotion_detector | Detected emotion: sad (confidence: 0.98)
2025-12-02 21:58:52 | INFO     | emotion_detector | Detected emotion: sad (confidence: 0.98)
2025-12-02 21:58:55 | INFO     | emotion_detector | Detected emotion: sad (confidence: 0.97)
2025-12-02 21:58:58 | INFO     | emotion_detector | Detected emotion: sad (confidence: 0.79)
2025-12-02 21:59:00 | INFO     | emotion_detector | Detected emotion: sad (confidence: 0.98)
2025-12-02 21:59:03 | INFO     | emotion_detector | Detected emotion: sad (confidence: 0.97)
2025-12-02 21:59:06 | INFO     | emotion_detector | Detected emotion: sad (confidence: 0.96)
2025-12-02 21:59:09 | INFO     | emotion_detector | Detected emotion: sad (confidence: 0.98)
2025-12-02 21:59:12 | INFO     | emotion_detector | Detected emotion: sad (confidence: 0.97)
2025-12-02 21:59:15 | INFO     | emotion_detector | Detected emotion: sad (confidence: 0.97)
2025-12-02 21:59:18 | INFO     | emotion_detector | Detected emotion: sad (confidence: 0.98)
2025-12-02 21:59:21 | INFO     | emotion_detector | Detected emotion: sad (confidence: 0.98)
2025-12-02 21:59:24 | INFO     | emotion_detector | Detected emotion: sad (confidence: 1.00)
2025-12-02 21:59:27 | INFO     | emotion_detector | Detected emotion: sad (confidence: 0.97)
2025-12-02 21:59:30 | INFO     | emotion_detector | Detected emotion: sad (confidence: 0.98)
2025-12-02 21:59:33 | INFO     | emotion_detector | Detected emotion: sad (confidence: 0.98)
2025-12-02 21:59:36 | INFO     | emotion_detector | Detected emotion: sad (confidence: 0.96)
2025-12-02 21:59:38 | INFO     | emotion_detector | Detected emotion: sad (confidence: 0.96)
2025-12-02 21:59:41 | INFO     | emotion_detector | Detected emotion: sad (confidence: 0.99)
2025-12-02 21:59:44 | INFO     | emotion_detector | Detected emotion: sad (confidence: 0.98)
2025-12-02 21:59:47 | INFO     | emotion_detector | Detected emotion: sad (confidence: 0.99)
2025-12-02 21:59:50 | INFO     | emotion_detector | Detected emotion: sad (confidence: 0.98)
2025-12-02 21:59:53 | INFO     | emotion_detector | Detected emotion: sad (confidence: 0.95)
2025-12-02 21:59:56 | INFO     | emotion_detector | Detected emotion: sad (confidence: 0.96)
2025-12-02 21:59:59 | INFO     | emotion_detector | Detected emotion: sad (confidence: 0.96)
2025-12-02 22:00:02 | INFO     | emotion_detector | Detected emotion: sad (confidence: 0.97)
2025-12-02 22:00:05 | INFO     | emotion_detector | Detected emotion: sad (confidence: 0.97)
2025-12-02 22:00:07 | INFO     | emotion_detector | Detected emotion: sad (confidence: 0.99)
2025-12-02 22:00:10 | INFO     | emotion_detector | Detected emotion: sad (confidence: 0.96)
2025-12-02 22:00:13 | INFO     | emotion_detector | Detected emotion: sad (confidence: 0.97)
2025-12-02 22:00:16 | INFO     | emotion_detector | Detected emotion: sad (confidence: 0.96)
2025-12-02 22:00:19 | INFO     | emotion_detector | Detected emotion: sad (confidence: 0.95)
2025-12-02 22:00:22 | INFO     | emotion_detector | Detected emotion: sad (confidence: 0.97)
2025-12-02 22:00:25 | INFO     | emotion_detector | Detected emotion: sad (confidence: 0.99)
2025-12-02 22:00:28 | INFO     | emotion_detector | Detected emotion: sad (confidence: 0.99)
2025-12-02 22:00:31 | INFO     | emotion_detector | Detected emotion: sad (confidence: 0.99)
2025-12-02 22:00:34 | INFO     | emotion_detector | Detected emotion: sad (confidence: 1.00)
2025-12-02 22:00:37 | INFO     | emotion_detector | Detected emotion: sad (confidence: 1.00)
2025-12-02 22:00:40 | INFO     | emotion_detector | Detected emotion: sad (confidence: 0.99)
2025-12-02 22:00:42 | INFO     | emotion_detector | Detected emotion: sad (confidence: 0.97)
2025-12-02 22:00:46 | INFO     | emotion_detector | Detected emotion: sad (confidence: 0.97)
2025-12-02 22:00:48 | INFO     | emotion_detector | Detected emotion: sad (confidence: 0.99)
2025-12-02 22:00:51 | INFO     | emotion_detector | Detected emotion: sad (confidence: 1.00)
2025-12-02 22:00:54 | INFO     | emotion_detector | Detected emotion: sad (confidence: 0.96)
2025-12-02 22:00:57 | INFO     | emotion_detector | Detected emotion: sad (confidence: 0.98)
2025-12-02 22:01:00 | INFO     | emotion_detector | Detected emotion: sad (confidence: 0.98)
2025-12-02 22:01:03 | INFO     | emotion_detector | Detected emotion: sad (confidence: 0.98)
2025-12-02 22:01:06 | INFO     | emotion_detector | Detected emotion: sad (confidence: 0.98)
2025-12-02 22:01:09 | INFO     | emotion_detector | Detected emotion: sad (confidence: 0.99)
2025-12-02 22:01:12 | INFO     | emotion_detector | Detected emotion: sad (confidence: 0.99)
2025-12-02 22:01:15 | INFO     | emotion_detector | Detected emotion: sad (confidence: 0.97)
2025-12-02 22:01:17 | INFO     | emotion_detector | Detected emotion: sad (confidence: 0.97)
2025-12-02 22:01:21 | INFO     | emotion_detector | Detected emotion: sad (confidence: 0.96)
2025-12-02 22:01:23 | INFO     | emotion_detector | Detected emotion: sad (confidence: 1.00)
2025-12-02 22:01:26 | INFO     | emotion_detector | Detected emotion: sad (confidence: 0.99)
2025-12-02 22:01:29 | INFO     | emotion_detector | Detected emotion: sad (confidence: 0.98)
2025-12-02 22:01:32 | INFO     | emotion_detector | Detected emotion: sad (confidence: 0.96)
2025-12-02 22:01:35 | INFO     | emotion_detector | Detected emotion: sad (confidence: 0.98)
2025-12-02 22:01:38 | INFO     | emotion_detector | Detected emotion: sad (confidence: 0.96)
2025-12-02 22:01:41 | INFO     | emotion_detector | Detected emotion: sad (confidence: 0.98)
2025-12-02 22:01:44 | INFO     | emotion_detector | Detected emotion: sad (confidence: 0.99)
2025-12-02 22:01:47 | INFO     | emotion_detector | Detected emotion: sad (confidence: 0.98)
2025-12-02 22:01:50 | INFO     | emotion_detector | Detected emotion: sad (confidence: 0.98)
2025-12-02 22:01:52 | INFO     | emotion_detector | Detected emotion: sad (confidence: 0.98)
2025-12-02 22:01:55 | INFO     | emotion_detector | Detected emotion: sad (confidence: 0.98)
2025-12-02 22:01:58 | INFO     | emotion_detector | Detected emotion: sad (confidence: 0.99)
2025-12-02 22:02:01 | INFO     | emotion_detector | Detected emotion: sad (confidence: 0.98)
2025-12-02 22:02:04 | INFO     | emotion_detector | Detected emotion: sad (confidence: 0.98)
2025-12-02 22:02:07 | INFO     | emotion_detector | Detected emotion: sad (confidence: 0.97)
2025-12-02 22:02:10 | INFO     | emotion_detector | Detected emotion: sad (confidence: 0.98)
2025-12-02 22:02:13 | INFO     | emotion_detector | Detected emotion: sad (confidence: 0.97)
2025-12-02 22:02:16 | INFO     | emotion_detector | Detected emotion: sad (confidence: 0.97)
2025-12-02 22:02:19 | INFO     | emotion_detector | Detected emotion: sad (confidence: 0.98)
2025-12-02 22:02:22 | INFO     | emotion_detector | Detected emotion: sad (confidence: 0.97)
2025-12-02 22:02:25 | INFO     | emotion_detector | Detected emotion: sad (confidence: 0.99)
2025-12-02 22:02:27 | INFO     | emotion_detector | Detected emotion: sad (confidence: 0.98)
2025-12-02 22:02:30 | INFO     | emotion_detector | Detected emotion: sad (confidence: 0.99)
2025-12-02 22:02:33 | INFO     | emotion_detector | Detected emotion: sad (confidence: 0.97)
2025-12-02 22:02:36 | INFO     | emotion_detector | Detected emotion: sad (confidence: 0.99)
2025-12-02 22:02:39 | INFO     | emotion_detector | Detected emotion: sad (confidence: 0.97)
2025-12-02 22:02:42 | INFO     | emotion_detector | Detected emotion: sad (confidence: 0.99)
2025-12-02 22:02:45 | INFO     | emotion_detector | Detected emotion: sad (confidence: 0.98)
2025-12-02 22:02:48 | INFO     | emotion_detector | Detected emotion: sad (confidence: 0.96)
2025-12-02 22:02:51 | INFO     | emotion_detector | Detected emotion: sad (confidence: 0.97)
2025-12-02 22:02:54 | INFO     | emotion_detector | Detected emotion: sad (confidence: 0.98)
2025-12-02 22:02:57 | INFO     | emotion_detector | Detected emotion: sad (confidence: 0.97)
2025-12-02 22:03:00 | INFO     | emotion_detector | Detected emotion: sad (confidence: 0.98)
2025-12-02 22:03:02 | INFO     | emotion_detector | Detected emotion: sad (confidence: 0.97)
2025-12-02 22:03:05 | INFO     | emotion_detector | Detected emotion: sad (confidence: 0.97)
2025-12-02 22:03:08 | INFO     | emotion_detector | Detected emotion: sad (confidence: 0.97)
2025-12-02 22:03:11 | INFO     | emotion_detector | Detected emotion: sad (confidence: 0.99)
2025-12-02 22:03:14 | INFO     | emotion_detector | Detected emotion: sad (confidence: 0.99)
2025-12-02 22:03:17 | INFO     | emotion_detector | Detected emotion: sad (confidence: 0.99)
2025-12-02 22:03:20 | INFO     | emotion_detector | Detected emotion: sad (confidence: 0.99)
2025-12-02 22:03:23 | INFO     | emotion_detector | Detected emotion: sad (confidence: 1.00)
2025-12-02 22:03:26 | INFO     | emotion_detector | Detected emotion: sad (confidence: 1.00)
2025-12-02 22:03:29 | INFO     | emotion_detector | Detected emotion: sad (confidence: 0.99)
2025-12-02 22:03:31 | INFO     | emotion_detector | Detected emotion: sad (confidence: 0.99)
2025-12-02 22:03:34 | INFO     | emotion_detector | Detected emotion: sad (confidence: 0.98)
2025-12-02 22:03:37 | INFO     | emotion_detector | Detected emotion: sad (confidence: 0.98)
2025-12-02 22:03:40 | INFO     | emotion_detector | Detected emotion: sad (confidence: 0.97)
2025-12-02 22:03:43 | INFO     | emotion_detector | Detected emotion: sad (confidence: 0.98)
2025-12-02 22:03:46 | INFO     | emotion_detector | Detected emotion: sad (confidence: 0.98)
2025-12-02 22:03:49 | INFO     | emotion_detector | Detected emotion: sad (confidence: 0.98)
2025-12-02 22:03:52 | INFO     | emotion_detector | Detected emotion: sad (confidence: 0.98)
2025-12-02 22:03:55 | INFO     | emotion_detector | Detected emotion: sad (confidence: 0.98)
2025-12-02 22:03:58 | INFO     | emotion_detector | Detected emotion: sad (confidence: 0.98)
2025-12-02 22:04:01 | INFO     | emotion_detector | Detected emotion: sad (confidence: 0.99)
2025-12-02 22:04:03 | INFO     | emotion_detector | Detected emotion: sad (confidence: 0.98)
2025-12-02 22:04:06 | INFO     | emotion_detector | Detected emotion: sad (confidence: 0.99)
2025-12-02 22:04:09 | INFO     | emotion_detector | Detected emotion: sad (confidence: 0.98)
2025-12-02 22:04:12 | INFO     | emotion_detector | Detected emotion: sad (confidence: 0.94)
2025-12-02 22:04:15 | INFO     | emotion_detector | Detected emotion: sad (confidence: 0.96)
2025-12-02 22:04:18 | INFO     | emotion_detector | Detected emotion: sad (confidence: 0.97)
2025-12-02 22:04:21 | INFO     | emotion_detector | Detected emotion: sad (confidence: 0.98)
2025-12-02 22:04:24 | INFO     | emotion_detector | Detected emotion: sad (confidence: 0.97)
2025-12-02 22:04:27 | INFO     | emotion_detector | Detected emotion: sad (confidence: 0.97)
2025-12-02 22:04:30 | INFO     | emotion_detector | Detected emotion: sad (confidence: 0.98)
2025-12-02 22:04:33 | INFO     | emotion_detector | Detected emotion: sad (confidence: 0.98)
2025-12-02 22:04:36 | INFO     | emotion_detector | Detected emotion: sad (confidence: 0.96)
2025-12-02 22:04:38 | INFO     | emotion_detector | Detected emotion: sad (confidence: 0.98)
2025-12-02 22:04:41 | INFO     | emotion_detector | Detected emotion: sad (confidence: 0.98)
2025-12-02 22:04:44 | INFO     | emotion_detector | Detected emotion: sad (confidence: 0.98)
2025-12-02 22:04:47 | INFO     | emotion_detector | Detected emotion: sad (confidence: 0.99)
2025-12-02 22:04:50 | INFO     | emotion_detector | Detected emotion: sad (confidence: 0.98)
2025-12-02 22:04:53 | INFO     | emotion_detector | Detected emotion: sad (confidence: 0.98)
2025-12-02 22:04:56 | INFO     | emotion_detector | Detected emotion: sad (confidence: 0.99)
2025-12-02 22:04:59 | INFO     | emotion_detector | Detected emotion: sad (confidence: 0.98)
2025-12-02 22:05:02 | INFO     | emotion_detector | Bias correction: Switched from fear/sad to happy (happy score: 0.44)
2025-12-02 22:05:02 | INFO     | emotion_detector | Detected emotion: happy (confidence: 0.44)
2025-12-02 22:05:05 | INFO     | emotion_detector | Detected emotion: sad (confidence: 1.00)
2025-12-02 22:05:08 | INFO     | emotion_detector | Detected emotion: sad (confidence: 0.86)
2025-12-02 22:05:11 | INFO     | emotion_detector | Detected emotion: sad (confidence: 0.99)
2025-12-02 22:05:13 | INFO     | emotion_detector | Detected emotion: sad (confidence: 0.99)
2025-12-02 22:05:17 | INFO     | emotion_detector | Detected emotion: sad (confidence: 0.98)
2025-12-02 22:05:19 | INFO     | emotion_detector | Detected emotion: sad (confidence: 0.99)
2025-12-02 22:05:22 | INFO     | emotion_detector | Bias correction: Switched from fear/sad to happy (happy score: 0.43)
2025-12-02 22:05:22 | INFO     | emotion_detector | Detected emotion: happy (confidence: 0.43)
2025-12-02 22:05:25 | INFO     | emotion_detector | Detected emotion: sad (confidence: 0.65)
2025-12-02 22:05:28 | INFO     | emotion_detector | Detected emotion: happy (confidence: 0.51)
2025-12-02 22:05:31 | INFO     | emotion_detector | Detected emotion: happy (confidence: 0.52)
2025-12-02 22:05:34 | INFO     | emotion_detector | Detected emotion: sad (confidence: 0.99)
2025-12-02 22:05:37 | INFO     | emotion_detector | Detected emotion: sad (confidence: 0.99)
2025-12-02 22:05:40 | INFO     | emotion_detector | Detected emotion: sad (confidence: 0.93)
2025-12-02 22:05:43 | INFO     | emotion_detector | Detected emotion: sad (confidence: 0.99)
2025-12-02 22:05:46 | INFO     | emotion_detector | Detected emotion: sad (confidence: 0.97)
2025-12-02 22:05:48 | INFO     | emotion_detector | Detected emotion: sad (confidence: 0.99)
2025-12-02 22:05:52 | INFO     | emotion_detector | Detected emotion: sad (confidence: 1.00)
2025-12-02 22:05:54 | INFO     | emotion_detector | Detected emotion: sad (confidence: 0.98)
2025-12-02 22:05:57 | INFO     | emotion_detector | Detected emotion: sad (confidence: 0.99)
2025-12-02 22:06:00 | INFO     | emotion_detector | Detected emotion: sad (confidence: 0.97)
2025-12-02 22:06:03 | INFO     | emotion_detector | Detected emotion: sad (confidence: 0.97)
2025-12-02 22:06:06 | INFO     | emotion_detector | Detected emotion: sad (confidence: 0.99)
2025-12-02 22:06:09 | INFO     | emotion_detector | Detected emotion: sad (confidence: 0.99)
2025-12-02 22:06:12 | INFO     | emotion_detector | Detected emotion: sad (confidence: 0.99)
2025-12-02 22:06:15 | INFO     | emotion_detector | Detected emotion: sad (confidence: 0.98)
2025-12-02 22:06:18 | INFO     | emotion_detector | Detected emotion: sad (confidence: 0.99)
2025-12-02 22:06:21 | INFO     | emotion_detector | Detected emotion: sad (confidence: 1.00)
2025-12-02 22:06:23 | INFO     | emotion_detector | Detected emotion: sad (confidence: 0.98)
2025-12-02 22:06:27 | INFO     | emotion_detector | Detected emotion: sad (confidence: 0.99)
2025-12-02 22:06:29 | INFO     | emotion_detector | Detected emotion: sad (confidence: 0.99)
2025-12-02 22:06:33 | INFO     | emotion_detector | Detected emotion: sad (confidence: 0.99)
2025-12-02 22:06:35 | INFO     | emotion_detector | Detected emotion: sad (confidence: 0.99)
2025-12-02 22:06:38 | INFO     | emotion_detector | Detected emotion: sad (confidence: 0.98)
2025-12-02 22:06:41 | INFO     | emotion_detector | Detected emotion: sad (confidence: 0.98)
2025-12-02 22:06:44 | INFO     | emotion_detector | Detected emotion: sad (confidence: 0.98)
2025-12-02 22:06:47 | INFO     | emotion_detector | Detected emotion: sad (confidence: 0.99)
2025-12-02 22:06:50 | INFO     | emotion_detector | Detected emotion: sad (confidence: 0.99)
2025-12-02 22:06:53 | INFO     | emotion_detector | Detected emotion: sad (confidence: 0.97)
2025-12-02 22:06:56 | INFO     | emotion_detector | Detected emotion: sad (confidence: 0.98)
2025-12-02 22:06:58 | INFO     | emotion_detector | Detected emotion: sad (confidence: 0.99)
2025-12-02 22:07:02 | INFO     | emotion_detector | Detected emotion: sad (confidence: 0.99)
2025-12-02 22:07:04 | INFO     | emotion_detector | Detected emotion: sad (confidence: 0.99)
2025-12-02 22:07:07 | INFO     | emotion_detector | Detected emotion: sad (confidence: 0.99)
2025-12-02 22:07:10 | INFO     | emotion_detector | Detected emotion: sad (confidence: 0.99)
2025-12-02 22:07:13 | INFO     | emotion_detector | Detected emotion: sad (confidence: 0.99)
2025-12-02 22:07:16 | INFO     | emotion_detector | Detected emotion: sad (confidence: 0.98)
2025-12-02 22:07:19 | INFO     | emotion_detector | Detected emotion: sad (confidence: 0.92)
2025-12-02 22:07:22 | INFO     | emotion_detector | Detected emotion: sad (confidence: 0.99)
2025-12-02 22:07:25 | INFO     | emotion_detector | Detected emotion: sad (confidence: 0.99)
2025-12-02 22:07:28 | INFO     | emotion_detector | Detected emotion: sad (confidence: 0.96)
2025-12-02 22:07:31 | INFO     | emotion_detector | Detected emotion: sad (confidence: 0.94)
2025-12-02 22:07:34 | INFO     | emotion_detector | Detected emotion: sad (confidence: 0.98)
2025-12-02 22:07:36 | INFO     | emotion_detector | Detected emotion: sad (confidence: 0.97)
2025-12-02 22:07:39 | INFO     | emotion_detector | Detected emotion: sad (confidence: 0.98)
2025-12-02 22:07:42 | INFO     | emotion_detector | Detected emotion: sad (confidence: 0.97)
2025-12-02 22:07:45 | INFO     | emotion_detector | Detected emotion: sad (confidence: 0.69)
2025-12-02 22:07:48 | INFO     | emotion_detector | Detected emotion: sad (confidence: 0.65)
2025-12-02 22:07:51 | INFO     | emotion_detector | Detected emotion: sad (confidence: 0.82)
2025-12-02 22:07:54 | INFO     | emotion_detector | Detected emotion: sad (confidence: 0.95)
2025-12-02 22:07:57 | INFO     | emotion_detector | Detected emotion: sad (confidence: 0.91)
2025-12-02 22:08:00 | INFO     | emotion_detector | Detected emotion: sad (confidence: 0.97)
2025-12-02 22:08:02 | INFO     | emotion_detector | Detected emotion: sad (confidence: 0.63)
2025-12-02 22:08:05 | INFO     | emotion_detector | Detected emotion: sad (confidence: 0.93)
2025-12-02 22:08:08 | INFO     | emotion_detector | Detected emotion: sad (confidence: 0.86)
2025-12-02 22:08:11 | INFO     | emotion_detector | Detected emotion: sad (confidence: 0.90)
2025-12-02 22:08:14 | INFO     | emotion_detector | Detected emotion: sad (confidence: 0.97)
2025-12-02 22:08:17 | INFO     | emotion_detector | Detected emotion: sad (confidence: 0.83)
2025-12-02 22:08:20 | INFO     | emotion_detector | Detected emotion: sad (confidence: 0.79)
2025-12-02 22:08:23 | INFO     | emotion_detector | Detected emotion: sad (confidence: 0.98)
2025-12-02 22:08:26 | INFO     | emotion_detector | Detected emotion: sad (confidence: 0.96)
2025-12-02 22:08:29 | INFO     | emotion_detector | Detected emotion: sad (confidence: 0.74)
2025-12-02 22:08:32 | INFO     | emotion_detector | Detected emotion: sad (confidence: 0.91)
2025-12-02 22:08:35 | INFO     | emotion_detector | Detected emotion: sad (confidence: 0.98)
2025-12-02 22:08:37 | INFO     | emotion_detector | Detected emotion: sad (confidence: 0.92)
2025-12-02 22:08:41 | INFO     | emotion_detector | Detected emotion: sad (confidence: 0.96)
2025-12-02 22:08:43 | INFO     | emotion_detector | Detected emotion: sad (confidence: 0.82)
2025-12-02 22:08:46 | INFO     | emotion_detector | Detected emotion: sad (confidence: 0.86)
2025-12-02 22:08:49 | INFO     | emotion_detector | Detected emotion: sad (confidence: 0.67)
2025-12-02 22:08:52 | INFO     | emotion_detector | Detected emotion: sad (confidence: 0.53)
2025-12-02 22:08:55 | INFO     | emotion_detector | Detected emotion: sad (confidence: 0.70)
2025-12-02 22:08:58 | INFO     | emotion_detector | Detected emotion: sad (confidence: 0.79)
2025-12-02 22:09:01 | INFO     | emotion_detector | Detected emotion: sad (confidence: 0.90)
2025-12-02 22:09:04 | INFO     | emotion_detector | Detected emotion: sad (confidence: 0.94)
2025-12-02 22:09:07 | INFO     | emotion_detector | Detected emotion: sad (confidence: 0.96)
2025-12-02 22:09:10 | INFO     | emotion_detector | Detected emotion: sad (confidence: 0.95)
2025-12-02 22:09:12 | INFO     | emotion_detector | Detected emotion: sad (confidence: 0.70)
2025-12-02 22:09:16 | INFO     | emotion_detector | Detected emotion: sad (confidence: 0.87)
2025-12-02 22:09:18 | INFO     | emotion_detector | Detected emotion: sad (confidence: 0.61)
2025-12-02 22:09:21 | INFO     | emotion_detector | Detected emotion: sad (confidence: 0.45)
2025-12-02 22:09:24 | INFO     | emotion_detector | Detected emotion: sad (confidence: 0.93)
2025-12-02 22:09:27 | INFO     | emotion_detector | Detected emotion: sad (confidence: 0.90)
2025-12-02 22:09:30 | INFO     | emotion_detector | Detected emotion: sad (confidence: 0.87)
2025-12-02 22:09:33 | INFO     | emotion_detector | Detected emotion: sad (confidence: 0.88)
2025-12-02 22:09:36 | INFO     | emotion_detector | Detected emotion: sad (confidence: 0.86)
2025-12-02 22:09:39 | INFO     | emotion_detector | Detected emotion: sad (confidence: 0.86)
2025-12-02 22:09:42 | INFO     | emotion_detector | Detected emotion: sad (confidence: 0.66)
2025-12-02 22:09:45 | INFO     | emotion_detector | Detected emotion: sad (confidence: 0.96)
2025-12-02 22:09:47 | INFO     | emotion_detector | Detected emotion: sad (confidence: 0.59)
2025-12-02 22:09:51 | INFO     | emotion_detector | Detected emotion: sad (confidence: 0.70)
2025-12-02 22:09:53 | INFO     | emotion_detector | Detected emotion: sad (confidence: 0.79)
2025-12-02 22:09:56 | INFO     | emotion_detector | Detected emotion: sad (confidence: 0.95)
2025-12-02 22:09:59 | INFO     | emotion_detector | Detected emotion: sad (confidence: 0.92)
2025-12-02 22:10:02 | INFO     | emotion_detector | Detected emotion: sad (confidence: 0.94)
2025-12-02 22:10:05 | INFO     | emotion_detector | Detected emotion: sad (confidence: 0.95)
2025-12-02 22:10:08 | INFO     | emotion_detector | Detected emotion: sad (confidence: 0.78)
2025-12-02 22:10:11 | INFO     | emotion_detector | Detected emotion: sad (confidence: 0.72)
2025-12-02 22:10:14 | INFO     | emotion_detector | Detected emotion: sad (confidence: 0.85)
2025-12-02 22:10:17 | INFO     | emotion_detector | Detected emotion: sad (confidence: 0.72)
2025-12-02 22:10:20 | INFO     | emotion_detector | Detected emotion: sad (confidence: 0.92)
2025-12-02 22:10:22 | INFO     | emotion_detector | Detected emotion: sad (confidence: 0.89)
2025-12-02 22:10:25 | INFO     | emotion_detector | Detected emotion: sad (confidence: 0.75)
2025-12-02 22:10:28 | INFO     | emotion_detector | Detected emotion: sad (confidence: 0.89)
2025-12-02 22:10:31 | INFO     | emotion_detector | Detected emotion: sad (confidence: 0.92)
2025-12-02 22:10:34 | INFO     | emotion_detector | Detected emotion: sad (confidence: 0.85)
2025-12-02 22:10:37 | INFO     | emotion_detector | Detected emotion: sad (confidence: 0.85)
2025-12-02 22:10:40 | INFO     | emotion_detector | Detected emotion: sad (confidence: 0.84)
2025-12-02 22:10:43 | INFO     | emotion_detector | Detected emotion: sad (confidence: 0.91)
2025-12-02 22:10:46 | INFO     | emotion_detector | Detected emotion: sad (confidence: 0.91)
2025-12-02 22:10:49 | INFO     | emotion_detector | Detected emotion: sad (confidence: 0.82)
2025-12-02 22:10:52 | INFO     | emotion_detector | Detected emotion: sad (confidence: 0.76)
2025-12-02 22:10:55 | INFO     | emotion_detector | Detected emotion: sad (confidence: 0.95)
2025-12-02 22:10:58 | INFO     | emotion_detector | Detected emotion: sad (confidence: 0.82)
2025-12-02 22:11:00 | INFO     | emotion_detector | Detected emotion: sad (confidence: 0.94)
2025-12-02 22:11:03 | INFO     | emotion_detector | Detected emotion: sad (confidence: 0.95)
2025-12-02 22:11:06 | INFO     | emotion_detector | Detected emotion: sad (confidence: 0.98)
2025-12-02 22:11:09 | INFO     | emotion_detector | Detected emotion: sad (confidence: 0.92)
2025-12-02 22:11:12 | INFO     | emotion_detector | Detected emotion: sad (confidence: 0.90)
2025-12-02 22:11:15 | INFO     | emotion_detector | Detected emotion: sad (confidence: 0.77)
2025-12-02 22:11:18 | INFO     | emotion_detector | Detected emotion: sad (confidence: 0.91)
2025-12-02 22:11:21 | INFO     | emotion_detector | Detected emotion: sad (confidence: 0.68)
2025-12-02 22:11:24 | INFO     | emotion_detector | Detected emotion: sad (confidence: 0.97)
2025-12-02 22:11:27 | INFO     | emotion_detector | Detected emotion: sad (confidence: 0.94)
2025-12-02 22:11:30 | INFO     | emotion_detector | Detected emotion: sad (confidence: 0.65)
2025-12-02 22:11:32 | INFO     | emotion_detector | Detected emotion: sad (confidence: 0.74)
2025-12-02 22:11:35 | INFO     | emotion_detector | Detected emotion: sad (confidence: 0.78)
2025-12-02 22:11:38 | INFO     | emotion_detector | Detected emotion: sad (confidence: 0.88)
2025-12-02 22:11:41 | INFO     | emotion_detector | Detected emotion: sad (confidence: 0.65)
2025-12-02 22:11:44 | INFO     | emotion_detector | Detected emotion: sad (confidence: 0.95)
2025-12-02 22:11:47 | INFO     | emotion_detector | Detected emotion: sad (confidence: 0.68)
2025-12-02 22:11:50 | INFO     | emotion_detector | Detected emotion: sad (confidence: 0.95)
2025-12-02 22:11:53 | INFO     | emotion_detector | Detected emotion: sad (confidence: 0.96)
2025-12-02 22:11:56 | INFO     | emotion_detector | Detected emotion: sad (confidence: 0.74)
2025-12-02 22:11:59 | INFO     | emotion_detector | Detected emotion: sad (confidence: 0.96)
2025-12-02 22:12:01 | INFO     | emotion_detector | Detected emotion: sad (confidence: 0.74)
2025-12-02 22:12:04 | INFO     | emotion_detector | Detected emotion: sad (confidence: 0.71)
2025-12-02 22:12:07 | INFO     | emotion_detector | Detected emotion: sad (confidence: 0.69)
2025-12-02 22:12:10 | INFO     | emotion_detector | Detected emotion: sad (confidence: 0.83)
2025-12-02 22:12:13 | INFO     | emotion_detector | Detected emotion: sad (confidence: 0.98)
2025-12-02 22:12:16 | INFO     | emotion_detector | Detected emotion: sad (confidence: 0.71)
2025-12-02 22:12:19 | INFO     | emotion_detector | Detected emotion: sad (confidence: 0.74)
2025-12-02 22:12:22 | INFO     | emotion_detector | Detected emotion: sad (confidence: 0.85)
2025-12-02 22:12:25 | INFO     | emotion_detector | Detected emotion: sad (confidence: 0.84)
2025-12-02 22:12:28 | INFO     | emotion_detector | Detected emotion: sad (confidence: 0.91)
2025-12-02 22:12:31 | INFO     | emotion_detector | Detected emotion: sad (confidence: 0.93)
2025-12-02 22:12:34 | INFO     | emotion_detector | Detected emotion: sad (confidence: 0.82)
2025-12-02 22:12:36 | INFO     | emotion_detector | Detected emotion: sad (confidence: 0.86)
2025-12-02 22:12:40 | INFO     | emotion_detector | Detected emotion: sad (confidence: 0.88)
2025-12-02 22:12:42 | INFO     | emotion_detector | Detected emotion: sad (confidence: 0.81)
2025-12-02 22:12:45 | INFO     | emotion_detector | Detected emotion: sad (confidence: 0.96)
2025-12-02 22:12:48 | INFO     | emotion_detector | Detected emotion: sad (confidence: 0.76)
2025-12-02 22:12:51 | INFO     | emotion_detector | Detected emotion: sad (confidence: 0.93)
2025-12-02 22:12:54 | INFO     | emotion_detector | Detected emotion: sad (confidence: 0.91)
2025-12-02 22:12:57 | INFO     | emotion_detector | Detected emotion: sad (confidence: 0.84)
2025-12-02 22:13:00 | INFO     | emotion_detector | Detected emotion: sad (confidence: 0.59)
2025-12-02 22:13:03 | INFO     | emotion_detector | Detected emotion: sad (confidence: 0.88)
2025-12-02 22:13:06 | INFO     | emotion_detector | Detected emotion: sad (confidence: 0.96)
2025-12-02 22:13:09 | INFO     | emotion_detector | Detected emotion: sad (confidence: 0.87)
2025-12-02 22:13:11 | INFO     | emotion_detector | Detected emotion: sad (confidence: 0.89)
2025-12-02 22:13:14 | INFO     | emotion_detector | Detected emotion: sad (confidence: 0.93)
2025-12-02 22:13:17 | INFO     | emotion_detector | Detected emotion: sad (confidence: 0.87)
2025-12-02 22:13:20 | INFO     | emotion_detector | Detected emotion: sad (confidence: 0.61)
2025-12-02 22:13:23 | INFO     | emotion_detector | Detected emotion: sad (confidence: 0.73)
2025-12-02 22:13:26 | INFO     | emotion_detector | Detected emotion: sad (confidence: 0.93)
2025-12-02 22:13:29 | INFO     | emotion_detector | Detected emotion: sad (confidence: 0.66)
2025-12-02 22:13:32 | INFO     | emotion_detector | Detected emotion: sad (confidence: 0.77)
2025-12-02 22:13:35 | INFO     | emotion_detector | Detected emotion: sad (confidence: 0.89)
2025-12-02 22:13:38 | INFO     | emotion_detector | Detected emotion: sad (confidence: 0.71)
2025-12-02 22:13:41 | INFO     | emotion_detector | Detected emotion: sad (confidence: 0.90)
2025-12-02 22:13:44 | INFO     | emotion_detector | Detected emotion: sad (confidence: 0.71)
2025-12-02 22:13:46 | INFO     | emotion_detector | Detected emotion: sad (confidence: 0.82)
2025-12-02 22:13:49 | INFO     | emotion_detector | Detected emotion: sad (confidence: 0.92)
2025-12-02 22:13:52 | INFO     | emotion_detector | Detected emotion: sad (confidence: 0.83)
2025-12-02 22:13:55 | INFO     | emotion_detector | Detected emotion: sad (confidence: 0.54)
2025-12-02 22:13:58 | INFO     | emotion_detector | Detected emotion: sad (confidence: 0.82)
2025-12-02 22:14:01 | INFO     | emotion_detector | Detected emotion: sad (confidence: 0.87)
2025-12-02 22:14:04 | INFO     | emotion_detector | Detected emotion: sad (confidence: 0.57)
2025-12-02 22:14:07 | INFO     | emotion_detector | Detected emotion: sad (confidence: 0.85)
2025-12-02 22:14:10 | INFO     | emotion_detector | Detected emotion: sad (confidence: 0.88)
2025-12-02 22:14:13 | INFO     | emotion_detector | Detected emotion: sad (confidence: 0.63)
2025-12-02 22:14:16 | INFO     | emotion_detector | Detected emotion: sad (confidence: 0.71)
2025-12-02 22:14:19 | INFO     | emotion_detector | Detected emotion: sad (confidence: 0.86)
2025-12-02 22:14:21 | INFO     | emotion_detector | Detected emotion: sad (confidence: 0.83)
2025-12-02 22:14:25 | INFO     | emotion_detector | Detected emotion: sad (confidence: 0.90)
2025-12-02 22:14:27 | INFO     | emotion_detector | Detected emotion: sad (confidence: 0.88)
2025-12-02 22:14:30 | INFO     | emotion_detector | Detected emotion: sad (confidence: 0.62)
2025-12-02 22:14:33 | INFO     | emotion_detector | Detected emotion: sad (confidence: 0.82)
2025-12-02 22:14:36 | INFO     | emotion_detector | Detected emotion: sad (confidence: 0.88)
2025-12-02 22:14:39 | INFO     | emotion_detector | Detected emotion: sad (confidence: 0.61)
2025-12-02 22:14:42 | INFO     | emotion_detector | Detected emotion: sad (confidence: 0.80)
2025-12-02 22:14:45 | INFO     | emotion_detector | Detected emotion: sad (confidence: 0.59)
2025-12-02 22:14:48 | INFO     | emotion_detector | Detected emotion: sad (confidence: 0.61)
2025-12-02 22:14:51 | INFO     | emotion_detector | Detected emotion: sad (confidence: 0.62)
2025-12-02 22:14:54 | INFO     | emotion_detector | Detected emotion: angry (confidence: 0.56)
2025-12-02 22:14:57 | INFO     | emotion_detector | Detected emotion: sad (confidence: 0.68)
2025-12-02 22:15:00 | INFO     | emotion_detector | Detected emotion: sad (confidence: 0.75)
2025-12-02 22:15:02 | INFO     | emotion_detector | Detected emotion: sad (confidence: 0.75)
2025-12-02 22:15:05 | INFO     | emotion_detector | Detected emotion: sad (confidence: 0.94)
2025-12-02 22:15:08 | INFO     | emotion_detector | Detected emotion: sad (confidence: 0.88)
2025-12-02 22:15:11 | INFO     | emotion_detector | Detected emotion: sad (confidence: 0.96)
2025-12-02 22:15:14 | INFO     | emotion_detector | Detected emotion: sad (confidence: 0.77)
2025-12-02 22:15:17 | INFO     | emotion_detector | Detected emotion: sad (confidence: 0.69)
2025-12-02 22:15:20 | INFO     | emotion_detector | Detected emotion: sad (confidence: 0.80)
2025-12-02 22:15:23 | INFO     | emotion_detector | Detected emotion: sad (confidence: 0.79)
2025-12-02 22:15:26 | INFO     | emotion_detector | Detected emotion: sad (confidence: 0.87)
2025-12-02 22:15:29 | INFO     | emotion_detector | Detected emotion: sad (confidence: 0.84)
2025-12-02 22:15:31 | INFO     | emotion_detector | Detected emotion: sad (confidence: 0.86)
2025-12-02 22:15:34 | INFO     | emotion_detector | Detected emotion: sad (confidence: 0.68)
2025-12-02 22:15:37 | INFO     | emotion_detector | Detected emotion: sad (confidence: 0.69)
2025-12-02 22:15:40 | INFO     | emotion_detector | Detected emotion: sad (confidence: 0.96)
2025-12-02 22:15:43 | INFO     | emotion_detector | Detected emotion: sad (confidence: 0.90)
2025-12-02 22:15:46 | INFO     | emotion_detector | Detected emotion: sad (confidence: 0.82)
2025-12-02 22:15:49 | INFO     | emotion_detector | Detected emotion: sad (confidence: 0.76)
2025-12-02 22:15:52 | INFO     | emotion_detector | Detected emotion: sad (confidence: 0.85)
2025-12-02 22:15:55 | INFO     | emotion_detector | Detected emotion: sad (confidence: 0.98)
2025-12-02 22:15:58 | INFO     | emotion_detector | Detected emotion: sad (confidence: 0.60)
2025-12-02 22:16:00 | INFO     | emotion_detector | Detected emotion: sad (confidence: 0.97)
2025-12-02 22:16:03 | INFO     | emotion_detector | Detected emotion: sad (confidence: 0.87)
2025-12-02 22:16:06 | INFO     | emotion_detector | Detected emotion: sad (confidence: 0.74)
2025-12-02 22:16:09 | INFO     | emotion_detector | Detected emotion: sad (confidence: 0.74)
2025-12-02 22:16:12 | INFO     | emotion_detector | Detected emotion: sad (confidence: 0.98)
2025-12-02 22:16:15 | INFO     | emotion_detector | Detected emotion: sad (confidence: 0.66)
2025-12-02 22:16:18 | INFO     | emotion_detector | Detected emotion: sad (confidence: 0.96)
2025-12-02 22:16:21 | INFO     | emotion_detector | Detected emotion: sad (confidence: 0.94)
2025-12-02 22:16:24 | INFO     | emotion_detector | Detected emotion: sad (confidence: 0.98)
2025-12-02 22:16:27 | INFO     | emotion_detector | Detected emotion: sad (confidence: 0.99)
2025-12-02 22:16:30 | INFO     | emotion_detector | Detected emotion: sad (confidence: 0.65)
2025-12-02 22:16:33 | INFO     | emotion_detector | Detected emotion: sad (confidence: 0.64)
2025-12-02 22:16:35 | INFO     | emotion_detector | Detected emotion: sad (confidence: 0.76)
2025-12-02 22:16:39 | INFO     | emotion_detector | Detected emotion: sad (confidence: 0.69)
2025-12-02 22:16:41 | INFO     | emotion_detector | Detected emotion: sad (confidence: 0.93)
2025-12-02 22:16:44 | INFO     | emotion_detector | Detected emotion: sad (confidence: 0.86)
2025-12-02 22:16:47 | INFO     | emotion_detector | Detected emotion: sad (confidence: 0.86)
2025-12-02 22:16:50 | INFO     | emotion_detector | Detected emotion: sad (confidence: 0.86)
2025-12-02 22:16:53 | INFO     | emotion_detector | Detected emotion: sad (confidence: 0.77)
2025-12-02 22:16:56 | INFO     | emotion_detector | Detected emotion: sad (confidence: 0.94)
2025-12-02 22:16:59 | INFO     | emotion_detector | Detected emotion: sad (confidence: 0.88)
2025-12-02 22:17:02 | INFO     | emotion_detector | Detected emotion: sad (confidence: 0.71)
2025-12-02 22:17:05 | INFO     | emotion_detector | Detected emotion: sad (confidence: 0.90)
2025-12-02 22:17:08 | INFO     | emotion_detector | Detected emotion: sad (confidence: 0.79)
2025-12-02 22:17:11 | INFO     | emotion_detector | Detected emotion: sad (confidence: 0.71)
2025-12-02 22:17:14 | INFO     | emotion_detector | Detected emotion: sad (confidence: 0.93)
2025-12-02 22:17:16 | INFO     | emotion_detector | Detected emotion: sad (confidence: 0.78)
2025-12-02 22:17:19 | INFO     | emotion_detector | Detected emotion: sad (confidence: 0.80)
2025-12-02 22:17:22 | INFO     | emotion_detector | Detected emotion: sad (confidence: 0.95)
2025-12-02 22:17:25 | INFO     | emotion_detector | Detected emotion: sad (confidence: 0.92)
2025-12-02 22:17:28 | INFO     | emotion_detector | Detected emotion: sad (confidence: 0.93)
2025-12-02 22:17:31 | INFO     | emotion_detector | Detected emotion: sad (confidence: 0.68)
2025-12-02 22:17:34 | INFO     | emotion_detector | Detected emotion: sad (confidence: 0.71)
2025-12-02 22:17:37 | INFO     | emotion_detector | Detected emotion: sad (confidence: 0.87)
2025-12-02 22:17:40 | INFO     | emotion_detector | Detected emotion: sad (confidence: 0.84)
2025-12-02 22:17:43 | INFO     | emotion_detector | Detected emotion: sad (confidence: 0.88)
2025-12-02 22:17:46 | INFO     | emotion_detector | Detected emotion: sad (confidence: 0.78)
2025-12-02 22:17:49 | INFO     | emotion_detector | Detected emotion: sad (confidence: 0.67)
2025-12-02 22:17:51 | INFO     | emotion_detector | Detected emotion: sad (confidence: 0.72)
2025-12-02 22:17:54 | INFO     | emotion_detector | Detected emotion: sad (confidence: 0.93)
2025-12-02 22:17:57 | INFO     | emotion_detector | Detected emotion: sad (confidence: 0.74)
2025-12-02 22:18:00 | INFO     | emotion_detector | Detected emotion: sad (confidence: 0.88)
2025-12-02 22:18:03 | INFO     | emotion_detector | Detected emotion: sad (confidence: 0.79)
2025-12-02 22:18:06 | INFO     | emotion_detector | Detected emotion: sad (confidence: 0.92)
2025-12-02 22:18:09 | INFO     | emotion_detector | Detected emotion: sad (confidence: 0.94)
2025-12-02 22:18:12 | INFO     | emotion_detector | Detected emotion: sad (confidence: 0.91)
2025-12-02 22:18:15 | INFO     | emotion_detector | Detected emotion: sad (confidence: 0.92)
2025-12-02 22:18:18 | INFO     | emotion_detector | Detected emotion: sad (confidence: 0.71)
2025-12-02 22:18:21 | INFO     | emotion_detector | Detected emotion: sad (confidence: 0.87)
2025-12-02 22:18:23 | INFO     | emotion_detector | Detected emotion: sad (confidence: 0.95)
2025-12-02 22:18:26 | INFO     | emotion_detector | Detected emotion: sad (confidence: 0.76)
2025-12-02 22:18:29 | INFO     | emotion_detector | Detected emotion: sad (confidence: 0.95)
2025-12-02 22:18:32 | INFO     | emotion_detector | Detected emotion: sad (confidence: 0.70)
2025-12-02 22:18:35 | INFO     | emotion_detector | Detected emotion: sad (confidence: 0.85)
2025-12-02 22:18:38 | INFO     | emotion_detector | Detected emotion: sad (confidence: 0.70)
2025-12-02 22:18:41 | INFO     | emotion_detector | Detected emotion: sad (confidence: 0.80)
2025-12-02 22:18:44 | INFO     | emotion_detector | Detected emotion: sad (confidence: 0.82)
2025-12-02 22:18:47 | INFO     | emotion_detector | Detected emotion: sad (confidence: 0.94)
2025-12-02 22:18:50 | INFO     | emotion_detector | Detected emotion: sad (confidence: 0.86)
2025-12-02 22:18:53 | INFO     | emotion_detector | Detected emotion: sad (confidence: 0.92)
2025-12-02 22:18:56 | INFO     | emotion_detector | Detected emotion: sad (confidence: 0.92)
2025-12-02 22:18:58 | INFO     | emotion_detector | Detected emotion: sad (confidence: 0.86)
2025-12-02 22:19:01 | INFO     | emotion_detector | Detected emotion: sad (confidence: 0.79)
2025-12-02 22:19:04 | INFO     | emotion_detector | Detected emotion: sad (confidence: 0.89)
2025-12-02 22:19:07 | INFO     | emotion_detector | Detected emotion: sad (confidence: 0.91)
2025-12-02 22:19:10 | INFO     | emotion_detector | Detected emotion: sad (confidence: 0.97)
2025-12-02 22:19:13 | INFO     | emotion_detector | Detected emotion: sad (confidence: 0.85)
2025-12-02 22:19:16 | INFO     | emotion_detector | Detected emotion: sad (confidence: 0.95)
2025-12-02 22:19:19 | INFO     | emotion_detector | Detected emotion: sad (confidence: 0.69)
2025-12-02 22:19:22 | INFO     | emotion_detector | Detected emotion: sad (confidence: 0.42)
2025-12-02 22:19:25 | INFO     | emotion_detector | Detected emotion: sad (confidence: 0.92)
2025-12-02 22:19:28 | INFO     | emotion_detector | Detected emotion: sad (confidence: 0.92)
2025-12-02 22:19:31 | INFO     | emotion_detector | Detected emotion: sad (confidence: 0.89)
2025-12-02 22:19:34 | INFO     | emotion_detector | Detected emotion: sad (confidence: 0.94)
2025-12-02 22:19:37 | INFO     | emotion_detector | Detected emotion: sad (confidence: 0.83)
2025-12-02 22:19:40 | INFO     | emotion_detector | Detected emotion: sad (confidence: 0.85)
2025-12-02 22:19:42 | INFO     | emotion_detector | Detected emotion: sad (confidence: 0.86)
2025-12-02 22:19:45 | INFO     | emotion_detector | Detected emotion: sad (confidence: 0.89)
2025-12-02 22:19:48 | INFO     | emotion_detector | Detected emotion: sad (confidence: 0.94)
2025-12-02 22:19:51 | INFO     | emotion_detector | Detected emotion: sad (confidence: 0.86)
2025-12-02 22:19:54 | INFO     | emotion_detector | Detected emotion: sad (confidence: 0.88)
2025-12-02 22:19:57 | INFO     | emotion_detector | Detected emotion: sad (confidence: 0.68)
2025-12-02 22:20:00 | INFO     | emotion_detector | Detected emotion: sad (confidence: 0.75)
2025-12-02 22:20:03 | INFO     | emotion_detector | Detected emotion: sad (confidence: 0.66)
2025-12-02 22:20:06 | INFO     | emotion_detector | Detected emotion: sad (confidence: 0.77)
2025-12-02 22:20:09 | INFO     | emotion_detector | Detected emotion: sad (confidence: 0.93)
2025-12-02 22:20:12 | INFO     | emotion_detector | Detected emotion: sad (confidence: 0.89)
2025-12-02 22:20:15 | INFO     | emotion_detector | Detected emotion: sad (confidence: 0.84)
2025-12-02 22:20:17 | INFO     | emotion_detector | Detected emotion: sad (confidence: 0.66)
2025-12-02 22:20:20 | INFO     | emotion_detector | Detected emotion: sad (confidence: 0.83)
2025-12-02 22:20:23 | INFO     | emotion_detector | Detected emotion: sad (confidence: 0.84)
2025-12-02 22:20:26 | INFO     | emotion_detector | Detected emotion: sad (confidence: 0.91)
2025-12-02 22:20:29 | INFO     | emotion_detector | Detected emotion: sad (confidence: 0.90)
2025-12-02 22:20:32 | INFO     | emotion_detector | Detected emotion: sad (confidence: 0.95)
2025-12-02 22:20:35 | INFO     | emotion_detector | Detected emotion: sad (confidence: 0.91)
2025-12-02 22:20:38 | INFO     | emotion_detector | Detected emotion: sad (confidence: 0.73)
2025-12-02 22:20:41 | INFO     | emotion_detector | Detected emotion: sad (confidence: 0.88)
2025-12-02 22:20:44 | INFO     | emotion_detector | Detected emotion: sad (confidence: 0.93)
2025-12-02 22:20:47 | INFO     | emotion_detector | Detected emotion: sad (confidence: 0.87)
2025-12-02 22:20:50 | INFO     | emotion_detector | Detected emotion: sad (confidence: 0.89)
2025-12-02 22:20:53 | INFO     | emotion_detector | Detected emotion: sad (confidence: 0.89)
2025-12-02 22:20:56 | INFO     | emotion_detector | Detected emotion: sad (confidence: 0.90)
2025-12-02 22:20:58 | INFO     | emotion_detector | Detected emotion: sad (confidence: 0.92)
2025-12-02 22:21:01 | INFO     | emotion_detector | Detected emotion: sad (confidence: 0.87)
2025-12-02 22:21:04 | INFO     | emotion_detector | Detected emotion: sad (confidence: 0.93)
2025-12-02 22:21:07 | INFO     | emotion_detector | Detected emotion: sad (confidence: 0.93)
2025-12-02 22:21:10 | INFO     | emotion_detector | Detected emotion: sad (confidence: 0.94)
2025-12-02 22:21:13 | INFO     | emotion_detector | Detected emotion: sad (confidence: 0.94)
2025-12-02 22:21:16 | INFO     | emotion_detector | Detected emotion: sad (confidence: 0.86)
2025-12-02 22:21:19 | INFO     | emotion_detector | Detected emotion: sad (confidence: 0.94)
2025-12-02 22:21:22 | INFO     | emotion_detector | Detected emotion: sad (confidence: 0.95)
2025-12-02 22:21:25 | INFO     | emotion_detector | Detected emotion: sad (confidence: 0.97)
2025-12-02 22:21:28 | INFO     | emotion_detector | Detected emotion: sad (confidence: 0.82)
2025-12-02 22:21:31 | INFO     | emotion_detector | Detected emotion: sad (confidence: 0.96)
2025-12-02 22:21:33 | INFO     | emotion_detector | Detected emotion: sad (confidence: 0.90)
2025-12-02 22:21:36 | INFO     | emotion_detector | Detected emotion: sad (confidence: 0.89)
2025-12-02 22:21:39 | INFO     | emotion_detector | Detected emotion: sad (confidence: 0.91)
2025-12-02 22:21:42 | INFO     | emotion_detector | Detected emotion: sad (confidence: 0.91)
2025-12-02 22:21:45 | INFO     | emotion_detector | Detected emotion: sad (confidence: 0.96)
2025-12-02 22:21:48 | INFO     | emotion_detector | Detected emotion: sad (confidence: 0.84)
2025-12-02 22:21:51 | INFO     | emotion_detector | Detected emotion: sad (confidence: 0.74)
2025-12-02 22:21:54 | INFO     | emotion_detector | Detected emotion: sad (confidence: 0.89)
2025-12-02 22:21:57 | INFO     | emotion_detector | Detected emotion: sad (confidence: 0.91)
2025-12-02 22:22:00 | INFO     | emotion_detector | Detected emotion: sad (confidence: 0.77)
2025-12-02 22:22:03 | INFO     | emotion_detector | Detected emotion: sad (confidence: 0.91)
2025-12-02 22:22:06 | INFO     | emotion_detector | Detected emotion: sad (confidence: 0.83)
2025-12-02 22:22:08 | INFO     | emotion_detector | Detected emotion: sad (confidence: 0.93)
2025-12-02 22:22:12 | INFO     | emotion_detector | Detected emotion: sad (confidence: 0.94)
2025-12-02 22:22:14 | INFO     | emotion_detector | Detected emotion: sad (confidence: 0.78)
2025-12-02 22:22:17 | INFO     | emotion_detector | Detected emotion: sad (confidence: 0.87)
2025-12-02 22:22:20 | INFO     | emotion_detector | Detected emotion: sad (confidence: 0.89)
2025-12-02 22:22:23 | INFO     | emotion_detector | Detected emotion: sad (confidence: 0.77)
2025-12-02 22:22:26 | INFO     | emotion_detector | Detected emotion: sad (confidence: 0.86)
2025-12-02 22:22:29 | INFO     | emotion_detector | Detected emotion: sad (confidence: 0.94)
2025-12-02 22:22:32 | INFO     | emotion_detector | Detected emotion: sad (confidence: 0.96)
2025-12-02 22:22:35 | INFO     | emotion_detector | Detected emotion: sad (confidence: 0.94)
2025-12-02 22:22:38 | INFO     | emotion_detector | Detected emotion: sad (confidence: 0.93)
2025-12-02 22:22:41 | INFO     | emotion_detector | Detected emotion: sad (confidence: 0.91)
2025-12-02 22:22:43 | INFO     | emotion_detector | Detected emotion: sad (confidence: 0.90)
2025-12-02 22:22:46 | INFO     | emotion_detector | Detected emotion: sad (confidence: 0.95)
2025-12-02 22:22:49 | INFO     | emotion_detector | Detected emotion: sad (confidence: 0.80)
2025-12-02 22:22:52 | INFO     | emotion_detector | Detected emotion: sad (confidence: 0.96)
2025-12-02 22:22:55 | INFO     | emotion_detector | Detected emotion: sad (confidence: 0.95)
2025-12-02 22:22:58 | INFO     | emotion_detector | Detected emotion: sad (confidence: 0.93)
2025-12-02 22:23:01 | INFO     | emotion_detector | Detected emotion: sad (confidence: 0.93)
2025-12-02 22:23:04 | INFO     | emotion_detector | Detected emotion: sad (confidence: 0.94)
2025-12-02 22:23:07 | INFO     | emotion_detector | Detected emotion: sad (confidence: 0.90)
2025-12-02 22:23:10 | INFO     | emotion_detector | Detected emotion: sad (confidence: 0.79)
2025-12-02 22:23:13 | INFO     | emotion_detector | Detected emotion: sad (confidence: 0.92)
2025-12-02 22:23:16 | INFO     | emotion_detector | Detected emotion: sad (confidence: 0.88)
2025-12-02 22:23:18 | INFO     | emotion_detector | Detected emotion: sad (confidence: 0.92)
2025-12-02 22:23:21 | INFO     | emotion_detector | Detected emotion: sad (confidence: 0.88)
2025-12-02 22:23:24 | INFO     | emotion_detector | Detected emotion: sad (confidence: 0.95)
2025-12-02 22:23:27 | INFO     | emotion_detector | Detected emotion: sad (confidence: 0.96)
2025-12-02 22:23:30 | INFO     | emotion_detector | Detected emotion: sad (confidence: 0.76)
2025-12-02 22:23:33 | INFO     | emotion_detector | Detected emotion: sad (confidence: 0.96)
2025-12-02 22:23:36 | INFO     | emotion_detector | Detected emotion: sad (confidence: 0.91)
2025-12-02 22:23:39 | INFO     | emotion_detector | Detected emotion: sad (confidence: 0.95)
2025-12-02 22:23:42 | INFO     | emotion_detector | Detected emotion: sad (confidence: 0.90)
2025-12-02 22:23:45 | INFO     | emotion_detector | Detected emotion: sad (confidence: 0.91)
2025-12-02 22:23:47 | INFO     | emotion_detector | Detected emotion: sad (confidence: 0.89)
2025-12-02 22:23:51 | INFO     | emotion_detector | Detected emotion: sad (confidence: 0.93)
2025-12-02 22:23:53 | INFO     | emotion_detector | Detected emotion: sad (confidence: 0.90)
2025-12-02 22:23:56 | INFO     | emotion_detector | Detected emotion: sad (confidence: 0.88)
2025-12-02 22:23:59 | INFO     | emotion_detector | Detected emotion: sad (confidence: 0.89)
2025-12-02 22:24:02 | INFO     | emotion_detector | Detected emotion: sad (confidence: 0.87)
2025-12-02 22:24:05 | INFO     | emotion_detector | Detected emotion: sad (confidence: 0.88)
2025-12-02 22:24:08 | INFO     | emotion_detector | Detected emotion: sad (confidence: 0.83)
2025-12-02 22:24:11 | INFO     | emotion_detector | Detected emotion: sad (confidence: 0.90)
2025-12-02 22:24:14 | INFO     | emotion_detector | Detected emotion: sad (confidence: 0.87)
2025-12-02 22:24:17 | INFO     | emotion_detector | Detected emotion: sad (confidence: 0.87)
2025-12-02 22:24:20 | INFO     | emotion_detector | Detected emotion: sad (confidence: 0.93)
2025-12-02 22:24:22 | INFO     | emotion_detector | Detected emotion: sad (confidence: 0.90)
2025-12-02 22:24:26 | INFO     | emotion_detector | Detected emotion: sad (confidence: 0.88)
2025-12-02 22:24:28 | INFO     | emotion_detector | Detected emotion: sad (confidence: 0.88)
2025-12-02 22:24:31 | INFO     | emotion_detector | Detected emotion: sad (confidence: 0.90)
2025-12-02 22:24:34 | INFO     | emotion_detector | Detected emotion: sad (confidence: 0.79)
2025-12-02 22:24:37 | INFO     | emotion_detector | Detected emotion: sad (confidence: 0.85)
2025-12-02 22:24:40 | INFO     | emotion_detector | Detected emotion: sad (confidence: 0.90)
2025-12-02 22:24:43 | INFO     | emotion_detector | Detected emotion: sad (confidence: 0.95)
2025-12-02 22:24:46 | INFO     | emotion_detector | Detected emotion: sad (confidence: 0.78)
2025-12-02 22:24:49 | INFO     | emotion_detector | Detected emotion: sad (confidence: 0.90)
2025-12-02 22:24:52 | INFO     | emotion_detector | Detected emotion: sad (confidence: 0.85)
2025-12-02 22:24:55 | INFO     | emotion_detector | Detected emotion: sad (confidence: 0.94)
2025-12-02 22:24:58 | INFO     | emotion_detector | Detected emotion: sad (confidence: 0.75)
2025-12-02 22:25:01 | INFO     | emotion_detector | Detected emotion: sad (confidence: 0.94)
2025-12-02 22:25:03 | INFO     | emotion_detector | Detected emotion: sad (confidence: 0.88)
2025-12-02 22:25:06 | INFO     | emotion_detector | Detected emotion: sad (confidence: 0.88)
2025-12-02 22:25:09 | INFO     | emotion_detector | Detected emotion: sad (confidence: 0.93)
2025-12-02 22:25:12 | INFO     | emotion_detector | Detected emotion: sad (confidence: 0.85)
2025-12-02 22:25:15 | INFO     | emotion_detector | Detected emotion: sad (confidence: 0.91)
2025-12-02 22:25:18 | INFO     | emotion_detector | Detected emotion: sad (confidence: 0.95)
2025-12-02 22:25:21 | INFO     | emotion_detector | Detected emotion: sad (confidence: 0.90)
2025-12-02 22:25:24 | INFO     | emotion_detector | Detected emotion: sad (confidence: 0.92)
2025-12-02 22:25:27 | INFO     | emotion_detector | Detected emotion: sad (confidence: 0.78)
2025-12-02 22:25:30 | INFO     | emotion_detector | Detected emotion: sad (confidence: 0.91)
2025-12-02 22:25:33 | INFO     | emotion_detector | Detected emotion: sad (confidence: 0.84)
2025-12-02 22:25:36 | INFO     | emotion_detector | Detected emotion: sad (confidence: 0.83)
2025-12-02 22:25:38 | INFO     | emotion_detector | Detected emotion: sad (confidence: 0.94)
2025-12-02 22:25:41 | INFO     | emotion_detector | Detected emotion: sad (confidence: 0.92)
2025-12-02 22:25:44 | INFO     | emotion_detector | Detected emotion: sad (confidence: 0.86)
2025-12-02 22:25:47 | INFO     | emotion_detector | Detected emotion: sad (confidence: 0.92)
2025-12-02 22:25:50 | INFO     | emotion_detector | Detected emotion: sad (confidence: 0.81)
2025-12-02 22:25:53 | INFO     | emotion_detector | Detected emotion: sad (confidence: 0.94)
2025-12-02 22:25:56 | INFO     | emotion_detector | Detected emotion: sad (confidence: 0.98)
2025-12-02 22:25:59 | INFO     | emotion_detector | Detected emotion: sad (confidence: 0.97)
2025-12-02 22:26:02 | INFO     | emotion_detector | Detected emotion: sad (confidence: 0.88)
2025-12-02 22:26:05 | INFO     | emotion_detector | Detected emotion: sad (confidence: 0.93)
2025-12-02 22:26:08 | INFO     | emotion_detector | Detected emotion: sad (confidence: 0.82)
2025-12-02 22:26:10 | INFO     | emotion_detector | Detected emotion: sad (confidence: 0.80)
2025-12-02 22:26:13 | INFO     | emotion_detector | Detected emotion: sad (confidence: 0.89)
2025-12-02 22:26:16 | INFO     | emotion_detector | Detected emotion: sad (confidence: 0.90)
2025-12-02 22:26:19 | INFO     | emotion_detector | Detected emotion: sad (confidence: 0.80)
2025-12-02 22:26:22 | INFO     | emotion_detector | Detected emotion: sad (confidence: 0.91)
2025-12-02 22:26:25 | INFO     | emotion_detector | Detected emotion: sad (confidence: 0.81)
2025-12-02 22:26:28 | INFO     | emotion_detector | Detected emotion: sad (confidence: 0.75)
2025-12-02 22:26:31 | INFO     | emotion_detector | Detected emotion: sad (confidence: 0.94)
2025-12-02 22:26:34 | INFO     | emotion_detector | Detected emotion: sad (confidence: 0.77)
2025-12-02 22:26:37 | INFO     | emotion_detector | Detected emotion: sad (confidence: 0.89)
2025-12-02 22:26:40 | INFO     | emotion_detector | Detected emotion: sad (confidence: 0.92)
2025-12-02 22:26:43 | INFO     | emotion_detector | Detected emotion: sad (confidence: 0.85)
2025-12-02 22:26:46 | INFO     | emotion_detector | Detected emotion: sad (confidence: 0.79)
2025-12-02 22:26:48 | INFO     | emotion_detector | Detected emotion: sad (confidence: 0.72)
2025-12-02 22:26:51 | INFO     | emotion_detector | Detected emotion: sad (confidence: 0.68)
2025-12-02 22:26:54 | INFO     | emotion_detector | Detected emotion: sad (confidence: 0.72)
2025-12-02 22:26:57 | INFO     | emotion_detector | Detected emotion: sad (confidence: 0.71)
2025-12-02 22:27:00 | INFO     | emotion_detector | Detected emotion: sad (confidence: 0.82)
2025-12-02 22:27:03 | INFO     | emotion_detector | Detected emotion: sad (confidence: 0.80)
2025-12-02 22:27:06 | INFO     | emotion_detector | Detected emotion: sad (confidence: 0.69)
2025-12-02 22:27:09 | INFO     | emotion_detector | Detected emotion: sad (confidence: 0.55)
2025-12-02 22:27:12 | INFO     | emotion_detector | Detected emotion: sad (confidence: 0.59)
2025-12-02 22:27:15 | INFO     | emotion_detector | Detected emotion: sad (confidence: 0.58)
2025-12-02 22:27:18 | INFO     | emotion_detector | Detected emotion: sad (confidence: 0.50)
2025-12-02 22:27:21 | INFO     | emotion_detector | Detected emotion: sad (confidence: 0.67)
2025-12-02 22:27:23 | INFO     | emotion_detector | Detected emotion: sad (confidence: 0.56)
2025-12-02 22:27:27 | INFO     | emotion_detector | Detected emotion: sad (confidence: 0.69)
2025-12-02 22:27:29 | INFO     | emotion_detector | Detected emotion: sad (confidence: 0.87)
2025-12-02 22:27:32 | INFO     | emotion_detector | Detected emotion: sad (confidence: 0.57)
2025-12-02 22:27:35 | INFO     | emotion_detector | Detected emotion: sad (confidence: 0.55)
2025-12-02 22:27:38 | INFO     | emotion_detector | Detected emotion: sad (confidence: 0.62)
2025-12-02 22:27:41 | INFO     | emotion_detector | Detected emotion: sad (confidence: 0.94)
2025-12-02 22:27:44 | INFO     | emotion_detector | Detected emotion: sad (confidence: 0.70)
2025-12-02 22:27:47 | INFO     | emotion_detector | Detected emotion: sad (confidence: 0.89)
2025-12-02 22:27:50 | INFO     | emotion_detector | Detected emotion: sad (confidence: 0.92)
2025-12-02 22:27:53 | INFO     | emotion_detector | Detected emotion: sad (confidence: 0.90)
2025-12-02 22:27:56 | INFO     | emotion_detector | Detected emotion: sad (confidence: 0.84)
2025-12-02 22:27:58 | INFO     | emotion_detector | Detected emotion: sad (confidence: 0.91)
2025-12-02 22:28:02 | INFO     | emotion_detector | Detected emotion: sad (confidence: 0.94)
2025-12-02 22:28:04 | INFO     | emotion_detector | Detected emotion: sad (confidence: 0.97)
2025-12-02 22:28:07 | INFO     | emotion_detector | Detected emotion: sad (confidence: 0.86)
2025-12-02 22:28:10 | INFO     | emotion_detector | Detected emotion: sad (confidence: 0.67)
2025-12-02 22:28:13 | INFO     | emotion_detector | Detected emotion: sad (confidence: 0.87)
2025-12-02 22:28:16 | INFO     | emotion_detector | Detected emotion: sad (confidence: 0.96)
2025-12-02 22:28:19 | INFO     | emotion_detector | Detected emotion: sad (confidence: 0.91)
2025-12-02 22:28:22 | INFO     | emotion_detector | Detected emotion: sad (confidence: 0.94)
2025-12-02 22:28:25 | INFO     | emotion_detector | Detected emotion: sad (confidence: 0.92)
2025-12-02 22:28:28 | INFO     | emotion_detector | Detected emotion: sad (confidence: 0.81)
2025-12-02 22:28:31 | INFO     | emotion_detector | Detected emotion: sad (confidence: 0.95)
2025-12-02 22:28:34 | INFO     | emotion_detector | Detected emotion: sad (confidence: 0.91)
2025-12-02 22:28:37 | INFO     | emotion_detector | Detected emotion: sad (confidence: 0.77)
2025-12-02 22:28:40 | INFO     | emotion_detector | Detected emotion: sad (confidence: 0.96)
2025-12-02 22:28:43 | INFO     | emotion_detector | Detected emotion: sad (confidence: 0.93)
2025-12-02 22:28:45 | INFO     | emotion_detector | Detected emotion: sad (confidence: 0.86)
2025-12-02 22:28:48 | INFO     | emotion_detector | Detected emotion: sad (confidence: 0.86)
2025-12-02 22:28:51 | INFO     | emotion_detector | Detected emotion: sad (confidence: 0.98)
2025-12-02 22:28:54 | INFO     | emotion_detector | Detected emotion: sad (confidence: 0.66)
2025-12-02 22:28:57 | INFO     | emotion_detector | Detected emotion: sad (confidence: 0.95)
2025-12-02 22:29:00 | INFO     | emotion_detector | Detected emotion: sad (confidence: 0.94)
2025-12-02 22:29:03 | INFO     | emotion_detector | Detected emotion: sad (confidence: 0.98)
2025-12-02 22:29:06 | INFO     | emotion_detector | Detected emotion: sad (confidence: 0.80)
2025-12-02 22:29:09 | INFO     | emotion_detector | Detected emotion: sad (confidence: 0.77)
2025-12-02 22:29:12 | INFO     | emotion_detector | Detected emotion: sad (confidence: 0.83)
2025-12-02 22:29:15 | INFO     | emotion_detector | Detected emotion: sad (confidence: 0.93)
2025-12-02 22:29:18 | INFO     | emotion_detector | Detected emotion: sad (confidence: 0.91)
2025-12-02 22:29:20 | INFO     | emotion_detector | Detected emotion: sad (confidence: 0.73)
2025-12-02 22:29:23 | INFO     | emotion_detector | Detected emotion: sad (confidence: 0.90)
2025-12-02 22:29:26 | INFO     | emotion_detector | Detected emotion: sad (confidence: 0.96)
2025-12-02 22:29:29 | INFO     | emotion_detector | Detected emotion: sad (confidence: 0.84)
2025-12-02 22:29:32 | INFO     | emotion_detector | Detected emotion: sad (confidence: 0.86)
2025-12-02 22:29:35 | INFO     | emotion_detector | Detected emotion: sad (confidence: 0.96)
2025-12-02 22:29:38 | INFO     | emotion_detector | Detected emotion: sad (confidence: 0.74)
2025-12-02 22:29:41 | INFO     | emotion_detector | Detected emotion: sad (confidence: 0.92)
2025-12-02 22:29:44 | INFO     | emotion_detector | Detected emotion: sad (confidence: 0.86)
2025-12-02 22:29:47 | INFO     | emotion_detector | Detected emotion: sad (confidence: 0.98)
2025-12-02 22:29:49 | INFO     | emotion_detector | Detected emotion: sad (confidence: 0.75)
2025-12-02 22:29:53 | INFO     | emotion_detector | Detected emotion: sad (confidence: 0.74)
2025-12-02 22:29:55 | INFO     | emotion_detector | Detected emotion: sad (confidence: 0.89)
2025-12-02 22:29:58 | INFO     | emotion_detector | Detected emotion: sad (confidence: 0.91)
2025-12-02 22:30:01 | INFO     | emotion_detector | Detected emotion: sad (confidence: 0.49)
2025-12-02 22:30:04 | INFO     | emotion_detector | Detected emotion: sad (confidence: 0.63)
2025-12-02 22:30:07 | INFO     | emotion_detector | Detected emotion: sad (confidence: 0.98)
2025-12-02 22:30:10 | INFO     | emotion_detector | Detected emotion: sad (confidence: 0.92)
2025-12-02 22:30:13 | INFO     | emotion_detector | Detected emotion: sad (confidence: 0.85)
2025-12-02 22:30:16 | INFO     | emotion_detector | Detected emotion: sad (confidence: 0.90)
2025-12-02 22:30:19 | INFO     | emotion_detector | Detected emotion: sad (confidence: 0.89)
2025-12-02 22:30:22 | INFO     | emotion_detector | Detected emotion: sad (confidence: 0.92)
2025-12-02 22:30:25 | INFO     | emotion_detector | Detected emotion: sad (confidence: 0.85)
2025-12-02 22:30:28 | INFO     | emotion_detector | Detected emotion: sad (confidence: 0.90)
2025-12-02 22:30:30 | INFO     | emotion_detector | Detected emotion: sad (confidence: 0.89)
2025-12-02 22:30:33 | INFO     | emotion_detector | Detected emotion: sad (confidence: 0.95)
2025-12-02 22:30:36 | INFO     | emotion_detector | Detected emotion: sad (confidence: 0.93)
2025-12-02 22:30:39 | INFO     | emotion_detector | Detected emotion: sad (confidence: 0.92)
2025-12-02 22:30:42 | INFO     | emotion_detector | Detected emotion: sad (confidence: 0.95)
2025-12-02 22:30:45 | INFO     | emotion_detector | Detected emotion: sad (confidence: 0.93)
2025-12-02 22:30:48 | INFO     | emotion_detector | Detected emotion: sad (confidence: 0.86)
2025-12-02 22:30:51 | INFO     | emotion_detector | Detected emotion: sad (confidence: 0.92)
2025-12-02 22:30:54 | INFO     | emotion_detector | Detected emotion: sad (confidence: 0.78)
2025-12-02 22:30:57 | INFO     | emotion_detector | Detected emotion: sad (confidence: 0.75)
2025-12-02 22:31:00 | INFO     | emotion_detector | Detected emotion: sad (confidence: 0.91)
2025-12-02 22:31:03 | INFO     | emotion_detector | Detected emotion: sad (confidence: 0.98)
2025-12-02 22:31:05 | INFO     | emotion_detector | Detected emotion: sad (confidence: 0.97)
2025-12-02 22:31:08 | INFO     | emotion_detector | Detected emotion: sad (confidence: 0.88)
2025-12-02 22:31:11 | INFO     | emotion_detector | Detected emotion: sad (confidence: 0.84)
2025-12-02 22:31:14 | INFO     | emotion_detector | Detected emotion: sad (confidence: 0.62)
2025-12-02 22:31:17 | INFO     | emotion_detector | Detected emotion: sad (confidence: 0.67)
2025-12-02 22:31:20 | INFO     | emotion_detector | Detected emotion: sad (confidence: 0.90)
2025-12-02 22:31:23 | INFO     | emotion_detector | Detected emotion: sad (confidence: 0.64)
2025-12-02 22:31:26 | INFO     | emotion_detector | Detected emotion: sad (confidence: 0.89)
2025-12-02 22:31:29 | INFO     | emotion_detector | Detected emotion: sad (confidence: 0.74)
2025-12-02 22:31:32 | INFO     | emotion_detector | Detected emotion: sad (confidence: 0.71)
2025-12-02 22:31:35 | INFO     | emotion_detector | Detected emotion: sad (confidence: 0.68)
2025-12-02 22:31:37 | INFO     | emotion_detector | Detected emotion: sad (confidence: 0.97)
2025-12-02 22:31:40 | INFO     | emotion_detector | Detected emotion: sad (confidence: 0.86)
2025-12-02 22:31:43 | INFO     | emotion_detector | Detected emotion: sad (confidence: 0.90)
2025-12-02 22:31:46 | INFO     | emotion_detector | Detected emotion: sad (confidence: 0.93)
2025-12-02 22:31:49 | INFO     | emotion_detector | Detected emotion: sad (confidence: 0.93)
2025-12-02 22:31:52 | INFO     | emotion_detector | Detected emotion: sad (confidence: 0.70)
2025-12-02 22:31:55 | INFO     | emotion_detector | Detected emotion: sad (confidence: 0.87)
2025-12-02 22:31:58 | INFO     | emotion_detector | Detected emotion: sad (confidence: 0.80)
2025-12-02 22:32:01 | INFO     | emotion_detector | Detected emotion: sad (confidence: 0.82)
2025-12-02 22:32:04 | INFO     | emotion_detector | Detected emotion: sad (confidence: 0.70)
2025-12-02 22:32:07 | INFO     | emotion_detector | Detected emotion: sad (confidence: 0.86)
2025-12-02 22:32:09 | INFO     | emotion_detector | Detected emotion: sad (confidence: 0.96)
2025-12-02 22:32:12 | INFO     | emotion_detector | Detected emotion: sad (confidence: 0.76)
2025-12-02 22:32:15 | INFO     | emotion_detector | Detected emotion: sad (confidence: 0.76)
2025-12-02 22:32:18 | INFO     | emotion_detector | Detected emotion: sad (confidence: 0.72)
2025-12-02 22:32:21 | INFO     | emotion_detector | Detected emotion: sad (confidence: 0.73)
2025-12-02 22:32:24 | INFO     | emotion_detector | Detected emotion: sad (confidence: 0.89)
2025-12-02 22:32:27 | INFO     | emotion_detector | Detected emotion: sad (confidence: 0.75)
2025-12-02 22:32:30 | INFO     | emotion_detector | Detected emotion: sad (confidence: 0.91)
2025-12-02 22:32:33 | INFO     | emotion_detector | Detected emotion: sad (confidence: 0.88)
2025-12-02 22:32:36 | INFO     | emotion_detector | Detected emotion: sad (confidence: 0.67)
2025-12-02 22:32:39 | INFO     | emotion_detector | Detected emotion: sad (confidence: 0.77)
2025-12-02 22:32:42 | INFO     | emotion_detector | Detected emotion: sad (confidence: 0.70)
2025-12-02 22:32:45 | INFO     | emotion_detector | Detected emotion: sad (confidence: 0.88)
2025-12-02 22:32:47 | INFO     | emotion_detector | Detected emotion: sad (confidence: 0.89)
2025-12-02 22:32:51 | INFO     | emotion_detector | Detected emotion: sad (confidence: 0.88)
2025-12-02 22:32:53 | INFO     | emotion_detector | Detected emotion: sad (confidence: 0.78)
2025-12-02 22:32:56 | INFO     | emotion_detector | Detected emotion: sad (confidence: 0.92)
2025-12-02 22:32:59 | INFO     | emotion_detector | Detected emotion: sad (confidence: 0.71)
2025-12-02 22:33:02 | INFO     | emotion_detector | Detected emotion: sad (confidence: 0.87)
2025-12-02 22:33:05 | INFO     | emotion_detector | Detected emotion: sad (confidence: 0.70)
2025-12-02 22:33:08 | INFO     | emotion_detector | Detected emotion: sad (confidence: 0.87)
2025-12-02 22:33:11 | INFO     | emotion_detector | Detected emotion: sad (confidence: 0.92)
2025-12-02 22:33:14 | INFO     | emotion_detector | Detected emotion: sad (confidence: 0.93)
2025-12-02 22:33:17 | INFO     | emotion_detector | Detected emotion: sad (confidence: 0.89)
2025-12-02 22:33:20 | INFO     | emotion_detector | Detected emotion: sad (confidence: 0.63)
2025-12-02 22:33:22 | INFO     | emotion_detector | Detected emotion: sad (confidence: 0.55)
2025-12-02 22:33:25 | INFO     | emotion_detector | Detected emotion: sad (confidence: 0.90)
2025-12-02 22:33:28 | INFO     | emotion_detector | Detected emotion: sad (confidence: 0.93)
2025-12-02 22:33:31 | INFO     | emotion_detector | Detected emotion: sad (confidence: 0.80)
2025-12-02 22:33:34 | INFO     | emotion_detector | Detected emotion: sad (confidence: 0.94)
2025-12-02 22:33:37 | INFO     | emotion_detector | Detected emotion: sad (confidence: 0.89)
2025-12-02 22:33:40 | INFO     | emotion_detector | Detected emotion: sad (confidence: 0.81)
2025-12-02 22:33:43 | INFO     | emotion_detector | Detected emotion: sad (confidence: 0.84)
2025-12-02 22:33:46 | INFO     | emotion_detector | Detected emotion: sad (confidence: 0.80)
2025-12-02 22:33:49 | INFO     | emotion_detector | Detected emotion: sad (confidence: 0.90)
2025-12-02 22:33:52 | INFO     | emotion_detector | Detected emotion: sad (confidence: 0.81)
2025-12-02 22:33:54 | INFO     | emotion_detector | Detected emotion: sad (confidence: 0.92)
2025-12-02 22:33:57 | INFO     | emotion_detector | Detected emotion: sad (confidence: 0.80)
2025-12-02 22:34:00 | INFO     | emotion_detector | Detected emotion: sad (confidence: 0.92)
2025-12-02 22:34:03 | INFO     | emotion_detector | Detected emotion: sad (confidence: 0.88)
2025-12-02 22:34:06 | INFO     | emotion_detector | Detected emotion: sad (confidence: 0.77)
2025-12-02 22:34:09 | INFO     | emotion_detector | Detected emotion: sad (confidence: 0.79)
2025-12-02 22:34:12 | INFO     | emotion_detector | Detected emotion: sad (confidence: 0.79)
2025-12-02 22:34:15 | INFO     | emotion_detector | Detected emotion: sad (confidence: 0.82)
2025-12-02 22:34:18 | INFO     | emotion_detector | Detected emotion: sad (confidence: 0.87)
2025-12-02 22:34:21 | INFO     | emotion_detector | Detected emotion: sad (confidence: 0.88)
2025-12-02 22:34:24 | INFO     | emotion_detector | Detected emotion: sad (confidence: 0.71)
2025-12-02 22:34:27 | INFO     | emotion_detector | Detected emotion: sad (confidence: 0.71)
2025-12-02 22:34:29 | INFO     | emotion_detector | Detected emotion: sad (confidence: 0.83)
2025-12-02 22:34:32 | INFO     | emotion_detector | Detected emotion: sad (confidence: 0.85)
2025-12-02 22:34:35 | INFO     | emotion_detector | Detected emotion: sad (confidence: 0.80)
2025-12-02 22:34:38 | INFO     | emotion_detector | Detected emotion: sad (confidence: 0.92)
2025-12-02 22:34:41 | INFO     | emotion_detector | Detected emotion: sad (confidence: 0.81)
2025-12-02 22:34:44 | INFO     | emotion_detector | Detected emotion: sad (confidence: 0.70)
2025-12-02 22:34:47 | INFO     | emotion_detector | Detected emotion: sad (confidence: 0.75)
2025-12-02 22:34:50 | INFO     | emotion_detector | Detected emotion: sad (confidence: 0.74)
2025-12-02 22:34:53 | INFO     | emotion_detector | Detected emotion: sad (confidence: 0.66)
2025-12-02 22:34:56 | INFO     | emotion_detector | Detected emotion: sad (confidence: 0.77)
2025-12-02 22:34:59 | INFO     | emotion_detector | Detected emotion: sad (confidence: 0.67)
2025-12-02 22:35:02 | INFO     | emotion_detector | Detected emotion: sad (confidence: 0.58)
2025-12-02 22:35:04 | INFO     | emotion_detector | Detected emotion: sad (confidence: 0.95)
2025-12-02 22:35:07 | INFO     | emotion_detector | Detected emotion: sad (confidence: 0.93)
2025-12-02 22:35:10 | INFO     | emotion_detector | Detected emotion: sad (confidence: 0.87)
2025-12-02 22:35:13 | INFO     | emotion_detector | Detected emotion: sad (confidence: 0.80)
2025-12-02 22:35:16 | INFO     | emotion_detector | Detected emotion: sad (confidence: 0.82)
2025-12-02 22:35:19 | INFO     | emotion_detector | Detected emotion: sad (confidence: 0.86)
2025-12-02 22:35:22 | INFO     | emotion_detector | Detected emotion: sad (confidence: 0.95)
2025-12-02 22:35:25 | INFO     | emotion_detector | Detected emotion: sad (confidence: 0.76)
2025-12-02 22:35:28 | INFO     | emotion_detector | Detected emotion: sad (confidence: 0.74)
2025-12-02 22:35:31 | INFO     | emotion_detector | Detected emotion: sad (confidence: 0.95)
2025-12-02 22:35:34 | INFO     | emotion_detector | Detected emotion: sad (confidence: 0.96)
2025-12-02 22:35:36 | INFO     | emotion_detector | Detected emotion: sad (confidence: 0.87)
2025-12-02 22:35:39 | INFO     | emotion_detector | Detected emotion: sad (confidence: 0.68)
2025-12-02 22:35:42 | INFO     | emotion_detector | Detected emotion: sad (confidence: 0.71)
2025-12-02 22:35:45 | INFO     | emotion_detector | Detected emotion: sad (confidence: 0.73)
2025-12-02 22:35:48 | INFO     | emotion_detector | Detected emotion: sad (confidence: 0.88)
2025-12-02 22:35:51 | INFO     | emotion_detector | Detected emotion: sad (confidence: 0.91)
2025-12-02 22:35:54 | INFO     | emotion_detector | Detected emotion: sad (confidence: 0.80)
2025-12-02 22:35:57 | INFO     | emotion_detector | Detected emotion: sad (confidence: 0.91)
2025-12-02 22:36:00 | INFO     | emotion_detector | Detected emotion: sad (confidence: 0.89)
2025-12-02 22:36:03 | INFO     | emotion_detector | Detected emotion: sad (confidence: 0.63)
2025-12-02 22:36:06 | INFO     | emotion_detector | Detected emotion: sad (confidence: 0.77)
2025-12-02 22:36:09 | INFO     | emotion_detector | Detected emotion: sad (confidence: 0.95)
2025-12-02 22:36:11 | INFO     | emotion_detector | Detected emotion: sad (confidence: 0.93)
2025-12-02 22:36:15 | INFO     | emotion_detector | Detected emotion: sad (confidence: 0.87)
2025-12-02 22:36:17 | INFO     | emotion_detector | Detected emotion: sad (confidence: 0.82)
2025-12-02 22:36:20 | INFO     | emotion_detector | Detected emotion: sad (confidence: 0.78)
2025-12-02 22:36:23 | INFO     | emotion_detector | Detected emotion: sad (confidence: 0.75)
2025-12-02 22:36:26 | INFO     | emotion_detector | Detected emotion: sad (confidence: 0.89)
2025-12-02 22:36:29 | INFO     | emotion_detector | Detected emotion: sad (confidence: 0.93)
2025-12-02 22:36:32 | INFO     | emotion_detector | Detected emotion: sad (confidence: 0.72)
2025-12-02 22:36:35 | INFO     | emotion_detector | Detected emotion: sad (confidence: 0.91)
2025-12-02 22:36:38 | INFO     | emotion_detector | Detected emotion: sad (confidence: 0.88)
2025-12-02 22:36:41 | INFO     | emotion_detector | Detected emotion: sad (confidence: 0.87)
2025-12-02 22:36:44 | INFO     | emotion_detector | Detected emotion: sad (confidence: 0.87)
2025-12-02 22:36:47 | INFO     | emotion_detector | Detected emotion: sad (confidence: 0.92)
2025-12-02 22:36:50 | INFO     | emotion_detector | Detected emotion: sad (confidence: 0.92)
2025-12-02 22:36:52 | INFO     | emotion_detector | Detected emotion: sad (confidence: 0.91)
2025-12-02 22:36:55 | INFO     | emotion_detector | Detected emotion: sad (confidence: 0.91)
2025-12-02 22:36:58 | INFO     | emotion_detector | Detected emotion: sad (confidence: 0.92)
2025-12-02 22:37:01 | INFO     | emotion_detector | Detected emotion: sad (confidence: 0.79)
2025-12-02 22:37:04 | INFO     | emotion_detector | Detected emotion: sad (confidence: 0.82)
2025-12-02 22:37:07 | INFO     | emotion_detector | Detected emotion: sad (confidence: 0.80)
2025-12-02 22:37:10 | INFO     | emotion_detector | Detected emotion: sad (confidence: 0.95)
2025-12-02 22:37:13 | INFO     | emotion_detector | Detected emotion: sad (confidence: 0.94)
2025-12-02 22:37:16 | INFO     | emotion_detector | Detected emotion: sad (confidence: 0.75)
2025-12-02 22:37:19 | INFO     | emotion_detector | Detected emotion: sad (confidence: 0.95)
2025-12-02 22:37:22 | INFO     | emotion_detector | Detected emotion: sad (confidence: 0.85)
2025-12-02 22:37:25 | INFO     | emotion_detector | Detected emotion: sad (confidence: 0.65)
2025-12-02 22:37:27 | INFO     | emotion_detector | Detected emotion: sad (confidence: 0.99)
2025-12-02 22:37:30 | INFO     | emotion_detector | Detected emotion: sad (confidence: 0.94)
2025-12-02 22:37:33 | INFO     | emotion_detector | Detected emotion: sad (confidence: 0.97)
2025-12-02 22:37:36 | INFO     | emotion_detector | Detected emotion: sad (confidence: 0.95)
2025-12-02 22:37:39 | INFO     | emotion_detector | Detected emotion: sad (confidence: 0.94)
2025-12-02 22:37:42 | INFO     | emotion_detector | Detected emotion: sad (confidence: 0.90)
2025-12-02 22:37:45 | INFO     | emotion_detector | Detected emotion: sad (confidence: 0.96)
2025-12-02 22:37:48 | INFO     | emotion_detector | Detected emotion: sad (confidence: 0.83)
2025-12-02 22:37:51 | INFO     | emotion_detector | Detected emotion: sad (confidence: 0.96)
2025-12-02 22:37:54 | INFO     | emotion_detector | Detected emotion: sad (confidence: 0.91)
2025-12-02 22:37:57 | INFO     | emotion_detector | Detected emotion: sad (confidence: 0.97)
2025-12-02 22:37:59 | INFO     | emotion_detector | Detected emotion: sad (confidence: 0.99)
2025-12-02 22:38:02 | INFO     | emotion_detector | Detected emotion: sad (confidence: 0.94)
2025-12-02 22:38:05 | INFO     | emotion_detector | Detected emotion: sad (confidence: 0.98)
2025-12-02 22:38:08 | INFO     | emotion_detector | Detected emotion: sad (confidence: 0.98)
2025-12-02 22:38:11 | INFO     | emotion_detector | Detected emotion: sad (confidence: 0.96)
2025-12-02 22:38:14 | INFO     | emotion_detector | Detected emotion: sad (confidence: 0.95)
2025-12-02 22:38:17 | INFO     | emotion_detector | Detected emotion: sad (confidence: 0.97)
2025-12-02 22:38:20 | INFO     | emotion_detector | Detected emotion: sad (confidence: 0.91)
2025-12-02 22:38:23 | INFO     | emotion_detector | Detected emotion: sad (confidence: 0.95)
2025-12-02 22:38:26 | INFO     | emotion_detector | Detected emotion: sad (confidence: 0.97)
2025-12-02 22:38:29 | INFO     | emotion_detector | Detected emotion: sad (confidence: 0.95)
2025-12-02 22:38:32 | INFO     | emotion_detector | Detected emotion: sad (confidence: 0.98)
2025-12-02 22:38:35 | INFO     | emotion_detector | Detected emotion: sad (confidence: 0.98)
2025-12-02 22:38:38 | INFO     | emotion_detector | Detected emotion: sad (confidence: 0.97)
2025-12-02 22:38:40 | INFO     | emotion_detector | Detected emotion: sad (confidence: 0.95)
2025-12-02 22:38:43 | INFO     | emotion_detector | Detected emotion: sad (confidence: 0.98)
2025-12-02 22:38:46 | INFO     | emotion_detector | Detected emotion: sad (confidence: 0.95)
2025-12-02 22:38:49 | INFO     | emotion_detector | Detected emotion: sad (confidence: 0.98)
2025-12-02 22:38:52 | INFO     | emotion_detector | Detected emotion: sad (confidence: 0.98)
2025-12-02 22:38:55 | INFO     | emotion_detector | Detected emotion: sad (confidence: 0.96)
2025-12-02 22:38:58 | INFO     | emotion_detector | Detected emotion: sad (confidence: 0.97)
2025-12-02 22:39:01 | INFO     | emotion_detector | Detected emotion: sad (confidence: 0.98)
2025-12-02 22:39:04 | INFO     | emotion_detector | Detected emotion: sad (confidence: 0.95)
2025-12-02 22:39:07 | INFO     | emotion_detector | Detected emotion: sad (confidence: 0.94)
2025-12-02 22:39:09 | INFO     | emotion_detector | Detected emotion: sad (confidence: 0.97)
2025-12-02 22:39:13 | INFO     | emotion_detector | Detected emotion: sad (confidence: 0.95)
2025-12-02 22:39:15 | INFO     | emotion_detector | Detected emotion: sad (confidence: 0.95)
2025-12-02 22:39:18 | INFO     | emotion_detector | Detected emotion: sad (confidence: 0.96)
2025-12-02 22:39:21 | INFO     | emotion_detector | Detected emotion: sad (confidence: 0.65)
2025-12-02 22:39:24 | INFO     | emotion_detector | Detected emotion: sad (confidence: 0.57)
2025-12-02 22:39:27 | INFO     | emotion_detector | Detected emotion: sad (confidence: 0.71)
2025-12-02 22:39:30 | INFO     | emotion_detector | Detected emotion: sad (confidence: 0.72)
2025-12-02 22:39:33 | INFO     | emotion_detector | Detected emotion: sad (confidence: 0.73)
2025-12-02 22:39:36 | INFO     | emotion_detector | Detected emotion: sad (confidence: 0.86)
2025-12-02 22:39:39 | INFO     | emotion_detector | Detected emotion: sad (confidence: 0.74)
2025-12-02 22:39:42 | INFO     | emotion_detector | Detected emotion: sad (confidence: 0.86)
2025-12-02 22:39:45 | INFO     | emotion_detector | Detected emotion: sad (confidence: 0.97)
2025-12-02 22:39:48 | INFO     | emotion_detector | Detected emotion: sad (confidence: 0.93)
2025-12-02 22:39:50 | INFO     | emotion_detector | Detected emotion: sad (confidence: 0.97)
2025-12-02 22:39:53 | INFO     | emotion_detector | Detected emotion: sad (confidence: 0.98)
2025-12-02 22:39:56 | INFO     | emotion_detector | Detected emotion: sad (confidence: 0.93)
2025-12-02 22:39:59 | INFO     | emotion_detector | Detected emotion: sad (confidence: 0.76)
2025-12-02 22:40:02 | INFO     | emotion_detector | Detected emotion: sad (confidence: 0.97)
2025-12-02 22:40:05 | INFO     | emotion_detector | Detected emotion: sad (confidence: 0.85)
2025-12-02 22:40:08 | INFO     | emotion_detector | Detected emotion: sad (confidence: 0.91)
2025-12-02 22:40:11 | INFO     | emotion_detector | Detected emotion: sad (confidence: 0.95)
2025-12-02 22:40:14 | INFO     | emotion_detector | Detected emotion: sad (confidence: 0.70)
2025-12-02 22:40:17 | INFO     | emotion_detector | Detected emotion: sad (confidence: 0.94)
2025-12-02 22:40:20 | INFO     | emotion_detector | Detected emotion: sad (confidence: 0.92)
2025-12-02 22:40:23 | INFO     | emotion_detector | Detected emotion: sad (confidence: 0.94)
2025-12-02 22:40:25 | INFO     | emotion_detector | Detected emotion: sad (confidence: 0.91)
2025-12-02 22:40:29 | INFO     | emotion_detector | Detected emotion: sad (confidence: 0.92)
2025-12-02 22:40:31 | INFO     | emotion_detector | Detected emotion: sad (confidence: 0.73)
2025-12-02 22:40:34 | INFO     | emotion_detector | Detected emotion: sad (confidence: 0.79)
2025-12-02 22:40:37 | INFO     | emotion_detector | Detected emotion: sad (confidence: 0.89)
2025-12-02 22:40:40 | INFO     | emotion_detector | Detected emotion: sad (confidence: 0.73)
2025-12-02 22:40:43 | INFO     | emotion_detector | Detected emotion: sad (confidence: 0.98)
2025-12-02 22:40:46 | INFO     | emotion_detector | Detected emotion: sad (confidence: 0.68)
2025-12-02 22:40:49 | INFO     | emotion_detector | Detected emotion: sad (confidence: 0.92)
2025-12-02 22:40:52 | INFO     | emotion_detector | Detected emotion: sad (confidence: 0.88)
2025-12-02 22:40:55 | INFO     | emotion_detector | Detected emotion: sad (confidence: 0.88)
2025-12-02 22:40:58 | INFO     | emotion_detector | Detected emotion: sad (confidence: 0.71)
2025-12-02 22:41:01 | INFO     | emotion_detector | Detected emotion: sad (confidence: 0.89)
2025-12-02 22:41:04 | INFO     | emotion_detector | Detected emotion: sad (confidence: 0.76)
2025-12-02 22:41:06 | INFO     | emotion_detector | Detected emotion: sad (confidence: 0.93)
2025-12-02 22:41:10 | INFO     | emotion_detector | Detected emotion: sad (confidence: 0.97)
2025-12-02 22:41:12 | INFO     | emotion_detector | Detected emotion: sad (confidence: 0.96)
2025-12-02 22:41:15 | INFO     | emotion_detector | Detected emotion: sad (confidence: 0.77)
2025-12-02 22:41:18 | INFO     | emotion_detector | Detected emotion: sad (confidence: 0.89)
2025-12-02 22:41:21 | INFO     | emotion_detector | Detected emotion: sad (confidence: 0.65)
2025-12-02 22:41:24 | INFO     | emotion_detector | Detected emotion: sad (confidence: 0.88)
2025-12-02 22:41:27 | INFO     | emotion_detector | Detected emotion: sad (confidence: 0.74)
2025-12-02 22:41:30 | INFO     | emotion_detector | Detected emotion: sad (confidence: 0.76)
2025-12-02 22:41:33 | INFO     | emotion_detector | Detected emotion: sad (confidence: 0.55)
2025-12-02 22:41:36 | INFO     | emotion_detector | Detected emotion: sad (confidence: 0.78)
2025-12-02 22:41:39 | INFO     | emotion_detector | Detected emotion: sad (confidence: 0.91)
2025-12-02 22:41:42 | INFO     | emotion_detector | Detected emotion: sad (confidence: 0.93)
2025-12-02 22:41:45 | INFO     | emotion_detector | Detected emotion: sad (confidence: 0.92)
2025-12-02 22:41:47 | INFO     | emotion_detector | Detected emotion: sad (confidence: 0.93)
2025-12-02 22:41:50 | INFO     | emotion_detector | Detected emotion: sad (confidence: 0.83)
2025-12-02 22:41:53 | INFO     | emotion_detector | Detected emotion: sad (confidence: 0.67)
2025-12-02 22:41:56 | INFO     | emotion_detector | Detected emotion: sad (confidence: 0.62)
2025-12-02 22:41:59 | INFO     | emotion_detector | Detected emotion: sad (confidence: 0.93)
2025-12-02 22:42:02 | INFO     | emotion_detector | Detected emotion: sad (confidence: 0.77)
2025-12-02 22:42:05 | INFO     | emotion_detector | Detected emotion: sad (confidence: 0.73)
2025-12-02 22:42:08 | INFO     | emotion_detector | Detected emotion: sad (confidence: 0.74)
2025-12-02 22:42:11 | INFO     | emotion_detector | Detected emotion: sad (confidence: 0.75)
2025-12-02 22:42:14 | INFO     | emotion_detector | Detected emotion: sad (confidence: 0.73)
2025-12-02 22:42:16 | INFO     | emotion_detector | Detected emotion: sad (confidence: 0.80)
2025-12-02 22:42:20 | INFO     | emotion_detector | Detected emotion: sad (confidence: 0.90)
2025-12-02 22:42:22 | INFO     | emotion_detector | Detected emotion: sad (confidence: 0.69)
2025-12-02 22:42:25 | INFO     | emotion_detector | Detected emotion: sad (confidence: 0.89)
2025-12-02 22:42:28 | INFO     | emotion_detector | Detected emotion: sad (confidence: 0.80)
2025-12-02 22:42:31 | INFO     | emotion_detector | Detected emotion: sad (confidence: 0.83)
2025-12-02 22:42:34 | INFO     | emotion_detector | Detected emotion: sad (confidence: 0.93)
2025-12-02 22:42:37 | INFO     | emotion_detector | Detected emotion: sad (confidence: 0.71)
2025-12-02 22:42:40 | INFO     | emotion_detector | Detected emotion: sad (confidence: 0.80)
2025-12-02 22:42:43 | INFO     | emotion_detector | Detected emotion: sad (confidence: 0.92)
2025-12-02 22:42:46 | INFO     | emotion_detector | Detected emotion: sad (confidence: 0.96)
2025-12-02 22:42:49 | INFO     | emotion_detector | Detected emotion: sad (confidence: 0.71)
2025-12-02 22:42:52 | INFO     | emotion_detector | Detected emotion: sad (confidence: 0.84)
2025-12-02 22:42:55 | INFO     | emotion_detector | Detected emotion: sad (confidence: 0.76)
2025-12-02 22:42:58 | INFO     | emotion_detector | Detected emotion: sad (confidence: 0.87)
2025-12-02 22:43:00 | INFO     | emotion_detector | Detected emotion: sad (confidence: 0.86)
2025-12-02 22:43:03 | INFO     | emotion_detector | Detected emotion: sad (confidence: 0.67)
2025-12-02 22:43:06 | INFO     | emotion_detector | Detected emotion: angry (confidence: 0.51)
2025-12-02 22:43:09 | INFO     | emotion_detector | Detected emotion: sad (confidence: 0.86)
2025-12-02 22:43:12 | INFO     | emotion_detector | Detected emotion: sad (confidence: 0.86)
2025-12-02 22:43:15 | INFO     | emotion_detector | Detected emotion: sad (confidence: 0.90)
2025-12-02 22:43:18 | INFO     | emotion_detector | Detected emotion: angry (confidence: 0.64)
2025-12-02 22:43:21 | INFO     | emotion_detector | Bias correction: Switched from fear/sad to neutral (neutral score: 0.18)
2025-12-02 22:43:21 | INFO     | emotion_detector | Detected emotion: neutral (confidence: 0.18)
2025-12-02 22:43:24 | INFO     | emotion_detector | Detected emotion: sad (confidence: 0.87)
2025-12-02 22:43:27 | INFO     | emotion_detector | Detected emotion: sad (confidence: 0.62)
2025-12-02 22:43:31 | INFO     | emotion_detector | Detected emotion: sad (confidence: 0.78)
2025-12-02 22:43:34 | INFO     | emotion_detector | Detected emotion: sad (confidence: 0.56)
2025-12-02 22:43:36 | INFO     | emotion_detector | Detected emotion: fear (confidence: 0.35)
2025-12-02 22:43:39 | INFO     | emotion_detector | Detected emotion: sad (confidence: 0.50)
2025-12-02 22:43:42 | INFO     | emotion_detector | Bias correction: Switched from fear/sad to happy (happy score: 0.22)
2025-12-02 22:43:42 | INFO     | emotion_detector | Detected emotion: happy (confidence: 0.22)
2025-12-02 22:43:45 | INFO     | emotion_detector | Detected emotion: sad (confidence: 0.40)
2025-12-02 22:43:48 | INFO     | emotion_detector | Detected emotion: fear (confidence: 0.40)
2025-12-02 22:43:51 | INFO     | emotion_detector | Bias correction: Switched from fear/sad to happy (happy score: 0.18)
2025-12-02 22:43:51 | INFO     | emotion_detector | Detected emotion: happy (confidence: 0.18)
2025-12-02 22:43:54 | INFO     | emotion_detector | Bias correction: Switched from fear/sad to happy (happy score: 0.21)
2025-12-02 22:43:54 | INFO     | emotion_detector | Detected emotion: happy (confidence: 0.21)
2025-12-02 22:43:57 | INFO     | emotion_detector | Bias correction: Switched from fear/sad to happy (happy score: 0.24)
2025-12-02 22:43:57 | INFO     | emotion_detector | Detected emotion: happy (confidence: 0.24)
2025-12-02 22:44:00 | INFO     | emotion_detector | Detected emotion: happy (confidence: 0.26)
2025-12-02 22:44:03 | INFO     | emotion_detector | Detected emotion: happy (confidence: 0.28)
2025-12-02 22:44:06 | INFO     | emotion_detector | Detected emotion: happy (confidence: 0.32)
2025-12-02 22:44:09 | INFO     | emotion_detector | Detected emotion: happy (confidence: 0.39)
2025-12-02 22:44:12 | INFO     | emotion_detector | Detected emotion: angry (confidence: 0.25)
2025-12-02 22:44:14 | INFO     | emotion_detector | Detected emotion: happy (confidence: 0.40)
2025-12-02 22:44:17 | INFO     | emotion_detector | Detected emotion: angry (confidence: 0.82)
2025-12-02 22:44:20 | INFO     | emotion_detector | Detected emotion: angry (confidence: 0.82)
2025-12-02 22:44:23 | INFO     | emotion_detector | Detected emotion: angry (confidence: 0.82)
2025-12-02 22:44:26 | INFO     | emotion_detector | Detected emotion: angry (confidence: 0.82)
2025-12-02 22:44:29 | INFO     | emotion_detector | Detected emotion: angry (confidence: 0.82)
2025-12-02 22:44:32 | INFO     | emotion_detector | Detected emotion: angry (confidence: 0.82)
2025-12-02 22:44:35 | INFO     | emotion_detector | Detected emotion: angry (confidence: 0.82)
2025-12-02 22:44:38 | INFO     | emotion_detector | Detected emotion: angry (confidence: 0.82)
2025-12-02 22:44:41 | INFO     | emotion_detector | Detected emotion: angry (confidence: 0.82)
2025-12-02 22:44:44 | INFO     | emotion_detector | Detected emotion: angry (confidence: 0.82)
2025-12-02 22:44:47 | INFO     | emotion_detector | Detected emotion: angry (confidence: 0.82)
2025-12-02 22:44:50 | INFO     | emotion_detector | Detected emotion: angry (confidence: 0.82)
2025-12-02 22:44:53 | INFO     | emotion_detector | Detected emotion: angry (confidence: 0.82)
2025-12-02 22:44:56 | INFO     | emotion_detector | Detected emotion: angry (confidence: 0.82)
2025-12-02 22:44:59 | INFO     | emotion_detector | Detected emotion: angry (confidence: 0.82)
2025-12-02 22:45:01 | INFO     | emotion_detector | Detected emotion: angry (confidence: 0.82)
2025-12-02 22:45:04 | INFO     | emotion_detector | Detected emotion: angry (confidence: 0.82)
2025-12-02 22:45:07 | INFO     | emotion_detector | Detected emotion: angry (confidence: 0.82)
2025-12-02 22:45:10 | INFO     | emotion_detector | Detected emotion: angry (confidence: 0.82)
2025-12-02 22:45:13 | INFO     | emotion_detector | Detected emotion: angry (confidence: 0.82)
2025-12-02 22:45:16 | INFO     | emotion_detector | Detected emotion: angry (confidence: 0.82)
2025-12-02 22:45:19 | INFO     | emotion_detector | Detected emotion: angry (confidence: 0.82)
2025-12-02 22:45:22 | INFO     | emotion_detector | Detected emotion: angry (confidence: 0.82)
2025-12-02 22:45:25 | INFO     | emotion_detector | Detected emotion: angry (confidence: 0.82)
2025-12-02 22:45:28 | INFO     | emotion_detector | Detected emotion: angry (confidence: 0.81)
2025-12-02 22:45:31 | INFO     | emotion_detector | Detected emotion: angry (confidence: 0.82)
2025-12-02 22:45:34 | INFO     | emotion_detector | Detected emotion: angry (confidence: 0.82)
2025-12-02 22:45:36 | INFO     | emotion_detector | Detected emotion: angry (confidence: 0.82)
2025-12-02 22:45:40 | INFO     | emotion_detector | Detected emotion: angry (confidence: 0.81)
2025-12-02 22:45:42 | INFO     | emotion_detector | Detected emotion: angry (confidence: 0.82)
2025-12-02 22:45:45 | INFO     | emotion_detector | Detected emotion: angry (confidence: 0.82)
2025-12-02 22:45:48 | INFO     | emotion_detector | Detected emotion: angry (confidence: 0.82)
2025-12-02 22:45:51 | INFO     | emotion_detector | Detected emotion: angry (confidence: 0.82)
2025-12-02 22:45:54 | INFO     | emotion_detector | Detected emotion: angry (confidence: 0.82)
2025-12-02 22:45:57 | INFO     | emotion_detector | Detected emotion: angry (confidence: 0.82)
2025-12-02 22:46:00 | INFO     | emotion_detector | Detected emotion: angry (confidence: 0.82)
2025-12-02 22:46:03 | INFO     | emotion_detector | Detected emotion: angry (confidence: 0.76)
2025-12-02 22:46:06 | INFO     | emotion_detector | Detected emotion: angry (confidence: 0.77)
2025-12-02 22:46:09 | INFO     | emotion_detector | Detected emotion: angry (confidence: 0.82)
2025-12-02 22:46:11 | INFO     | emotion_detector | Detected emotion: angry (confidence: 0.74)
2025-12-02 22:46:14 | INFO     | emotion_detector | Detected emotion: angry (confidence: 0.82)
2025-12-02 22:46:17 | INFO     | emotion_detector | Detected emotion: angry (confidence: 0.79)
2025-12-02 22:46:20 | INFO     | emotion_detector | Detected emotion: angry (confidence: 0.80)
2025-12-02 22:46:23 | INFO     | emotion_detector | Detected emotion: angry (confidence: 0.82)
2025-12-02 22:46:26 | INFO     | emotion_detector | Detected emotion: angry (confidence: 0.82)
2025-12-02 22:46:29 | INFO     | emotion_detector | Detected emotion: angry (confidence: 0.82)
2025-12-02 22:46:32 | INFO     | emotion_detector | Detected emotion: angry (confidence: 0.82)
2025-12-02 22:46:35 | INFO     | emotion_detector | Detected emotion: angry (confidence: 0.82)
2025-12-02 22:46:38 | INFO     | emotion_detector | Detected emotion: angry (confidence: 0.82)
2025-12-02 22:46:41 | INFO     | emotion_detector | Detected emotion: angry (confidence: 0.81)
2025-12-02 22:46:44 | INFO     | emotion_detector | Detected emotion: angry (confidence: 0.82)
2025-12-02 22:46:47 | INFO     | emotion_detector | Detected emotion: angry (confidence: 0.82)
2025-12-02 22:46:50 | INFO     | emotion_detector | Detected emotion: angry (confidence: 0.82)
2025-12-02 22:46:52 | INFO     | emotion_detector | Detected emotion: angry (confidence: 0.82)
2025-12-02 22:46:55 | INFO     | emotion_detector | Detected emotion: angry (confidence: 0.82)
2025-12-02 22:46:58 | INFO     | emotion_detector | Detected emotion: angry (confidence: 0.82)
2025-12-02 22:47:01 | INFO     | emotion_detector | Detected emotion: angry (confidence: 0.82)
2025-12-02 22:47:04 | INFO     | emotion_detector | Detected emotion: angry (confidence: 0.82)
2025-12-02 22:47:07 | INFO     | emotion_detector | Detected emotion: angry (confidence: 0.79)
2025-12-02 22:47:10 | INFO     | emotion_detector | Detected emotion: angry (confidence: 0.82)
2025-12-02 22:47:13 | INFO     | emotion_detector | Detected emotion: angry (confidence: 0.81)
2025-12-02 22:47:16 | INFO     | emotion_detector | Detected emotion: angry (confidence: 0.79)
2025-12-02 22:47:19 | INFO     | emotion_detector | Detected emotion: angry (confidence: 0.81)
2025-12-02 22:47:22 | INFO     | emotion_detector | Detected emotion: angry (confidence: 0.78)
2025-12-02 22:47:25 | INFO     | emotion_detector | Detected emotion: angry (confidence: 0.82)
2025-12-02 22:47:27 | INFO     | emotion_detector | Detected emotion: angry (confidence: 0.82)
2025-12-02 22:47:30 | INFO     | emotion_detector | Detected emotion: angry (confidence: 0.82)
2025-12-02 22:47:33 | INFO     | emotion_detector | Detected emotion: angry (confidence: 0.77)
2025-12-02 22:47:36 | INFO     | emotion_detector | Detected emotion: angry (confidence: 0.71)
2025-12-02 22:47:39 | INFO     | emotion_detector | Detected emotion: angry (confidence: 0.83)
2025-12-02 22:47:42 | INFO     | emotion_detector | Detected emotion: angry (confidence: 0.76)
2025-12-02 22:47:45 | INFO     | emotion_detector | Detected emotion: angry (confidence: 0.82)
2025-12-02 22:47:48 | INFO     | emotion_detector | Detected emotion: angry (confidence: 0.76)
2025-12-02 22:47:51 | INFO     | emotion_detector | Detected emotion: angry (confidence: 0.84)
2025-12-02 22:47:54 | INFO     | emotion_detector | Detected emotion: angry (confidence: 0.71)
2025-12-02 22:47:57 | INFO     | emotion_detector | Detected emotion: angry (confidence: 0.73)
2025-12-02 22:47:59 | INFO     | emotion_detector | Detected emotion: angry (confidence: 0.79)
2025-12-02 22:48:02 | INFO     | emotion_detector | Detected emotion: angry (confidence: 0.74)
2025-12-02 22:48:05 | INFO     | emotion_detector | Detected emotion: angry (confidence: 0.82)
2025-12-02 22:48:08 | INFO     | emotion_detector | Detected emotion: angry (confidence: 0.82)
2025-12-02 22:48:12 | INFO     | emotion_detector | Detected emotion: angry (confidence: 0.78)
2025-12-02 22:48:15 | INFO     | emotion_detector | Detected emotion: angry (confidence: 0.82)
2025-12-02 22:48:18 | INFO     | emotion_detector | Detected emotion: angry (confidence: 0.82)
2025-12-02 22:48:19 | INFO     | emotion_detector | Background emotion monitoring started
2025-12-02 22:48:22 | INFO     | emotion_detector | Detected emotion: angry (confidence: 0.82)
2025-12-02 22:48:24 | INFO     | emotion_detector | Detected emotion: angry (confidence: 0.82)
2025-12-02 22:48:25 | INFO     | emotion_detector | Detected emotion: angry (confidence: 0.82)
2025-12-02 22:48:27 | INFO     | emotion_detector | Emotion monitor updated for user: 1
2025-12-02 22:48:28 | INFO     | tts_output | Generating TTS with voice 'nova' for tone 'cheerful' (speed: 1.0)
2025-12-02 22:48:30 | INFO     | emotion_detector | Detected emotion: angry (confidence: 0.77)
2025-12-02 22:48:31 | WARNING  | emotion_detector | Failed to capture frame from camera
2025-12-02 22:48:32 | INFO     | tts_output | TTS audio saved: C:\Users\SHIVANSH\Desktop\ROOMie\backend\audio\tmp0pdxgt8p.mp3
2025-12-02 22:48:32 | INFO     | app | ROOMie backend ready
2025-12-02 22:48:34 | WARNING  | emotion_detector | Failed to capture frame from camera
2025-12-02 22:48:40 | WARNING  | emotion_detector | Failed to capture frame from camera
2025-12-02 22:48:41 | WARNING  | emotion_detector | Failed to capture frame from camera
2025-12-02 22:48:43 | WARNING  | emotion_detector | Failed to capture frame from camera
2025-12-02 22:48:48 | INFO     | voice_tone | Voice tone analysis: neutral (confidence: 0.50)
2025-12-02 22:48:51 | INFO     | ai_core | AI response generated: That's okay! Sometimes it can be hard to know what...
2025-12-02 22:48:51 | INFO     | emotion_detector | Detected emotion: angry (confidence: 0.79)
2025-12-02 22:48:51 | INFO     | tts_output | Generating TTS with voice 'nova' for tone 'sad' (speed: 0.85)
2025-12-02 22:48:53 | INFO     | emotion_detector | Detected emotion: angry (confidence: 0.84)
2025-12-02 22:48:55 | INFO     | tts_output | TTS audio saved: C:\Users\SHIVANSH\Desktop\ROOMie\backend\audio\tmp9svtxwfc.mp3
2025-12-02 22:49:00 | INFO     | emotion_detector | Detected emotion: angry (confidence: 0.81)
2025-12-02 22:49:01 | INFO     | emotion_calibration | Matched emotion: angry (similarity: 0.95)
2025-12-02 22:49:01 | INFO     | emotion_detector | Personalized match: angry (confidence: 0.95)
2025-12-02 22:49:02 | INFO     | emotion_detector | Detected emotion: angry (confidence: 0.76)
2025-12-02 22:49:10 | INFO     | emotion_detector | Detected emotion: angry (confidence: 0.77)
2025-12-02 22:49:12 | INFO     | emotion_detector | Background emotion monitoring stopped
2025-12-02 22:49:12 | INFO     | emotion_detector | Background emotion monitoring started
2025-12-02 22:49:12 | INFO     | emotion_calibration | Matched emotion: angry (similarity: 0.95)
2025-12-02 22:49:12 | INFO     | emotion_detector | Personalized match: angry (confidence: 0.95)
2025-12-02 22:49:12 | INFO     | emotion_detector | Detected emotion: angry (confidence: 0.78)
2025-12-02 22:49:14 | INFO     | emotion_detector | Background emotion monitoring stopped
2025-12-02 22:49:17 | INFO     | emotion_detector | Detected emotion: angry (confidence: 0.77)
2025-12-02 22:49:19 | INFO     | emotion_detector | Detected emotion: angry (confidence: 0.82)
2025-12-02 22:49:20 | INFO     | emotion_detector | Detected emotion: angry (confidence: 0.82)
2025-12-02 22:49:28 | INFO     | emotion_detector | Detected emotion: angry (confidence: 0.75)
2025-12-02 22:49:29 | INFO     | emotion_detector | Detected emotion: angry (confidence: 0.74)
2025-12-02 22:49:31 | INFO     | emotion_detector | Background emotion monitoring started
2025-12-02 22:49:31 | INFO     | emotion_detector | Emotion monitor updated for user: 1
2025-12-02 22:49:33 | INFO     | emotion_detector | Background emotion monitoring stopped
2025-12-02 22:49:34 | INFO     | emotion_detector | Background emotion monitoring started
2025-12-02 22:49:34 | INFO     | emotion_detector | Emotion monitor updated for user: 1
2025-12-02 22:49:40 | INFO     | emotion_detector | Detected emotion: angry (confidence: 0.77)
2025-12-02 22:49:41 | WARNING  | emotion_detector | Failed to capture frame from camera
2025-12-02 22:49:41 | INFO     | emotion_detector | Detected emotion: angry (confidence: 0.75)
2025-12-02 22:49:42 | INFO     | emotion_detector | Detected emotion: angry (confidence: 0.74)
2025-12-02 22:49:43 | INFO     | emotion_detector | Background emotion monitoring stopped
2025-12-02 22:49:43 | INFO     | emotion_detector | Background emotion monitoring started
2025-12-02 22:49:45 | INFO     | emotion_detector | Background emotion monitoring stopped
2025-12-02 22:49:49 | WARNING  | emotion_detector | Failed to capture frame from camera
2025-12-02 22:49:49 | INFO     | emotion_detector | Detected emotion: angry (confidence: 0.75)
2025-12-02 22:49:50 | INFO     | emotion_detector | Detected emotion: angry (confidence: 0.78)
2025-12-02 22:49:55 | INFO     | emotion_detector | Detected emotion: angry (confidence: 0.82)
2025-12-02 22:49:56 | INFO     | emotion_detector | Detected emotion: angry (confidence: 0.82)
2025-12-02 22:50:01 | INFO     | emotion_detector | Detected emotion: angry (confidence: 0.82)
2025-12-02 22:50:02 | INFO     | emotion_detector | Detected emotion: angry (confidence: 0.82)
2025-12-02 22:50:07 | INFO     | emotion_detector | Detected emotion: angry (confidence: 0.82)
2025-12-02 22:50:08 | INFO     | emotion_detector | Detected emotion: angry (confidence: 0.82)
2025-12-02 22:50:14 | INFO     | emotion_detector | Detected emotion: angry (confidence: 0.81)
2025-12-02 22:50:14 | INFO     | emotion_detector | Detected emotion: angry (confidence: 0.82)
2025-12-02 22:50:20 | INFO     | emotion_detector | Detected emotion: angry (confidence: 0.82)
2025-12-02 22:50:20 | INFO     | emotion_detector | Detected emotion: angry (confidence: 0.82)
2025-12-02 22:50:26 | INFO     | emotion_detector | Detected emotion: angry (confidence: 0.82)
2025-12-02 22:50:26 | INFO     | emotion_detector | Detected emotion: angry (confidence: 0.82)
2025-12-02 22:50:32 | INFO     | emotion_detector | Detected emotion: angry (confidence: 0.82)
2025-12-02 22:50:32 | INFO     | emotion_detector | Detected emotion: angry (confidence: 0.82)
2025-12-02 22:50:39 | INFO     | emotion_detector | Detected emotion: angry (confidence: 0.83)
2025-12-02 22:50:39 | INFO     | emotion_detector | Detected emotion: angry (confidence: 0.83)
2025-12-02 22:50:45 | INFO     | emotion_detector | Detected emotion: angry (confidence: 0.82)
2025-12-02 22:50:45 | INFO     | emotion_detector | Detected emotion: angry (confidence: 0.82)
2025-12-02 22:50:51 | INFO     | emotion_detector | Detected emotion: angry (confidence: 0.77)
2025-12-02 22:50:51 | INFO     | emotion_detector | Detected emotion: angry (confidence: 0.78)
2025-12-02 22:50:57 | INFO     | emotion_detector | Detected emotion: angry (confidence: 0.81)
2025-12-02 22:50:57 | INFO     | emotion_detector | Detected emotion: angry (confidence: 0.72)
2025-12-02 22:51:03 | INFO     | emotion_detector | Detected emotion: angry (confidence: 0.78)
2025-12-02 22:51:04 | INFO     | emotion_detector | Detected emotion: angry (confidence: 0.79)
2025-12-02 22:51:09 | INFO     | emotion_detector | Detected emotion: angry (confidence: 0.79)
2025-12-02 22:51:10 | INFO     | emotion_detector | Detected emotion: angry (confidence: 0.77)
2025-12-02 22:51:16 | INFO     | emotion_detector | Detected emotion: angry (confidence: 0.76)
2025-12-02 22:51:16 | INFO     | emotion_detector | Detected emotion: angry (confidence: 0.79)
2025-12-02 22:51:22 | INFO     | emotion_detector | Detected emotion: angry (confidence: 0.81)
2025-12-02 22:51:22 | INFO     | emotion_detector | Detected emotion: angry (confidence: 0.82)
2025-12-02 22:51:28 | INFO     | emotion_detector | Detected emotion: angry (confidence: 0.77)
2025-12-02 22:51:28 | INFO     | emotion_detector | Detected emotion: angry (confidence: 0.70)
2025-12-02 22:51:34 | INFO     | emotion_detector | Detected emotion: angry (confidence: 0.80)
2025-12-02 22:51:35 | INFO     | emotion_detector | Detected emotion: angry (confidence: 0.83)
2025-12-02 22:51:41 | INFO     | emotion_detector | Detected emotion: angry (confidence: 0.80)
2025-12-02 22:51:41 | INFO     | emotion_detector | Detected emotion: angry (confidence: 0.78)
2025-12-02 22:51:47 | INFO     | emotion_detector | Detected emotion: angry (confidence: 0.83)
2025-12-02 22:51:47 | INFO     | emotion_detector | Detected emotion: angry (confidence: 0.81)
2025-12-02 22:51:53 | INFO     | emotion_detector | Detected emotion: angry (confidence: 0.82)
2025-12-02 22:51:53 | INFO     | emotion_detector | Detected emotion: angry (confidence: 0.82)
2025-12-02 22:51:59 | INFO     | emotion_detector | Detected emotion: angry (confidence: 0.83)
2025-12-02 22:51:59 | INFO     | emotion_detector | Detected emotion: angry (confidence: 0.82)
2025-12-02 22:52:05 | INFO     | emotion_detector | Detected emotion: angry (confidence: 0.72)
2025-12-02 22:52:06 | INFO     | emotion_detector | Detected emotion: angry (confidence: 0.71)
2025-12-02 22:52:11 | INFO     | emotion_detector | Detected emotion: angry (confidence: 0.74)
2025-12-02 22:52:12 | INFO     | emotion_detector | Detected emotion: angry (confidence: 0.77)
2025-12-02 22:52:17 | INFO     | emotion_detector | Detected emotion: angry (confidence: 0.82)
2025-12-02 22:52:18 | INFO     | emotion_detector | Detected emotion: angry (confidence: 0.74)
2025-12-02 22:52:24 | INFO     | emotion_detector | Detected emotion: angry (confidence: 0.82)
2025-12-02 22:52:24 | INFO     | emotion_detector | Detected emotion: angry (confidence: 0.82)
2025-12-02 22:52:30 | INFO     | emotion_detector | Detected emotion: angry (confidence: 0.86)
2025-12-02 22:52:30 | INFO     | emotion_detector | Detected emotion: angry (confidence: 0.87)
2025-12-02 22:52:36 | INFO     | emotion_detector | Detected emotion: angry (confidence: 0.82)
2025-12-02 22:52:37 | INFO     | emotion_detector | Detected emotion: angry (confidence: 0.78)
2025-12-02 22:52:42 | INFO     | emotion_detector | Detected emotion: angry (confidence: 0.74)
2025-12-02 22:52:43 | INFO     | emotion_detector | Detected emotion: angry (confidence: 0.74)
2025-12-02 22:52:48 | INFO     | emotion_detector | Detected emotion: angry (confidence: 0.75)
2025-12-02 22:52:49 | INFO     | emotion_detector | Detected emotion: angry (confidence: 0.72)
2025-12-02 22:52:55 | INFO     | emotion_detector | Detected emotion: angry (confidence: 0.73)
2025-12-02 22:52:55 | INFO     | emotion_detector | Detected emotion: angry (confidence: 0.76)
2025-12-02 22:53:01 | INFO     | emotion_detector | Detected emotion: angry (confidence: 0.86)
2025-12-02 22:53:01 | INFO     | emotion_detector | Detected emotion: angry (confidence: 0.88)
2025-12-02 22:53:07 | INFO     | emotion_detector | Detected emotion: angry (confidence: 0.83)
2025-12-02 22:53:07 | INFO     | emotion_detector | Detected emotion: angry (confidence: 0.82)
2025-12-02 22:53:13 | INFO     | emotion_detector | Detected emotion: angry (confidence: 0.70)
2025-12-02 22:53:13 | INFO     | emotion_detector | Detected emotion: angry (confidence: 0.76)
2025-12-02 22:53:19 | INFO     | emotion_detector | Detected emotion: angry (confidence: 0.78)
2025-12-02 22:53:19 | INFO     | emotion_detector | Detected emotion: angry (confidence: 0.77)
2025-12-02 22:53:25 | INFO     | emotion_detector | Detected emotion: angry (confidence: 0.82)
2025-12-02 22:53:26 | INFO     | emotion_detector | Detected emotion: angry (confidence: 0.83)
2025-12-02 22:53:31 | INFO     | emotion_detector | Detected emotion: angry (confidence: 0.82)
2025-12-02 22:53:32 | INFO     | emotion_detector | Detected emotion: angry (confidence: 0.83)
2025-12-02 22:53:37 | INFO     | emotion_detector | Detected emotion: angry (confidence: 0.82)
2025-12-02 22:53:38 | INFO     | emotion_detector | Detected emotion: angry (confidence: 0.82)
2025-12-02 22:53:43 | INFO     | emotion_detector | Detected emotion: angry (confidence: 0.82)
2025-12-02 22:53:44 | INFO     | emotion_detector | Detected emotion: angry (confidence: 0.81)
2025-12-02 22:53:49 | INFO     | emotion_detector | Detected emotion: angry (confidence: 0.77)
2025-12-02 22:53:50 | INFO     | emotion_detector | Detected emotion: angry (confidence: 0.81)
2025-12-02 22:53:55 | INFO     | emotion_detector | Detected emotion: angry (confidence: 0.80)
2025-12-02 22:53:56 | INFO     | emotion_detector | Detected emotion: angry (confidence: 0.76)
2025-12-02 22:54:02 | INFO     | emotion_detector | Detected emotion: angry (confidence: 0.82)
2025-12-02 22:54:02 | INFO     | emotion_detector | Detected emotion: angry (confidence: 0.82)
2025-12-02 22:54:08 | INFO     | emotion_detector | Detected emotion: angry (confidence: 0.77)
2025-12-02 22:54:08 | INFO     | emotion_detector | Detected emotion: angry (confidence: 0.77)
2025-12-02 22:54:14 | INFO     | emotion_detector | Detected emotion: angry (confidence: 1.00)
2025-12-02 22:54:14 | INFO     | emotion_detector | Detected emotion: angry (confidence: 0.94)
2025-12-02 22:54:20 | INFO     | emotion_detector | Detected emotion: angry (confidence: 0.70)
2025-12-02 22:54:20 | INFO     | emotion_detector | Detected emotion: angry (confidence: 0.75)
2025-12-02 22:54:26 | INFO     | emotion_detector | Detected emotion: angry (confidence: 0.77)
2025-12-02 22:54:27 | INFO     | emotion_detector | Detected emotion: angry (confidence: 0.72)
2025-12-02 22:54:32 | INFO     | emotion_detector | Detected emotion: angry (confidence: 0.69)
2025-12-02 22:54:33 | INFO     | emotion_detector | Detected emotion: angry (confidence: 0.75)
2025-12-02 22:54:39 | INFO     | emotion_detector | Detected emotion: angry (confidence: 0.82)
2025-12-02 22:54:39 | INFO     | emotion_detector | Detected emotion: angry (confidence: 0.82)
2025-12-02 22:54:45 | INFO     | emotion_detector | Detected emotion: angry (confidence: 0.82)
2025-12-02 22:54:45 | INFO     | emotion_detector | Detected emotion: angry (confidence: 0.82)
2025-12-02 22:54:51 | INFO     | emotion_detector | Detected emotion: angry (confidence: 0.81)
2025-12-02 22:54:51 | INFO     | emotion_detector | Detected emotion: angry (confidence: 0.82)
2025-12-02 22:54:57 | INFO     | emotion_detector | Detected emotion: angry (confidence: 0.82)
2025-12-02 22:54:57 | INFO     | emotion_detector | Detected emotion: angry (confidence: 0.82)
2025-12-02 22:55:03 | INFO     | emotion_detector | Detected emotion: angry (confidence: 0.87)
2025-12-02 22:55:03 | INFO     | emotion_detector | Detected emotion: angry (confidence: 0.89)
2025-12-02 22:55:09 | INFO     | emotion_detector | Detected emotion: angry (confidence: 0.82)
2025-12-02 22:55:09 | INFO     | emotion_detector | Detected emotion: angry (confidence: 0.82)
2025-12-02 22:55:15 | INFO     | emotion_detector | Detected emotion: angry (confidence: 0.82)
2025-12-02 22:55:15 | INFO     | emotion_detector | Detected emotion: angry (confidence: 0.81)
2025-12-02 22:55:21 | INFO     | emotion_detector | Detected emotion: angry (confidence: 0.82)
2025-12-02 22:55:22 | INFO     | emotion_detector | Detected emotion: angry (confidence: 0.82)
2025-12-02 22:55:27 | INFO     | emotion_detector | Detected emotion: angry (confidence: 0.82)
2025-12-02 22:55:28 | INFO     | emotion_detector | Detected emotion: angry (confidence: 0.82)
2025-12-02 22:55:33 | INFO     | emotion_detector | Detected emotion: angry (confidence: 0.82)
2025-12-02 22:55:34 | INFO     | emotion_detector | Detected emotion: angry (confidence: 0.82)
2025-12-02 22:55:39 | INFO     | emotion_detector | Detected emotion: angry (confidence: 0.82)
2025-12-02 22:55:40 | INFO     | emotion_detector | Detected emotion: angry (confidence: 0.83)
2025-12-02 22:55:45 | INFO     | emotion_detector | Detected emotion: angry (confidence: 0.69)
2025-12-02 22:55:46 | INFO     | emotion_detector | Detected emotion: angry (confidence: 0.78)
2025-12-02 22:55:51 | INFO     | emotion_detector | Detected emotion: angry (confidence: 0.75)
2025-12-02 22:55:52 | INFO     | emotion_detector | Detected emotion: angry (confidence: 0.76)
2025-12-02 22:55:58 | INFO     | emotion_detector | Detected emotion: angry (confidence: 0.72)
2025-12-02 22:55:58 | INFO     | emotion_detector | Detected emotion: angry (confidence: 0.73)
2025-12-02 22:56:04 | INFO     | emotion_detector | Detected emotion: angry (confidence: 0.83)
2025-12-02 22:56:04 | INFO     | emotion_detector | Detected emotion: angry (confidence: 0.76)
2025-12-02 22:56:10 | INFO     | emotion_detector | Detected emotion: angry (confidence: 0.80)
2025-12-02 22:56:10 | INFO     | emotion_detector | Detected emotion: angry (confidence: 0.82)
2025-12-02 22:56:16 | INFO     | emotion_detector | Detected emotion: angry (confidence: 0.82)
2025-12-02 22:56:16 | INFO     | emotion_detector | Detected emotion: angry (confidence: 0.82)
2025-12-02 22:56:22 | INFO     | emotion_detector | Detected emotion: angry (confidence: 0.82)
2025-12-02 22:56:22 | INFO     | emotion_detector | Detected emotion: angry (confidence: 0.82)
2025-12-02 22:56:28 | INFO     | emotion_detector | Detected emotion: angry (confidence: 0.82)
2025-12-02 22:56:28 | INFO     | emotion_detector | Detected emotion: angry (confidence: 0.82)
2025-12-02 22:56:34 | INFO     | emotion_detector | Detected emotion: angry (confidence: 0.82)
2025-12-02 22:56:34 | INFO     | emotion_detector | Detected emotion: angry (confidence: 0.82)
2025-12-02 22:56:40 | INFO     | emotion_detector | Detected emotion: angry (confidence: 0.82)
2025-12-02 22:56:40 | INFO     | emotion_detector | Detected emotion: angry (confidence: 0.82)
2025-12-02 22:56:46 | INFO     | emotion_detector | Detected emotion: angry (confidence: 0.82)
2025-12-02 22:56:47 | INFO     | emotion_detector | Detected emotion: angry (confidence: 0.82)
2025-12-02 22:56:52 | INFO     | emotion_detector | Detected emotion: angry (confidence: 0.82)
2025-12-02 22:56:53 | INFO     | emotion_detector | Detected emotion: angry (confidence: 0.82)
2025-12-02 22:56:58 | INFO     | emotion_detector | Detected emotion: angry (confidence: 0.82)
2025-12-02 22:56:59 | INFO     | emotion_detector | Detected emotion: angry (confidence: 0.82)
2025-12-02 22:57:05 | INFO     | emotion_detector | Detected emotion: angry (confidence: 0.83)
2025-12-02 22:57:05 | INFO     | emotion_detector | Detected emotion: angry (confidence: 0.82)
2025-12-02 22:57:11 | INFO     | emotion_detector | Detected emotion: angry (confidence: 0.83)
2025-12-02 22:57:11 | INFO     | emotion_detector | Detected emotion: angry (confidence: 0.83)
2025-12-02 22:57:17 | INFO     | emotion_detector | Detected emotion: angry (confidence: 0.82)
2025-12-02 22:57:17 | INFO     | emotion_detector | Detected emotion: angry (confidence: 0.82)
2025-12-02 22:57:23 | INFO     | emotion_detector | Detected emotion: angry (confidence: 0.82)
2025-12-02 22:57:24 | INFO     | emotion_detector | Detected emotion: angry (confidence: 0.82)
2025-12-02 22:57:30 | INFO     | emotion_detector | Detected emotion: angry (confidence: 0.81)
2025-12-02 22:57:30 | INFO     | emotion_detector | Detected emotion: angry (confidence: 0.82)
2025-12-02 22:57:37 | INFO     | emotion_detector | Detected emotion: angry (confidence: 0.82)
2025-12-02 22:57:37 | INFO     | emotion_detector | Detected emotion: angry (confidence: 0.81)
2025-12-02 22:57:43 | INFO     | emotion_detector | Detected emotion: angry (confidence: 0.81)
2025-12-02 22:57:43 | INFO     | emotion_detector | Detected emotion: angry (confidence: 0.82)
2025-12-02 22:57:49 | INFO     | emotion_detector | Detected emotion: angry (confidence: 0.82)
2025-12-02 22:57:49 | INFO     | emotion_detector | Detected emotion: angry (confidence: 0.81)
2025-12-02 22:57:55 | INFO     | emotion_detector | Detected emotion: angry (confidence: 0.82)
2025-12-02 22:57:55 | INFO     | emotion_detector | Detected emotion: angry (confidence: 0.82)
2025-12-02 22:58:01 | INFO     | emotion_detector | Detected emotion: angry (confidence: 0.82)
2025-12-02 22:58:02 | INFO     | emotion_detector | Detected emotion: angry (confidence: 0.82)
2025-12-02 22:58:07 | INFO     | emotion_detector | Detected emotion: angry (confidence: 0.74)
2025-12-02 22:58:08 | INFO     | emotion_detector | Detected emotion: angry (confidence: 0.83)
2025-12-02 22:58:14 | INFO     | emotion_detector | Detected emotion: angry (confidence: 0.80)
2025-12-02 22:58:14 | INFO     | emotion_detector | Detected emotion: angry (confidence: 0.77)
2025-12-02 22:58:20 | INFO     | emotion_detector | Detected emotion: angry (confidence: 0.81)
2025-12-02 22:58:20 | INFO     | emotion_detector | Detected emotion: angry (confidence: 0.82)
2025-12-02 22:58:26 | INFO     | emotion_detector | Detected emotion: angry (confidence: 0.82)
2025-12-02 22:58:26 | INFO     | emotion_detector | Detected emotion: angry (confidence: 0.82)
2025-12-02 22:58:32 | INFO     | emotion_detector | Detected emotion: angry (confidence: 0.82)
2025-12-02 22:58:32 | INFO     | emotion_detector | Detected emotion: angry (confidence: 0.82)
2025-12-02 22:58:38 | INFO     | emotion_detector | Detected emotion: angry (confidence: 0.82)
2025-12-02 22:58:38 | INFO     | emotion_detector | Detected emotion: angry (confidence: 0.82)
2025-12-02 22:58:44 | INFO     | emotion_detector | Detected emotion: angry (confidence: 0.83)
2025-12-02 22:58:45 | INFO     | emotion_detector | Detected emotion: angry (confidence: 0.83)
2025-12-02 22:58:50 | INFO     | emotion_detector | Detected emotion: angry (confidence: 0.82)
2025-12-02 22:58:51 | INFO     | emotion_detector | Detected emotion: angry (confidence: 0.82)
2025-12-02 22:58:56 | INFO     | emotion_detector | Detected emotion: angry (confidence: 0.76)
2025-12-02 22:58:57 | INFO     | emotion_detector | Detected emotion: angry (confidence: 0.82)
2025-12-02 22:59:02 | INFO     | emotion_detector | Detected emotion: angry (confidence: 0.80)
2025-12-02 22:59:03 | INFO     | emotion_detector | Detected emotion: angry (confidence: 0.74)
2025-12-02 22:59:08 | INFO     | emotion_detector | Detected emotion: angry (confidence: 0.82)
2025-12-02 22:59:09 | INFO     | emotion_detector | Detected emotion: angry (confidence: 0.82)
2025-12-02 22:59:15 | INFO     | emotion_detector | Detected emotion: angry (confidence: 0.81)
2025-12-02 22:59:15 | INFO     | emotion_detector | Detected emotion: angry (confidence: 0.82)
2025-12-02 22:59:21 | INFO     | emotion_detector | Detected emotion: angry (confidence: 0.83)
2025-12-02 22:59:21 | INFO     | emotion_detector | Detected emotion: angry (confidence: 0.83)
2025-12-02 22:59:27 | INFO     | emotion_detector | Detected emotion: angry (confidence: 0.78)
2025-12-02 22:59:27 | INFO     | emotion_detector | Detected emotion: angry (confidence: 0.82)
2025-12-02 22:59:33 | INFO     | emotion_detector | Detected emotion: angry (confidence: 0.68)
2025-12-02 22:59:34 | INFO     | emotion_detector | Detected emotion: angry (confidence: 0.83)
2025-12-02 22:59:39 | INFO     | emotion_detector | Detected emotion: angry (confidence: 0.82)
2025-12-02 22:59:40 | INFO     | emotion_detector | Detected emotion: angry (confidence: 0.79)
2025-12-02 22:59:46 | INFO     | emotion_detector | Detected emotion: angry (confidence: 0.75)
2025-12-02 22:59:46 | INFO     | emotion_detector | Detected emotion: angry (confidence: 0.80)
2025-12-02 22:59:52 | INFO     | emotion_detector | Detected emotion: angry (confidence: 0.82)
2025-12-02 22:59:52 | INFO     | emotion_detector | Detected emotion: angry (confidence: 0.82)
2025-12-02 22:59:58 | INFO     | emotion_detector | Detected emotion: angry (confidence: 0.82)
2025-12-02 22:59:58 | INFO     | emotion_detector | Detected emotion: angry (confidence: 0.82)
2025-12-02 23:00:04 | INFO     | emotion_detector | Detected emotion: angry (confidence: 0.82)
2025-12-02 23:00:04 | INFO     | emotion_detector | Detected emotion: angry (confidence: 0.82)
2025-12-02 23:00:10 | INFO     | emotion_detector | Detected emotion: angry (confidence: 0.82)
2025-12-02 23:00:11 | INFO     | emotion_detector | Detected emotion: angry (confidence: 0.82)
2025-12-02 23:00:16 | INFO     | emotion_detector | Detected emotion: angry (confidence: 0.82)
2025-12-02 23:00:17 | INFO     | emotion_detector | Detected emotion: angry (confidence: 0.82)
2025-12-02 23:00:22 | INFO     | emotion_detector | Detected emotion: angry (confidence: 0.82)
2025-12-02 23:00:23 | INFO     | emotion_detector | Detected emotion: angry (confidence: 0.82)
2025-12-02 23:00:28 | INFO     | emotion_detector | Detected emotion: angry (confidence: 0.82)
2025-12-02 23:00:29 | INFO     | emotion_detector | Detected emotion: angry (confidence: 0.82)
2025-12-02 23:00:35 | INFO     | emotion_detector | Detected emotion: angry (confidence: 0.82)
2025-12-02 23:00:35 | INFO     | emotion_detector | Detected emotion: angry (confidence: 0.82)
2025-12-02 23:00:41 | INFO     | emotion_detector | Detected emotion: angry (confidence: 0.82)
2025-12-02 23:00:41 | INFO     | emotion_detector | Detected emotion: angry (confidence: 0.82)
2025-12-02 23:00:47 | INFO     | emotion_detector | Detected emotion: angry (confidence: 0.82)
2025-12-02 23:00:47 | INFO     | emotion_detector | Detected emotion: angry (confidence: 0.82)
2025-12-02 23:00:53 | INFO     | emotion_detector | Detected emotion: angry (confidence: 0.81)
2025-12-02 23:00:53 | INFO     | emotion_detector | Detected emotion: angry (confidence: 0.82)
2025-12-02 23:00:59 | INFO     | emotion_detector | Detected emotion: angry (confidence: 0.82)
2025-12-02 23:00:59 | INFO     | emotion_detector | Detected emotion: angry (confidence: 0.81)
2025-12-02 23:01:05 | INFO     | emotion_detector | Detected emotion: angry (confidence: 0.82)
2025-12-02 23:01:06 | INFO     | emotion_detector | Detected emotion: angry (confidence: 0.82)
2025-12-02 23:01:11 | INFO     | emotion_detector | Detected emotion: angry (confidence: 0.83)
2025-12-02 23:01:12 | INFO     | emotion_detector | Detected emotion: angry (confidence: 0.83)
2025-12-02 23:01:18 | INFO     | emotion_detector | Detected emotion: angry (confidence: 0.82)
2025-12-02 23:01:18 | INFO     | emotion_detector | Detected emotion: angry (confidence: 0.82)
2025-12-02 23:01:24 | INFO     | emotion_detector | Detected emotion: angry (confidence: 0.82)
2025-12-02 23:01:25 | INFO     | emotion_detector | Detected emotion: angry (confidence: 0.82)
2025-12-02 23:01:30 | INFO     | emotion_detector | Detected emotion: angry (confidence: 0.82)
2025-12-02 23:01:31 | INFO     | emotion_detector | Detected emotion: angry (confidence: 0.82)
2025-12-02 23:01:36 | INFO     | emotion_detector | Detected emotion: angry (confidence: 0.82)
2025-12-02 23:01:37 | INFO     | emotion_detector | Detected emotion: angry (confidence: 0.82)
2025-12-02 23:01:42 | INFO     | emotion_detector | Detected emotion: angry (confidence: 0.82)
2025-12-02 23:01:43 | INFO     | emotion_detector | Detected emotion: angry (confidence: 0.81)
2025-12-02 23:01:48 | INFO     | emotion_detector | Detected emotion: angry (confidence: 0.82)
2025-12-02 23:01:49 | INFO     | emotion_detector | Detected emotion: angry (confidence: 0.77)
2025-12-02 23:01:55 | INFO     | emotion_detector | Detected emotion: angry (confidence: 0.80)
2025-12-02 23:01:55 | INFO     | emotion_detector | Detected emotion: angry (confidence: 0.80)
2025-12-02 23:02:01 | INFO     | emotion_detector | Detected emotion: angry (confidence: 0.76)
2025-12-02 23:02:01 | INFO     | emotion_detector | Detected emotion: angry (confidence: 0.79)
2025-12-02 23:02:07 | INFO     | emotion_detector | Detected emotion: angry (confidence: 0.71)
2025-12-02 23:02:07 | INFO     | emotion_detector | Detected emotion: angry (confidence: 0.72)
2025-12-02 23:02:13 | INFO     | emotion_detector | Detected emotion: angry (confidence: 0.78)
2025-12-02 23:02:13 | INFO     | emotion_detector | Detected emotion: angry (confidence: 0.78)
2025-12-02 23:02:19 | INFO     | emotion_detector | Detected emotion: angry (confidence: 0.82)
2025-12-02 23:02:19 | INFO     | emotion_detector | Detected emotion: angry (confidence: 0.76)
2025-12-02 23:02:25 | INFO     | emotion_detector | Detected emotion: angry (confidence: 0.82)
2025-12-02 23:02:26 | INFO     | emotion_detector | Detected emotion: angry (confidence: 0.73)
2025-12-02 23:02:31 | INFO     | emotion_detector | Detected emotion: angry (confidence: 0.78)
2025-12-02 23:02:32 | INFO     | emotion_detector | Detected emotion: angry (confidence: 0.76)
2025-12-02 23:02:37 | INFO     | emotion_detector | Detected emotion: angry (confidence: 0.76)
2025-12-02 23:02:38 | INFO     | emotion_detector | Detected emotion: angry (confidence: 0.77)
2025-12-02 23:02:44 | INFO     | emotion_detector | Detected emotion: angry (confidence: 0.83)
2025-12-02 23:02:50 | INFO     | emotion_detector | Detected emotion: angry (confidence: 0.75)
2025-12-02 23:02:56 | INFO     | emotion_detector | Detected emotion: angry (confidence: 0.74)
2025-12-02 23:12:56 | INFO     | emotion_detector | Background emotion monitoring started
2025-12-02 23:12:56 | INFO     | app | Background emotion monitor started
2025-12-02 23:12:56 | INFO     | conversation_memory | Database initialized successfully
2025-12-02 23:12:56 | INFO     | app | Database and audio directory initialized
2025-12-02 23:12:56 | INFO     | app | ROOMie Backend v3.0 starting...
2025-12-02 23:12:56 | INFO     | app | Server: http://127.0.0.1:5000
2025-12-02 23:12:56 | INFO     | app | WebSocket: ws://127.0.0.1:5000
2025-12-02 23:13:02 | INFO     | emotion_detector | Detected emotion: angry (confidence: 0.82)
2025-12-02 23:13:08 | INFO     | emotion_detector | Detected emotion: angry (confidence: 0.82)
2025-12-02 23:13:10 | INFO     | emotion_detector | Background emotion monitoring started
2025-12-02 23:13:10 | INFO     | app | Background emotion monitor started
2025-12-02 23:13:10 | INFO     | conversation_memory | Database initialized successfully
2025-12-02 23:13:10 | INFO     | app | Database and audio directory initialized
2025-12-02 23:13:10 | INFO     | app | ROOMie Backend v3.0 starting...
2025-12-02 23:13:10 | INFO     | app | Server: http://127.0.0.1:5000
2025-12-02 23:13:10 | INFO     | app | WebSocket: ws://127.0.0.1:5000
2025-12-02 23:13:10 | INFO     | emotion_detector | Background emotion monitoring started
2025-12-02 23:13:12 | INFO     | emotion_detector | Background emotion monitoring stopped
2025-12-02 23:13:12 | INFO     | emotion_detector | Background emotion monitoring started
2025-12-02 23:13:14 | INFO     | emotion_detector | Background emotion monitoring stopped
2025-12-02 23:13:16 | WARNING  | emotion_detector | Failed to capture frame from camera
2025-12-02 23:13:17 | INFO     | emotion_detector | Detected emotion: angry (confidence: 0.81)
2025-12-02 23:13:17 | INFO     | emotion_detector | Detected emotion: angry (confidence: 0.82)
2025-12-02 23:13:18 | INFO     | emotion_detector | Detected emotion: angry (confidence: 0.82)
2025-12-02 23:13:24 | WARNING  | emotion_detector | Failed to capture frame from camera
2025-12-02 23:13:24 | INFO     | emotion_detector | Detected emotion: angry (confidence: 0.82)
2025-12-02 23:13:29 | INFO     | tts_output | Generating TTS with voice 'nova' for tone 'cheerful' (speed: 1.0)
2025-12-02 23:13:31 | INFO     | tts_output | TTS audio saved: C:\Users\SHIVANSH\Desktop\ROOMie\backend\audio\tmpr6ofecze.mp3
2025-12-02 23:13:31 | INFO     | app | ROOMie backend ready
2025-12-02 23:13:31 | INFO     | emotion_detector | Detected emotion: angry (confidence: 0.82)
2025-12-02 23:13:32 | INFO     | emotion_detector | Detected emotion: angry (confidence: 0.82)
2025-12-02 23:13:39 | WARNING  | emotion_detector | Failed to capture frame from camera
2025-12-02 23:13:40 | WARNING  | emotion_detector | Failed to capture frame from camera
2025-12-02 23:13:47 | INFO     | emotion_detector | Detected emotion: angry (confidence: 0.83)
2025-12-02 23:13:47 | INFO     | emotion_detector | Detected emotion: angry (confidence: 0.82)
2025-12-02 23:13:55 | INFO     | emotion_detector | Detected emotion: angry (confidence: 0.79)
2025-12-02 23:13:55 | INFO     | emotion_detector | Detected emotion: angry (confidence: 0.82)
2025-12-02 23:14:03 | INFO     | emotion_detector | Detected emotion: angry (confidence: 0.81)
2025-12-02 23:14:04 | INFO     | emotion_detector | Detected emotion: angry (confidence: 0.79)
2025-12-02 23:14:12 | INFO     | emotion_detector | Detected emotion: angry (confidence: 0.82)
2025-12-02 23:14:13 | INFO     | emotion_detector | Detected emotion: angry (confidence: 0.82)
2025-12-02 23:14:20 | INFO     | emotion_detector | Detected emotion: angry (confidence: 0.82)
2025-12-02 23:14:20 | INFO     | emotion_detector | Detected emotion: angry (confidence: 0.82)
2025-12-02 23:14:27 | INFO     | emotion_detector | Detected emotion: angry (confidence: 0.81)
2025-12-02 23:14:28 | INFO     | emotion_detector | Detected emotion: angry (confidence: 0.82)
2025-12-02 23:14:35 | INFO     | emotion_detector | Detected emotion: angry (confidence: 0.82)
2025-12-02 23:14:36 | INFO     | emotion_detector | Detected emotion: angry (confidence: 0.82)
2025-12-02 23:14:43 | INFO     | emotion_detector | Detected emotion: angry (confidence: 0.82)
2025-12-02 23:14:44 | INFO     | emotion_detector | Detected emotion: angry (confidence: 0.82)
2025-12-02 23:14:51 | INFO     | emotion_detector | Detected emotion: angry (confidence: 0.82)
2025-12-02 23:14:52 | INFO     | emotion_detector | Detected emotion: angry (confidence: 0.82)
2025-12-02 23:14:59 | INFO     | emotion_detector | Detected emotion: angry (confidence: 0.82)
2025-12-02 23:15:00 | INFO     | emotion_detector | Detected emotion: angry (confidence: 0.82)
2025-12-02 23:15:06 | INFO     | emotion_detector | Detected emotion: angry (confidence: 0.82)
2025-12-02 23:15:07 | INFO     | emotion_detector | Detected emotion: angry (confidence: 0.82)
2025-12-02 23:15:14 | INFO     | emotion_detector | Detected emotion: angry (confidence: 0.82)
2025-12-02 23:15:15 | INFO     | emotion_detector | Detected emotion: angry (confidence: 0.82)
2025-12-02 23:15:22 | INFO     | emotion_detector | Detected emotion: angry (confidence: 0.82)
2025-12-02 23:15:23 | INFO     | emotion_detector | Detected emotion: angry (confidence: 0.82)
2025-12-02 23:15:30 | INFO     | emotion_detector | Detected emotion: angry (confidence: 0.82)
2025-12-02 23:15:31 | INFO     | emotion_detector | Detected emotion: angry (confidence: 0.83)
2025-12-02 23:15:38 | INFO     | emotion_detector | Detected emotion: angry (confidence: 0.82)
2025-12-02 23:15:39 | INFO     | emotion_detector | Detected emotion: angry (confidence: 0.82)
2025-12-02 23:15:45 | INFO     | emotion_detector | Detected emotion: angry (confidence: 0.82)
2025-12-02 23:15:46 | INFO     | emotion_detector | Detected emotion: angry (confidence: 0.82)
2025-12-02 23:15:53 | INFO     | emotion_detector | Detected emotion: angry (confidence: 0.82)
2025-12-02 23:15:54 | INFO     | emotion_detector | Detected emotion: angry (confidence: 0.82)
2025-12-02 23:16:02 | INFO     | emotion_detector | Detected emotion: angry (confidence: 0.83)
2025-12-02 23:16:03 | INFO     | emotion_detector | Detected emotion: angry (confidence: 0.82)
2025-12-02 23:16:10 | INFO     | emotion_detector | Detected emotion: angry (confidence: 0.82)
2025-12-02 23:16:11 | INFO     | emotion_detector | Detected emotion: angry (confidence: 0.82)
2025-12-02 23:16:18 | INFO     | emotion_detector | Detected emotion: angry (confidence: 0.82)
2025-12-02 23:16:19 | INFO     | emotion_detector | Detected emotion: angry (confidence: 0.82)
2025-12-02 23:16:25 | INFO     | emotion_detector | Detected emotion: angry (confidence: 0.82)
2025-12-02 23:16:26 | INFO     | emotion_detector | Detected emotion: angry (confidence: 0.82)
2025-12-02 23:16:33 | INFO     | emotion_detector | Detected emotion: angry (confidence: 0.82)
2025-12-02 23:16:34 | INFO     | emotion_detector | Detected emotion: angry (confidence: 0.82)
2025-12-02 23:16:42 | INFO     | emotion_detector | Detected emotion: angry (confidence: 0.82)
2025-12-02 23:16:42 | INFO     | emotion_detector | Detected emotion: angry (confidence: 0.82)
2025-12-02 23:16:48 | INFO     | emotion_detector | Detected emotion: angry (confidence: 0.76)
2025-12-02 23:16:48 | INFO     | emotion_detector | Detected emotion: angry (confidence: 0.75)
2025-12-02 23:16:54 | INFO     | emotion_detector | Detected emotion: angry (confidence: 0.74)
2025-12-02 23:16:54 | INFO     | emotion_detector | Detected emotion: angry (confidence: 0.78)
2025-12-02 23:17:00 | INFO     | emotion_detector | Detected emotion: angry (confidence: 0.79)
2025-12-02 23:17:00 | INFO     | emotion_detector | Detected emotion: angry (confidence: 0.77)
2025-12-02 23:17:06 | INFO     | emotion_detector | Detected emotion: angry (confidence: 0.78)
2025-12-02 23:17:06 | INFO     | emotion_detector | Detected emotion: angry (confidence: 0.79)
2025-12-02 23:17:12 | INFO     | emotion_detector | Detected emotion: angry (confidence: 0.76)
2025-12-02 23:17:12 | INFO     | emotion_detector | Detected emotion: angry (confidence: 0.70)
2025-12-02 23:17:18 | INFO     | emotion_detector | Detected emotion: angry (confidence: 0.67)
2025-12-02 23:17:18 | INFO     | emotion_detector | Detected emotion: angry (confidence: 0.69)
2025-12-02 23:17:24 | INFO     | emotion_detector | Detected emotion: angry (confidence: 0.77)
2025-12-02 23:17:24 | INFO     | emotion_detector | Detected emotion: angry (confidence: 0.76)
2025-12-02 23:17:30 | INFO     | emotion_detector | Detected emotion: angry (confidence: 0.76)
2025-12-02 23:17:30 | INFO     | emotion_detector | Detected emotion: angry (confidence: 0.76)
2025-12-02 23:17:36 | INFO     | emotion_detector | Detected emotion: angry (confidence: 0.77)
2025-12-02 23:17:37 | INFO     | emotion_detector | Detected emotion: angry (confidence: 0.79)
2025-12-02 23:17:44 | INFO     | emotion_detector | Detected emotion: angry (confidence: 0.80)
2025-12-02 23:17:45 | INFO     | emotion_detector | Detected emotion: angry (confidence: 0.81)
2025-12-02 23:17:52 | INFO     | emotion_detector | Detected emotion: angry (confidence: 0.80)
2025-12-02 23:17:53 | INFO     | emotion_detector | Detected emotion: angry (confidence: 0.77)
2025-12-02 23:17:58 | INFO     | emotion_detector | Detected emotion: angry (confidence: 0.76)
2025-12-02 23:17:59 | INFO     | emotion_detector | Detected emotion: angry (confidence: 0.79)
2025-12-02 23:18:04 | INFO     | emotion_detector | Detected emotion: angry (confidence: 0.82)
2025-12-02 23:18:05 | INFO     | emotion_detector | Detected emotion: angry (confidence: 0.83)
2025-12-02 23:18:10 | INFO     | emotion_detector | Detected emotion: angry (confidence: 0.83)
2025-12-02 23:18:11 | INFO     | emotion_detector | Detected emotion: angry (confidence: 0.82)
2025-12-02 23:18:17 | INFO     | emotion_detector | Detected emotion: angry (confidence: 0.85)
2025-12-02 23:18:17 | INFO     | emotion_detector | Detected emotion: angry (confidence: 0.86)
2025-12-02 23:18:23 | INFO     | emotion_detector | Detected emotion: angry (confidence: 0.82)
2025-12-02 23:18:23 | INFO     | emotion_detector | Detected emotion: angry (confidence: 0.81)
2025-12-02 23:18:29 | INFO     | emotion_detector | Detected emotion: angry (confidence: 0.75)
2025-12-02 23:18:29 | INFO     | emotion_detector | Detected emotion: angry (confidence: 0.76)
2025-12-02 23:18:35 | INFO     | emotion_detector | Detected emotion: angry (confidence: 0.79)
2025-12-02 23:18:35 | INFO     | emotion_detector | Detected emotion: angry (confidence: 0.75)
2025-12-02 23:18:41 | INFO     | emotion_detector | Detected emotion: angry (confidence: 0.77)
2025-12-02 23:18:41 | INFO     | emotion_detector | Detected emotion: angry (confidence: 0.77)
2025-12-02 23:18:47 | INFO     | emotion_detector | Detected emotion: angry (confidence: 0.77)
2025-12-02 23:18:47 | INFO     | emotion_detector | Detected emotion: angry (confidence: 0.78)
2025-12-02 23:18:53 | INFO     | emotion_detector | Detected emotion: angry (confidence: 0.77)
2025-12-02 23:18:53 | INFO     | emotion_detector | Detected emotion: angry (confidence: 0.79)
2025-12-02 23:18:59 | INFO     | emotion_detector | Detected emotion: angry (confidence: 0.85)
2025-12-02 23:19:00 | INFO     | emotion_detector | Detected emotion: angry (confidence: 0.83)
2025-12-02 23:19:05 | INFO     | emotion_detector | Detected emotion: angry (confidence: 0.77)
2025-12-02 23:19:06 | INFO     | emotion_detector | Detected emotion: angry (confidence: 0.75)
2025-12-02 23:19:10 | INFO     | emotion_detector | Background emotion monitoring started
2025-12-02 23:19:12 | INFO     | emotion_detector | Background emotion monitoring stopped
2025-12-02 23:19:14 | INFO     | emotion_detector | Detected emotion: angry (confidence: 0.82)
2025-12-02 23:19:14 | INFO     | emotion_detector | Detected emotion: angry (confidence: 0.82)
2025-12-02 23:19:16 | INFO     | emotion_detector | Detected emotion: angry (confidence: 0.82)
2025-12-02 23:19:22 | WARNING  | emotion_detector | Failed to capture frame from camera
2025-12-02 23:19:22 | WARNING  | emotion_detector | Failed to capture frame from camera
2025-12-02 23:19:29 | WARNING  | emotion_detector | Failed to capture frame from camera
2025-12-02 23:19:30 | WARNING  | emotion_detector | Failed to capture frame from camera
2025-12-02 23:19:37 | WARNING  | emotion_detector | Failed to capture frame from camera
2025-12-02 23:19:38 | INFO     | emotion_detector | Detected emotion: angry (confidence: 0.82)
2025-12-02 23:19:45 | INFO     | emotion_detector | Detected emotion: angry (confidence: 0.82)
2025-12-02 23:19:45 | INFO     | emotion_detector | Detected emotion: angry (confidence: 0.82)
2025-12-02 23:19:53 | INFO     | emotion_detector | Detected emotion: angry (confidence: 0.81)
2025-12-02 23:19:53 | INFO     | emotion_detector | Detected emotion: angry (confidence: 0.82)
2025-12-02 23:20:00 | WARNING  | emotion_detector | Failed to capture frame from camera
2025-12-02 23:20:00 | INFO     | emotion_detector | Detected emotion: angry (confidence: 0.82)
2025-12-02 23:20:06 | INFO     | emotion_detector | Detected emotion: angry (confidence: 0.82)
2025-12-02 23:20:06 | INFO     | emotion_detector | Detected emotion: angry (confidence: 0.82)
2025-12-02 23:20:12 | INFO     | emotion_detector | Detected emotion: angry (confidence: 0.81)
2025-12-02 23:20:12 | INFO     | emotion_detector | Detected emotion: angry (confidence: 0.82)
2025-12-02 23:20:18 | INFO     | emotion_detector | Detected emotion: angry (confidence: 0.82)
2025-12-02 23:20:19 | INFO     | emotion_detector | Detected emotion: angry (confidence: 0.82)
2025-12-02 23:20:21 | INFO     | emotion_detector | Background emotion monitoring started
2025-12-02 23:20:23 | INFO     | emotion_detector | Background emotion monitoring stopped
2025-12-02 23:20:27 | WARNING  | emotion_detector | Failed to capture frame from camera
2025-12-02 23:20:27 | INFO     | emotion_detector | Detected emotion: angry (confidence: 0.82)
2025-12-02 23:20:28 | INFO     | emotion_detector | Detected emotion: angry (confidence: 0.82)
2025-12-02 23:20:34 | WARNING  | emotion_detector | Failed to capture frame from camera
2025-12-02 23:20:36 | INFO     | emotion_detector | Detected emotion: angry (confidence: 0.82)
2025-12-02 23:20:41 | INFO     | emotion_detector | Detected emotion: angry (confidence: 0.82)
2025-12-02 23:20:43 | WARNING  | emotion_detector | Failed to capture frame from camera
2025-12-02 23:20:48 | WARNING  | emotion_detector | Failed to capture frame from camera
2025-12-02 23:20:50 | WARNING  | emotion_detector | Failed to capture frame from camera
2025-12-02 23:20:57 | INFO     | emotion_detector | Detected emotion: angry (confidence: 0.72)
2025-12-02 23:20:59 | INFO     | emotion_detector | Detected emotion: angry (confidence: 0.83)
2025-12-02 23:21:06 | INFO     | emotion_detector | Detected emotion: angry (confidence: 0.82)
2025-12-02 23:21:07 | INFO     | emotion_detector | Background emotion monitoring started
2025-12-02 23:21:07 | INFO     | emotion_detector | Emotion monitor updated for user: 1
2025-12-02 23:21:07 | INFO     | emotion_detector | Detected emotion: angry (confidence: 0.82)
2025-12-02 23:21:09 | INFO     | emotion_detector | Background emotion monitoring stopped
2025-12-02 23:21:09 | INFO     | emotion_detector | Background emotion monitoring started
2025-12-02 23:21:09 | INFO     | emotion_detector | Emotion monitor updated for user: 1
2025-12-02 23:21:11 | INFO     | emotion_detector | Background emotion monitoring stopped
2025-12-02 23:21:11 | INFO     | emotion_detector | Background emotion monitoring started
2025-12-02 23:21:13 | INFO     | emotion_detector | Background emotion monitoring stopped
2025-12-02 23:21:15 | INFO     | emotion_detector | Detected emotion: angry (confidence: 0.82)
2025-12-02 23:21:17 | INFO     | emotion_detector | Detected emotion: angry (confidence: 0.82)
2025-12-02 23:21:18 | INFO     | emotion_detector | Detected emotion: angry (confidence: 0.82)
2025-12-02 23:21:19 | INFO     | emotion_detector | Detected emotion: angry (confidence: 0.82)
2025-12-02 23:21:20 | INFO     | emotion_detector | Detected emotion: angry (confidence: 0.82)
2025-12-02 23:21:26 | INFO     | emotion_detector | Detected emotion: angry (confidence: 0.82)
2025-12-02 23:21:27 | INFO     | emotion_detector | Detected emotion: angry (confidence: 0.82)
2025-12-02 23:21:32 | INFO     | emotion_detector | Detected emotion: angry (confidence: 0.82)
2025-12-02 23:21:33 | INFO     | emotion_detector | Detected emotion: angry (confidence: 0.57)
2025-12-02 23:21:37 | INFO     | emotion_detector | Detected emotion: angry (confidence: 0.83)
2025-12-02 23:21:39 | INFO     | emotion_detector | Detected emotion: angry (confidence: 0.82)
2025-12-02 23:21:43 | INFO     | emotion_detector | Detected emotion: angry (confidence: 0.78)
2025-12-02 23:21:45 | INFO     | emotion_detector | Detected emotion: angry (confidence: 0.78)
2025-12-02 23:21:49 | INFO     | emotion_detector | Detected emotion: angry (confidence: 0.77)
2025-12-02 23:21:51 | INFO     | emotion_detector | Detected emotion: angry (confidence: 0.81)
2025-12-02 23:21:55 | INFO     | emotion_detector | Detected emotion: angry (confidence: 0.66)
2025-12-02 23:21:57 | INFO     | emotion_detector | Detected emotion: angry (confidence: 0.78)
2025-12-02 23:22:01 | INFO     | emotion_detector | Detected emotion: angry (confidence: 0.81)
2025-12-02 23:22:03 | INFO     | emotion_detector | Detected emotion: angry (confidence: 0.83)
2025-12-02 23:22:07 | INFO     | emotion_detector | Detected emotion: angry (confidence: 0.78)
2025-12-02 23:22:09 | INFO     | emotion_detector | Detected emotion: angry (confidence: 0.83)
2025-12-02 23:22:13 | INFO     | emotion_detector | Detected emotion: angry (confidence: 0.86)
2025-12-02 23:22:15 | INFO     | emotion_detector | Detected emotion: angry (confidence: 0.80)
2025-12-02 23:22:19 | INFO     | emotion_detector | Detected emotion: angry (confidence: 0.75)
2025-12-02 23:22:20 | INFO     | emotion_detector | Detected emotion: angry (confidence: 0.81)
2025-12-02 23:22:25 | INFO     | emotion_detector | Detected emotion: angry (confidence: 0.61)
2025-12-02 23:22:26 | INFO     | emotion_detector | Detected emotion: angry (confidence: 0.71)
2025-12-02 23:22:31 | INFO     | emotion_detector | Detected emotion: angry (confidence: 0.82)
2025-12-02 23:22:32 | INFO     | emotion_detector | Detected emotion: angry (confidence: 0.82)
2025-12-02 23:22:37 | INFO     | emotion_detector | Detected emotion: angry (confidence: 0.82)
2025-12-02 23:22:38 | INFO     | emotion_detector | Detected emotion: angry (confidence: 0.82)
2025-12-02 23:22:43 | INFO     | emotion_detector | Detected emotion: angry (confidence: 0.82)
2025-12-02 23:22:44 | INFO     | emotion_detector | Detected emotion: angry (confidence: 0.82)
2025-12-02 23:22:49 | INFO     | emotion_detector | Detected emotion: angry (confidence: 0.82)
2025-12-02 23:22:50 | INFO     | emotion_detector | Detected emotion: angry (confidence: 0.82)
2025-12-02 23:22:55 | INFO     | emotion_detector | Detected emotion: angry (confidence: 0.82)
2025-12-02 23:22:56 | INFO     | emotion_detector | Detected emotion: angry (confidence: 0.82)
2025-12-02 23:23:00 | INFO     | emotion_detector | Detected emotion: angry (confidence: 0.82)
2025-12-02 23:23:02 | INFO     | emotion_detector | Detected emotion: angry (confidence: 0.82)
2025-12-02 23:23:06 | INFO     | emotion_detector | Detected emotion: angry (confidence: 0.82)
2025-12-02 23:23:08 | INFO     | emotion_detector | Detected emotion: angry (confidence: 0.86)
2025-12-02 23:23:12 | INFO     | emotion_detector | Detected emotion: angry (confidence: 0.82)
2025-12-02 23:23:14 | INFO     | emotion_detector | Detected emotion: angry (confidence: 0.74)
2025-12-02 23:23:18 | INFO     | emotion_detector | Detected emotion: angry (confidence: 0.82)
2025-12-02 23:23:20 | INFO     | emotion_detector | Detected emotion: angry (confidence: 0.81)
2025-12-02 23:23:24 | INFO     | emotion_detector | Detected emotion: angry (confidence: 0.82)
2025-12-02 23:23:25 | INFO     | emotion_detector | Detected emotion: angry (confidence: 0.82)
2025-12-02 23:23:30 | INFO     | emotion_detector | Detected emotion: angry (confidence: 0.82)
2025-12-02 23:23:31 | INFO     | emotion_detector | Detected emotion: angry (confidence: 0.82)
2025-12-02 23:23:36 | INFO     | emotion_detector | Detected emotion: angry (confidence: 0.74)
2025-12-02 23:23:37 | INFO     | emotion_detector | Detected emotion: angry (confidence: 0.77)
2025-12-02 23:23:42 | INFO     | emotion_detector | Detected emotion: angry (confidence: 0.75)
2025-12-02 23:23:43 | INFO     | emotion_detector | Detected emotion: angry (confidence: 0.75)
2025-12-02 23:23:48 | INFO     | emotion_detector | Detected emotion: angry (confidence: 0.85)
2025-12-02 23:23:49 | INFO     | emotion_detector | Detected emotion: angry (confidence: 0.86)
2025-12-02 23:23:54 | INFO     | emotion_detector | Detected emotion: angry (confidence: 0.88)
2025-12-02 23:23:55 | INFO     | emotion_detector | Detected emotion: angry (confidence: 0.86)
2025-12-02 23:24:00 | INFO     | emotion_detector | Detected emotion: angry (confidence: 0.86)
2025-12-02 23:24:01 | INFO     | emotion_detector | Detected emotion: angry (confidence: 0.83)
2025-12-02 23:24:06 | INFO     | emotion_detector | Detected emotion: angry (confidence: 0.88)
2025-12-02 23:24:07 | INFO     | emotion_detector | Detected emotion: angry (confidence: 0.87)
2025-12-02 23:24:12 | INFO     | emotion_detector | Detected emotion: angry (confidence: 0.82)
2025-12-02 23:24:13 | INFO     | emotion_detector | Detected emotion: angry (confidence: 0.82)
2025-12-02 23:24:17 | INFO     | emotion_detector | Detected emotion: angry (confidence: 0.82)
2025-12-02 23:24:19 | INFO     | emotion_detector | Detected emotion: angry (confidence: 0.82)
2025-12-02 23:24:23 | INFO     | emotion_detector | Detected emotion: angry (confidence: 0.82)
2025-12-02 23:24:25 | INFO     | emotion_detector | Detected emotion: angry (confidence: 0.82)
2025-12-02 23:24:29 | INFO     | emotion_detector | Detected emotion: angry (confidence: 0.82)
2025-12-02 23:24:31 | INFO     | emotion_detector | Detected emotion: angry (confidence: 0.82)
2025-12-02 23:24:35 | INFO     | emotion_detector | Detected emotion: angry (confidence: 0.86)
2025-12-02 23:24:36 | INFO     | emotion_detector | Detected emotion: angry (confidence: 0.86)
2025-12-02 23:24:41 | INFO     | emotion_detector | Detected emotion: angry (confidence: 0.88)
2025-12-02 23:24:42 | INFO     | emotion_detector | Detected emotion: angry (confidence: 0.81)
2025-12-02 23:24:47 | INFO     | emotion_detector | Detected emotion: angry (confidence: 0.86)
2025-12-02 23:24:48 | INFO     | emotion_detector | Detected emotion: angry (confidence: 0.87)
2025-12-02 23:24:53 | INFO     | emotion_detector | Detected emotion: angry (confidence: 0.86)
2025-12-02 23:24:54 | INFO     | emotion_detector | Detected emotion: angry (confidence: 0.86)
2025-12-02 23:24:59 | INFO     | emotion_detector | Detected emotion: angry (confidence: 0.83)
2025-12-02 23:25:00 | INFO     | emotion_detector | Detected emotion: angry (confidence: 0.86)
2025-12-02 23:25:05 | INFO     | emotion_detector | Detected emotion: angry (confidence: 0.84)
2025-12-02 23:25:06 | INFO     | emotion_detector | Detected emotion: angry (confidence: 0.81)
2025-12-02 23:25:10 | INFO     | emotion_detector | Detected emotion: angry (confidence: 0.85)
2025-12-02 23:25:12 | INFO     | emotion_detector | Detected emotion: angry (confidence: 0.82)
2025-12-02 23:25:16 | INFO     | emotion_detector | Detected emotion: angry (confidence: 0.79)
2025-12-02 23:25:18 | INFO     | emotion_detector | Detected emotion: angry (confidence: 0.73)
2025-12-02 23:25:22 | INFO     | emotion_detector | Detected emotion: angry (confidence: 0.82)
2025-12-02 23:25:24 | INFO     | emotion_detector | Detected emotion: angry (confidence: 0.82)
2025-12-02 23:25:28 | INFO     | emotion_detector | Detected emotion: angry (confidence: 0.82)
2025-12-02 23:25:29 | INFO     | emotion_detector | Detected emotion: angry (confidence: 0.82)
2025-12-02 23:25:34 | INFO     | emotion_detector | Detected emotion: angry (confidence: 0.82)
2025-12-02 23:25:35 | INFO     | emotion_detector | Detected emotion: angry (confidence: 0.82)
2025-12-02 23:25:40 | INFO     | emotion_detector | Detected emotion: angry (confidence: 0.82)
2025-12-02 23:25:41 | INFO     | emotion_detector | Detected emotion: angry (confidence: 0.82)
2025-12-02 23:25:46 | INFO     | emotion_detector | Detected emotion: angry (confidence: 0.74)
2025-12-02 23:25:47 | INFO     | emotion_detector | Detected emotion: angry (confidence: 0.77)
2025-12-02 23:25:52 | INFO     | emotion_detector | Detected emotion: angry (confidence: 0.82)
2025-12-02 23:25:53 | INFO     | emotion_detector | Detected emotion: angry (confidence: 0.82)
2025-12-02 23:25:58 | INFO     | emotion_detector | Detected emotion: angry (confidence: 0.71)
2025-12-02 23:25:59 | INFO     | emotion_detector | Detected emotion: angry (confidence: 0.58)
2025-12-02 23:26:04 | INFO     | emotion_detector | Detected emotion: angry (confidence: 0.83)
2025-12-02 23:26:05 | INFO     | emotion_detector | Detected emotion: angry (confidence: 0.77)
2025-12-02 23:26:10 | INFO     | emotion_detector | Detected emotion: angry (confidence: 0.75)
2025-12-02 23:26:11 | INFO     | emotion_detector | Detected emotion: angry (confidence: 0.70)
2025-12-02 23:26:17 | INFO     | emotion_detector | Detected emotion: angry (confidence: 0.73)
2025-12-02 23:26:17 | INFO     | emotion_detector | Detected emotion: angry (confidence: 0.80)
2025-12-02 23:26:22 | INFO     | emotion_detector | Detected emotion: angry (confidence: 0.75)
2025-12-02 23:26:23 | INFO     | emotion_detector | Detected emotion: angry (confidence: 0.74)
2025-12-02 23:26:28 | INFO     | emotion_detector | Detected emotion: angry (confidence: 0.81)
2025-12-02 23:26:29 | INFO     | emotion_detector | Detected emotion: angry (confidence: 0.78)
2025-12-02 23:26:34 | INFO     | emotion_detector | Detected emotion: angry (confidence: 0.57)
2025-12-02 23:26:35 | INFO     | emotion_detector | Detected emotion: angry (confidence: 0.71)
2025-12-02 23:26:40 | INFO     | emotion_detector | Detected emotion: angry (confidence: 0.77)
2025-12-02 23:26:41 | INFO     | emotion_detector | Detected emotion: angry (confidence: 0.85)
2025-12-02 23:26:46 | INFO     | emotion_detector | Detected emotion: angry (confidence: 0.65)
2025-12-02 23:26:47 | INFO     | emotion_detector | Detected emotion: angry (confidence: 0.63)
2025-12-02 23:26:52 | INFO     | emotion_detector | Detected emotion: angry (confidence: 0.64)
2025-12-02 23:26:53 | INFO     | emotion_detector | Detected emotion: angry (confidence: 0.74)
2025-12-02 23:26:58 | INFO     | emotion_detector | Detected emotion: angry (confidence: 0.75)
2025-12-02 23:26:59 | INFO     | emotion_detector | Detected emotion: angry (confidence: 0.71)
2025-12-02 23:27:04 | INFO     | emotion_detector | Detected emotion: angry (confidence: 0.63)
2025-12-02 23:27:05 | INFO     | emotion_detector | Detected emotion: angry (confidence: 0.57)
2025-12-02 23:27:10 | INFO     | emotion_detector | Detected emotion: angry (confidence: 0.59)
2025-12-02 23:27:11 | INFO     | emotion_detector | Detected emotion: angry (confidence: 0.57)
2025-12-02 23:27:16 | INFO     | emotion_detector | Detected emotion: angry (confidence: 0.72)
2025-12-02 23:27:17 | INFO     | emotion_detector | Detected emotion: angry (confidence: 0.65)
2025-12-02 23:27:22 | INFO     | emotion_detector | Detected emotion: angry (confidence: 0.77)
2025-12-02 23:27:23 | INFO     | emotion_detector | Detected emotion: angry (confidence: 0.66)
2025-12-02 23:27:28 | INFO     | emotion_detector | Detected emotion: angry (confidence: 0.59)
2025-12-02 23:27:29 | INFO     | emotion_detector | Detected emotion: angry (confidence: 0.52)
2025-12-02 23:27:34 | INFO     | emotion_detector | Detected emotion: sad (confidence: 0.52)
2025-12-02 23:27:35 | INFO     | emotion_detector | Detected emotion: angry (confidence: 0.75)
2025-12-02 23:27:40 | INFO     | emotion_detector | Detected emotion: angry (confidence: 0.55)
2025-12-02 23:27:41 | INFO     | emotion_detector | Detected emotion: angry (confidence: 0.73)
2025-12-02 23:27:46 | INFO     | emotion_detector | Detected emotion: angry (confidence: 0.68)
2025-12-02 23:27:47 | INFO     | emotion_detector | Detected emotion: angry (confidence: 0.50)
2025-12-02 23:27:52 | INFO     | emotion_detector | Detected emotion: angry (confidence: 0.69)
2025-12-02 23:27:53 | INFO     | emotion_detector | Detected emotion: angry (confidence: 0.71)
2025-12-02 23:27:58 | INFO     | emotion_detector | Detected emotion: angry (confidence: 0.64)
2025-12-02 23:27:59 | INFO     | emotion_detector | Detected emotion: angry (confidence: 0.56)
2025-12-02 23:28:04 | INFO     | emotion_detector | Detected emotion: angry (confidence: 0.55)
2025-12-02 23:28:05 | INFO     | emotion_detector | Detected emotion: sad (confidence: 0.51)
2025-12-02 23:28:10 | INFO     | emotion_detector | Detected emotion: angry (confidence: 0.61)
2025-12-02 23:28:10 | INFO     | emotion_detector | Detected emotion: angry (confidence: 0.64)
2025-12-02 23:28:16 | INFO     | emotion_detector | Detected emotion: angry (confidence: 0.52)
2025-12-02 23:28:17 | INFO     | emotion_detector | Detected emotion: angry (confidence: 0.56)
2025-12-02 23:28:22 | INFO     | emotion_detector | Detected emotion: angry (confidence: 0.73)
2025-12-02 23:28:23 | INFO     | emotion_detector | Detected emotion: angry (confidence: 0.64)
2025-12-02 23:28:28 | INFO     | emotion_detector | Detected emotion: angry (confidence: 0.69)
2025-12-02 23:28:28 | INFO     | emotion_detector | Detected emotion: angry (confidence: 0.67)
2025-12-02 23:28:34 | INFO     | emotion_detector | Detected emotion: angry (confidence: 0.58)
2025-12-02 23:28:35 | INFO     | emotion_detector | Detected emotion: sad (confidence: 0.51)
2025-12-02 23:28:41 | INFO     | emotion_detector | Background emotion monitoring started
2025-12-02 23:28:42 | INFO     | emotion_detector | Detected emotion: angry (confidence: 0.85)
2025-12-02 23:28:43 | INFO     | emotion_detector | Background emotion monitoring stopped
2025-12-02 23:28:43 | INFO     | emotion_detector | Detected emotion: angry (confidence: 0.82)
2025-12-02 23:28:46 | INFO     | emotion_detector | Detected emotion: angry (confidence: 0.82)
2025-12-02 23:28:50 | INFO     | emotion_detector | Detected emotion: angry (confidence: 0.78)
2025-12-02 23:28:51 | INFO     | emotion_detector | Detected emotion: angry (confidence: 0.50)
2025-12-02 23:28:58 | WARNING  | emotion_detector | Failed to capture frame from camera
2025-12-02 23:28:59 | WARNING  | emotion_detector | Failed to capture frame from camera
2025-12-02 23:29:06 | WARNING  | emotion_detector | Failed to capture frame from camera
2025-12-02 23:29:07 | WARNING  | emotion_detector | Failed to capture frame from camera
2025-12-02 23:29:15 | INFO     | emotion_detector | Detected emotion: angry (confidence: 0.79)
2025-12-02 23:29:16 | INFO     | emotion_detector | Detected emotion: angry (confidence: 0.76)
2025-12-02 23:29:23 | INFO     | emotion_detector | Detected emotion: angry (confidence: 0.77)
2025-12-02 23:29:25 | INFO     | emotion_detector | Detected emotion: angry (confidence: 0.81)
2025-12-02 23:29:30 | INFO     | emotion_detector | Detected emotion: angry (confidence: 0.82)
2025-12-02 23:29:30 | INFO     | emotion_detector | Detected emotion: angry (confidence: 0.82)
2025-12-02 23:29:36 | INFO     | emotion_detector | Detected emotion: angry (confidence: 0.82)
2025-12-02 23:29:36 | INFO     | emotion_detector | Detected emotion: angry (confidence: 0.82)
2025-12-02 23:29:42 | INFO     | emotion_detector | Detected emotion: angry (confidence: 0.82)
2025-12-02 23:29:42 | INFO     | emotion_detector | Detected emotion: angry (confidence: 0.82)
2025-12-02 23:29:47 | INFO     | emotion_detector | Detected emotion: angry (confidence: 0.82)
2025-12-02 23:29:48 | INFO     | emotion_detector | Detected emotion: angry (confidence: 0.82)
2025-12-02 23:29:53 | INFO     | emotion_detector | Detected emotion: angry (confidence: 0.82)
2025-12-02 23:29:54 | INFO     | emotion_detector | Detected emotion: angry (confidence: 0.82)
2025-12-02 23:29:59 | INFO     | emotion_detector | Detected emotion: angry (confidence: 0.82)
2025-12-02 23:30:00 | INFO     | emotion_detector | Detected emotion: angry (confidence: 0.82)
2025-12-02 23:30:05 | INFO     | emotion_detector | Detected emotion: angry (confidence: 0.79)
2025-12-02 23:30:06 | INFO     | emotion_detector | Detected emotion: angry (confidence: 0.63)
2025-12-02 23:30:11 | INFO     | emotion_detector | Detected emotion: angry (confidence: 0.74)
2025-12-02 23:30:12 | INFO     | emotion_detector | Detected emotion: angry (confidence: 0.81)
2025-12-02 23:30:17 | INFO     | emotion_detector | Detected emotion: angry (confidence: 0.71)
2025-12-02 23:30:18 | INFO     | emotion_detector | Detected emotion: angry (confidence: 0.67)
2025-12-02 23:30:23 | INFO     | emotion_detector | Detected emotion: angry (confidence: 0.77)
2025-12-02 23:30:24 | INFO     | emotion_detector | Detected emotion: angry (confidence: 0.70)
2025-12-02 23:30:29 | INFO     | emotion_detector | Detected emotion: angry (confidence: 0.66)
2025-12-02 23:30:30 | INFO     | emotion_detector | Detected emotion: angry (confidence: 0.72)
2025-12-02 23:30:36 | INFO     | emotion_detector | Detected emotion: angry (confidence: 0.71)
2025-12-02 23:30:36 | INFO     | emotion_detector | Detected emotion: angry (confidence: 0.76)
2025-12-02 23:30:42 | INFO     | emotion_detector | Detected emotion: angry (confidence: 0.72)
2025-12-02 23:30:42 | INFO     | emotion_detector | Detected emotion: angry (confidence: 0.67)
2025-12-02 23:30:48 | INFO     | emotion_detector | Detected emotion: angry (confidence: 0.73)
2025-12-02 23:30:48 | INFO     | emotion_detector | Detected emotion: angry (confidence: 0.73)
2025-12-02 23:30:54 | INFO     | emotion_detector | Detected emotion: angry (confidence: 0.75)
2025-12-02 23:30:54 | INFO     | emotion_detector | Detected emotion: angry (confidence: 0.60)
2025-12-02 23:31:00 | INFO     | emotion_detector | Detected emotion: angry (confidence: 0.77)
2025-12-02 23:31:00 | INFO     | emotion_detector | Detected emotion: angry (confidence: 0.81)
2025-12-02 23:31:06 | INFO     | emotion_detector | Detected emotion: angry (confidence: 0.75)
2025-12-02 23:31:06 | INFO     | emotion_detector | Detected emotion: angry (confidence: 0.80)
2025-12-02 23:31:07 | INFO     | emotion_detector | Background emotion monitoring started
2025-12-02 23:31:09 | INFO     | emotion_detector | Background emotion monitoring stopped
2025-12-02 23:31:11 | INFO     | emotion_detector | Detected emotion: angry (confidence: 0.73)
2025-12-02 23:31:12 | INFO     | emotion_detector | Detected emotion: angry (confidence: 0.76)
2025-12-02 23:31:13 | INFO     | emotion_detector | Detected emotion: angry (confidence: 0.82)
2025-12-02 23:31:18 | INFO     | emotion_detector | Detected emotion: angry (confidence: 0.81)
2025-12-02 23:31:19 | INFO     | emotion_detector | Detected emotion: angry (confidence: 0.82)
2025-12-02 23:31:24 | INFO     | emotion_detector | Detected emotion: angry (confidence: 0.80)
2025-12-02 23:31:25 | INFO     | emotion_detector | Detected emotion: angry (confidence: 0.79)
2025-12-02 23:31:30 | INFO     | emotion_detector | Detected emotion: angry (confidence: 0.82)
2025-12-02 23:31:31 | INFO     | emotion_detector | Detected emotion: angry (confidence: 0.82)
2025-12-02 23:31:36 | INFO     | emotion_detector | Detected emotion: angry (confidence: 0.82)
2025-12-02 23:31:37 | INFO     | emotion_detector | Detected emotion: angry (confidence: 0.82)
2025-12-02 23:31:43 | INFO     | emotion_detector | Detected emotion: angry (confidence: 0.81)
2025-12-02 23:31:43 | INFO     | emotion_detector | Detected emotion: angry (confidence: 0.82)
2025-12-02 23:31:49 | INFO     | emotion_detector | Detected emotion: angry (confidence: 0.82)
2025-12-02 23:31:49 | INFO     | emotion_detector | Detected emotion: angry (confidence: 0.81)
2025-12-02 23:31:55 | INFO     | emotion_detector | Detected emotion: angry (confidence: 0.82)
2025-12-02 23:31:55 | INFO     | emotion_detector | Detected emotion: angry (confidence: 0.82)
2025-12-02 23:32:01 | INFO     | emotion_detector | Detected emotion: angry (confidence: 0.82)
2025-12-02 23:32:02 | INFO     | emotion_detector | Detected emotion: angry (confidence: 0.82)
2025-12-02 23:32:07 | INFO     | emotion_detector | Detected emotion: angry (confidence: 0.82)
2025-12-02 23:32:08 | INFO     | emotion_detector | Detected emotion: angry (confidence: 0.82)
2025-12-02 23:32:13 | INFO     | emotion_detector | Detected emotion: angry (confidence: 0.81)
2025-12-02 23:32:14 | INFO     | emotion_detector | Detected emotion: angry (confidence: 0.78)
2025-12-02 23:32:22 | INFO     | emotion_detector | Detected emotion: angry (confidence: 0.74)
2025-12-02 23:32:23 | INFO     | emotion_detector | Detected emotion: angry (confidence: 0.78)
2025-12-02 23:32:31 | INFO     | emotion_detector | Detected emotion: angry (confidence: 0.77)
2025-12-02 23:32:31 | INFO     | emotion_detector | Detected emotion: angry (confidence: 0.73)
2025-12-02 23:32:37 | INFO     | emotion_detector | Detected emotion: angry (confidence: 0.71)
2025-12-02 23:32:37 | INFO     | emotion_detector | Detected emotion: angry (confidence: 0.78)
2025-12-02 23:32:43 | INFO     | emotion_detector | Detected emotion: angry (confidence: 0.66)
2025-12-02 23:32:43 | INFO     | emotion_detector | Detected emotion: angry (confidence: 0.76)
2025-12-02 23:32:49 | INFO     | emotion_detector | Detected emotion: angry (confidence: 0.71)
2025-12-02 23:32:49 | INFO     | emotion_detector | Detected emotion: angry (confidence: 0.74)
2025-12-02 23:32:55 | INFO     | emotion_detector | Detected emotion: angry (confidence: 0.79)
2025-12-02 23:32:55 | INFO     | emotion_detector | Detected emotion: angry (confidence: 0.81)
2025-12-02 23:33:01 | INFO     | emotion_detector | Detected emotion: angry (confidence: 0.82)
2025-12-02 23:33:01 | INFO     | emotion_detector | Detected emotion: angry (confidence: 0.82)
2025-12-02 23:33:07 | INFO     | emotion_detector | Detected emotion: angry (confidence: 0.81)
2025-12-02 23:33:08 | INFO     | emotion_detector | Detected emotion: angry (confidence: 0.77)
2025-12-02 23:33:13 | INFO     | emotion_detector | Detected emotion: angry (confidence: 0.78)
2025-12-02 23:33:14 | INFO     | emotion_detector | Detected emotion: angry (confidence: 0.79)
2025-12-02 23:33:19 | INFO     | emotion_detector | Detected emotion: angry (confidence: 0.82)
2025-12-02 23:33:20 | INFO     | emotion_detector | Detected emotion: angry (confidence: 0.76)
2025-12-02 23:33:25 | INFO     | emotion_detector | Detected emotion: angry (confidence: 0.81)
2025-12-02 23:33:26 | INFO     | emotion_detector | Detected emotion: angry (confidence: 0.82)
2025-12-02 23:33:31 | INFO     | emotion_detector | Detected emotion: angry (confidence: 0.78)
2025-12-02 23:33:32 | INFO     | emotion_detector | Detected emotion: angry (confidence: 0.77)
2025-12-02 23:33:38 | INFO     | emotion_detector | Detected emotion: angry (confidence: 0.82)
2025-12-02 23:33:38 | INFO     | emotion_detector | Detected emotion: angry (confidence: 0.81)
2025-12-02 23:33:44 | INFO     | emotion_detector | Detected emotion: angry (confidence: 0.82)
2025-12-02 23:33:44 | INFO     | emotion_detector | Detected emotion: angry (confidence: 0.81)
2025-12-02 23:33:50 | INFO     | emotion_detector | Detected emotion: angry (confidence: 0.82)
2025-12-02 23:33:50 | INFO     | emotion_detector | Detected emotion: angry (confidence: 0.82)
2025-12-02 23:33:56 | INFO     | emotion_detector | Detected emotion: angry (confidence: 0.81)
2025-12-02 23:33:56 | INFO     | emotion_detector | Detected emotion: angry (confidence: 0.82)
2025-12-02 23:33:57 | INFO     | emotion_detector | Background emotion monitoring started
2025-12-02 23:33:59 | INFO     | emotion_detector | Background emotion monitoring stopped
2025-12-02 23:34:01 | INFO     | emotion_detector | Detected emotion: angry (confidence: 0.81)
2025-12-02 23:34:02 | INFO     | emotion_detector | Detected emotion: angry (confidence: 0.82)
2025-12-02 23:34:02 | INFO     | emotion_detector | Detected emotion: angry (confidence: 0.82)
2025-12-02 23:34:08 | INFO     | emotion_detector | Detected emotion: angry (confidence: 0.82)
2025-12-02 23:34:09 | INFO     | emotion_detector | Detected emotion: angry (confidence: 0.82)
2025-12-02 23:34:14 | INFO     | emotion_detector | Detected emotion: angry (confidence: 0.82)
2025-12-02 23:34:15 | INFO     | emotion_detector | Detected emotion: angry (confidence: 0.82)
2025-12-02 23:34:20 | INFO     | emotion_detector | Detected emotion: angry (confidence: 0.81)
2025-12-02 23:34:21 | INFO     | emotion_detector | Detected emotion: angry (confidence: 0.81)
2025-12-02 23:34:26 | INFO     | emotion_detector | Detected emotion: angry (confidence: 0.77)
2025-12-02 23:34:27 | INFO     | emotion_detector | Detected emotion: angry (confidence: 0.78)
2025-12-02 23:34:31 | INFO     | emotion_detector | Background emotion monitoring started
2025-12-02 23:34:33 | INFO     | emotion_detector | Detected emotion: angry (confidence: 0.75)
2025-12-02 23:34:33 | INFO     | emotion_detector | Background emotion monitoring stopped
2025-12-02 23:34:34 | INFO     | emotion_detector | Detected emotion: angry (confidence: 0.76)
2025-12-02 23:34:35 | INFO     | emotion_detector | Detected emotion: angry (confidence: 0.76)
2025-12-02 23:34:39 | INFO     | emotion_detector | Detected emotion: angry (confidence: 0.83)
2025-12-02 23:34:40 | INFO     | emotion_detector | Detected emotion: angry (confidence: 0.83)
2025-12-02 23:34:45 | INFO     | emotion_detector | Detected emotion: angry (confidence: 0.76)
2025-12-02 23:34:46 | INFO     | emotion_detector | Detected emotion: angry (confidence: 0.77)
2025-12-02 23:34:51 | INFO     | emotion_detector | Detected emotion: angry (confidence: 0.82)
2025-12-02 23:34:52 | INFO     | emotion_detector | Detected emotion: angry (confidence: 0.81)
2025-12-02 23:34:57 | INFO     | emotion_detector | Detected emotion: angry (confidence: 0.80)
2025-12-02 23:34:58 | INFO     | emotion_detector | Detected emotion: angry (confidence: 0.82)
2025-12-02 23:35:06 | INFO     | emotion_detector | Detected emotion: angry (confidence: 0.78)
2025-12-02 23:35:07 | INFO     | emotion_detector | Detected emotion: angry (confidence: 0.77)
2025-12-02 23:35:16 | INFO     | emotion_detector | Detected emotion: angry (confidence: 0.77)
2025-12-02 23:35:17 | INFO     | emotion_detector | Detected emotion: angry (confidence: 0.77)
2025-12-02 23:35:23 | INFO     | emotion_detector | Detected emotion: angry (confidence: 0.82)
2025-12-02 23:35:23 | INFO     | emotion_detector | Detected emotion: angry (confidence: 0.80)
2025-12-02 23:35:29 | INFO     | emotion_detector | Detected emotion: angry (confidence: 0.81)
2025-12-02 23:35:29 | INFO     | emotion_detector | Detected emotion: angry (confidence: 0.80)
2025-12-02 23:35:35 | INFO     | emotion_detector | Detected emotion: angry (confidence: 0.80)
2025-12-02 23:35:36 | INFO     | emotion_detector | Detected emotion: angry (confidence: 0.79)
2025-12-02 23:35:41 | INFO     | emotion_detector | Detected emotion: angry (confidence: 0.78)
2025-12-02 23:35:42 | INFO     | emotion_detector | Detected emotion: angry (confidence: 0.75)
2025-12-02 23:35:47 | INFO     | emotion_detector | Detected emotion: angry (confidence: 0.75)
2025-12-02 23:35:48 | INFO     | emotion_detector | Detected emotion: angry (confidence: 0.75)
2025-12-02 23:35:53 | INFO     | emotion_detector | Detected emotion: angry (confidence: 0.77)
2025-12-02 23:35:54 | INFO     | emotion_detector | Detected emotion: angry (confidence: 0.76)
2025-12-02 23:36:00 | INFO     | emotion_detector | Detected emotion: angry (confidence: 0.74)
2025-12-02 23:36:00 | INFO     | emotion_detector | Detected emotion: angry (confidence: 0.80)
2025-12-02 23:36:06 | INFO     | emotion_detector | Detected emotion: angry (confidence: 0.65)
2025-12-02 23:36:06 | INFO     | emotion_detector | Detected emotion: angry (confidence: 0.61)
2025-12-02 23:36:12 | INFO     | emotion_detector | Detected emotion: angry (confidence: 0.69)
2025-12-02 23:36:12 | INFO     | emotion_detector | Detected emotion: angry (confidence: 0.61)
2025-12-02 23:36:18 | INFO     | emotion_detector | Detected emotion: angry (confidence: 0.69)
2025-12-02 23:36:18 | INFO     | emotion_detector | Detected emotion: angry (confidence: 0.72)
2025-12-02 23:36:24 | INFO     | emotion_detector | Detected emotion: angry (confidence: 0.79)
2025-12-02 23:36:24 | INFO     | emotion_detector | Detected emotion: angry (confidence: 0.72)
2025-12-02 23:36:30 | INFO     | emotion_detector | Detected emotion: angry (confidence: 0.69)
2025-12-02 23:36:31 | INFO     | emotion_detector | Detected emotion: angry (confidence: 0.77)
2025-12-02 23:36:36 | INFO     | emotion_detector | Detected emotion: angry (confidence: 0.59)
2025-12-02 23:36:36 | INFO     | emotion_detector | Detected emotion: angry (confidence: 0.66)
2025-12-02 23:36:42 | INFO     | emotion_detector | Detected emotion: angry (confidence: 0.69)
2025-12-02 23:36:43 | INFO     | emotion_detector | Detected emotion: angry (confidence: 0.62)
2025-12-02 23:36:48 | INFO     | emotion_detector | Detected emotion: angry (confidence: 0.80)
2025-12-02 23:36:49 | INFO     | emotion_detector | Detected emotion: angry (confidence: 0.78)
2025-12-02 23:36:54 | INFO     | emotion_detector | Detected emotion: angry (confidence: 0.61)
2025-12-02 23:36:55 | INFO     | emotion_detector | Detected emotion: angry (confidence: 0.61)
2025-12-02 23:37:00 | INFO     | emotion_detector | Detected emotion: angry (confidence: 0.68)
2025-12-02 23:37:01 | INFO     | emotion_detector | Detected emotion: angry (confidence: 0.58)
2025-12-02 23:37:07 | INFO     | emotion_detector | Detected emotion: angry (confidence: 0.60)
2025-12-02 23:37:07 | INFO     | emotion_detector | Detected emotion: angry (confidence: 0.82)
2025-12-02 23:37:13 | INFO     | emotion_detector | Detected emotion: angry (confidence: 0.65)
2025-12-02 23:37:13 | INFO     | emotion_detector | Detected emotion: angry (confidence: 0.76)
2025-12-02 23:37:19 | INFO     | emotion_detector | Detected emotion: angry (confidence: 0.65)
2025-12-02 23:37:19 | INFO     | emotion_detector | Detected emotion: angry (confidence: 0.68)
2025-12-02 23:37:25 | INFO     | emotion_detector | Detected emotion: angry (confidence: 0.77)
2025-12-02 23:37:25 | INFO     | emotion_detector | Detected emotion: angry (confidence: 0.79)
2025-12-02 23:37:31 | INFO     | emotion_detector | Detected emotion: angry (confidence: 0.69)
2025-12-02 23:37:31 | INFO     | emotion_detector | Detected emotion: angry (confidence: 0.69)
2025-12-02 23:37:37 | INFO     | emotion_detector | Detected emotion: angry (confidence: 0.66)
2025-12-02 23:37:37 | INFO     | emotion_detector | Detected emotion: angry (confidence: 0.56)
2025-12-02 23:37:43 | INFO     | emotion_detector | Detected emotion: angry (confidence: 0.63)
2025-12-02 23:37:44 | INFO     | emotion_detector | Detected emotion: angry (confidence: 0.70)
2025-12-02 23:37:49 | INFO     | emotion_detector | Detected emotion: angry (confidence: 0.77)
2025-12-02 23:37:50 | INFO     | emotion_detector | Detected emotion: angry (confidence: 0.83)
2025-12-02 23:37:55 | INFO     | emotion_detector | Detected emotion: angry (confidence: 0.68)
2025-12-02 23:37:56 | INFO     | emotion_detector | Detected emotion: angry (confidence: 0.63)
2025-12-02 23:38:01 | INFO     | emotion_detector | Detected emotion: angry (confidence: 0.62)
2025-12-02 23:38:02 | INFO     | emotion_detector | Detected emotion: angry (confidence: 0.61)
2025-12-02 23:38:07 | INFO     | emotion_detector | Detected emotion: angry (confidence: 0.70)
2025-12-02 23:38:08 | INFO     | emotion_detector | Detected emotion: angry (confidence: 0.63)
2025-12-02 23:38:13 | INFO     | emotion_detector | Detected emotion: angry (confidence: 0.81)
2025-12-02 23:38:14 | INFO     | emotion_detector | Detected emotion: angry (confidence: 0.80)
2025-12-02 23:38:20 | INFO     | emotion_detector | Detected emotion: angry (confidence: 0.65)
2025-12-02 23:38:20 | INFO     | emotion_detector | Detected emotion: angry (confidence: 0.61)
2025-12-02 23:38:26 | INFO     | emotion_detector | Detected emotion: angry (confidence: 0.75)
2025-12-02 23:38:26 | INFO     | emotion_detector | Detected emotion: angry (confidence: 0.68)
2025-12-02 23:38:32 | INFO     | emotion_detector | Detected emotion: angry (confidence: 0.62)
2025-12-02 23:38:32 | INFO     | emotion_detector | Detected emotion: angry (confidence: 0.64)
2025-12-02 23:38:38 | INFO     | emotion_detector | Detected emotion: angry (confidence: 0.80)
2025-12-02 23:38:39 | INFO     | emotion_detector | Detected emotion: angry (confidence: 0.87)
2025-12-02 23:38:44 | INFO     | emotion_detector | Detected emotion: angry (confidence: 0.77)
2025-12-02 23:38:45 | INFO     | emotion_detector | Detected emotion: angry (confidence: 0.55)
2025-12-02 23:38:50 | INFO     | emotion_detector | Detected emotion: angry (confidence: 0.70)
2025-12-02 23:38:51 | INFO     | emotion_detector | Detected emotion: angry (confidence: 0.67)
2025-12-02 23:38:56 | INFO     | emotion_detector | Detected emotion: angry (confidence: 0.67)
2025-12-02 23:38:57 | INFO     | emotion_detector | Detected emotion: angry (confidence: 0.65)
2025-12-02 23:39:02 | INFO     | emotion_detector | Detected emotion: angry (confidence: 0.82)
2025-12-02 23:39:03 | INFO     | emotion_detector | Detected emotion: angry (confidence: 0.74)
2025-12-02 23:39:09 | INFO     | emotion_detector | Detected emotion: angry (confidence: 0.73)
2025-12-02 23:39:09 | INFO     | emotion_detector | Detected emotion: angry (confidence: 0.75)
2025-12-02 23:39:17 | INFO     | emotion_detector | Detected emotion: angry (confidence: 0.75)
2025-12-02 23:39:18 | INFO     | emotion_detector | Detected emotion: angry (confidence: 0.76)
2025-12-02 23:39:26 | INFO     | emotion_detector | Detected emotion: angry (confidence: 0.76)
2025-12-02 23:39:27 | INFO     | emotion_detector | Detected emotion: angry (confidence: 0.77)
2025-12-02 23:39:34 | INFO     | emotion_detector | Detected emotion: angry (confidence: 0.77)
2025-12-02 23:39:35 | INFO     | emotion_detector | Detected emotion: angry (confidence: 0.77)
2025-12-02 23:39:43 | INFO     | emotion_detector | Detected emotion: angry (confidence: 0.73)
2025-12-02 23:39:44 | INFO     | emotion_detector | Detected emotion: angry (confidence: 0.77)
2025-12-02 23:39:52 | INFO     | emotion_detector | Detected emotion: angry (confidence: 0.60)
2025-12-02 23:39:52 | INFO     | emotion_detector | Detected emotion: angry (confidence: 0.67)
2025-12-02 23:40:00 | INFO     | emotion_detector | Detected emotion: angry (confidence: 0.55)
2025-12-02 23:40:01 | INFO     | emotion_detector | Detected emotion: angry (confidence: 0.58)
2025-12-02 23:40:08 | INFO     | emotion_detector | Detected emotion: angry (confidence: 0.74)
2025-12-02 23:40:09 | INFO     | emotion_detector | Detected emotion: angry (confidence: 0.76)
2025-12-02 23:40:17 | INFO     | emotion_detector | Detected emotion: angry (confidence: 0.77)
2025-12-02 23:40:17 | INFO     | emotion_detector | Detected emotion: angry (confidence: 0.76)
2025-12-02 23:40:25 | INFO     | emotion_detector | Detected emotion: angry (confidence: 0.83)
2025-12-02 23:40:26 | INFO     | emotion_detector | Detected emotion: angry (confidence: 0.83)
2025-12-02 23:40:34 | INFO     | emotion_detector | Detected emotion: angry (confidence: 0.79)
2025-12-02 23:40:35 | INFO     | emotion_detector | Detected emotion: angry (confidence: 0.75)
2025-12-02 23:40:42 | INFO     | emotion_detector | Detected emotion: angry (confidence: 0.72)
2025-12-02 23:40:43 | INFO     | emotion_detector | Detected emotion: angry (confidence: 0.74)
2025-12-02 23:40:51 | INFO     | emotion_detector | Detected emotion: angry (confidence: 0.76)
2025-12-02 23:40:52 | INFO     | emotion_detector | Detected emotion: angry (confidence: 0.71)
2025-12-02 23:40:58 | INFO     | emotion_detector | Detected emotion: angry (confidence: 0.82)
2025-12-02 23:40:58 | INFO     | emotion_detector | Detected emotion: angry (confidence: 0.82)
2025-12-02 23:41:04 | INFO     | emotion_detector | Detected emotion: angry (confidence: 0.75)
2025-12-02 23:41:04 | INFO     | emotion_detector | Detected emotion: angry (confidence: 0.73)
2025-12-02 23:41:10 | INFO     | emotion_detector | Detected emotion: angry (confidence: 0.80)
2025-12-02 23:41:10 | INFO     | emotion_detector | Detected emotion: angry (confidence: 0.78)
2025-12-02 23:41:16 | INFO     | emotion_detector | Detected emotion: angry (confidence: 0.78)
2025-12-02 23:41:16 | INFO     | emotion_detector | Detected emotion: angry (confidence: 0.80)
2025-12-02 23:41:22 | INFO     | emotion_detector | Detected emotion: angry (confidence: 0.55)
2025-12-02 23:41:23 | INFO     | emotion_detector | Detected emotion: angry (confidence: 0.60)
2025-12-02 23:41:28 | INFO     | emotion_detector | Detected emotion: angry (confidence: 0.79)
2025-12-02 23:41:29 | INFO     | emotion_detector | Detected emotion: angry (confidence: 0.79)
2025-12-02 23:41:34 | INFO     | emotion_detector | Detected emotion: angry (confidence: 0.58)
2025-12-02 23:41:35 | INFO     | emotion_detector | Detected emotion: angry (confidence: 0.62)
2025-12-02 23:41:41 | INFO     | emotion_detector | Detected emotion: angry (confidence: 0.70)
2025-12-02 23:41:41 | INFO     | emotion_detector | Detected emotion: angry (confidence: 0.72)
2025-12-02 23:41:47 | INFO     | emotion_detector | Detected emotion: angry (confidence: 0.69)
2025-12-02 23:41:47 | INFO     | emotion_detector | Detected emotion: angry (confidence: 0.70)
2025-12-02 23:41:53 | INFO     | emotion_detector | Detected emotion: angry (confidence: 0.73)
2025-12-02 23:41:53 | INFO     | emotion_detector | Detected emotion: angry (confidence: 0.79)
2025-12-02 23:41:59 | INFO     | emotion_detector | Detected emotion: angry (confidence: 0.75)
2025-12-02 23:41:59 | INFO     | emotion_detector | Detected emotion: angry (confidence: 0.72)
2025-12-02 23:42:05 | INFO     | emotion_detector | Detected emotion: angry (confidence: 0.77)
2025-12-02 23:42:06 | INFO     | emotion_detector | Detected emotion: angry (confidence: 0.83)
2025-12-02 23:42:11 | INFO     | emotion_detector | Detected emotion: angry (confidence: 0.75)
2025-12-02 23:42:12 | INFO     | emotion_detector | Detected emotion: angry (confidence: 0.85)
2025-12-02 23:42:17 | INFO     | emotion_detector | Detected emotion: angry (confidence: 0.72)
2025-12-02 23:42:18 | INFO     | emotion_detector | Detected emotion: angry (confidence: 0.71)
2025-12-02 23:42:24 | INFO     | emotion_detector | Detected emotion: angry (confidence: 0.67)
2025-12-02 23:42:24 | INFO     | emotion_detector | Detected emotion: angry (confidence: 0.64)
2025-12-02 23:42:30 | INFO     | emotion_detector | Detected emotion: angry (confidence: 0.50)
2025-12-02 23:42:30 | INFO     | emotion_detector | Detected emotion: angry (confidence: 0.55)
2025-12-02 23:42:36 | INFO     | emotion_detector | Detected emotion: angry (confidence: 0.58)
2025-12-02 23:42:36 | INFO     | emotion_detector | Detected emotion: angry (confidence: 0.52)
2025-12-02 23:42:42 | INFO     | emotion_detector | Detected emotion: angry (confidence: 0.61)
2025-12-02 23:42:42 | INFO     | emotion_detector | Detected emotion: angry (confidence: 0.67)
2025-12-02 23:42:48 | INFO     | emotion_detector | Detected emotion: angry (confidence: 0.57)
2025-12-02 23:42:48 | INFO     | emotion_detector | Detected emotion: angry (confidence: 0.51)
2025-12-02 23:42:54 | INFO     | emotion_detector | Detected emotion: angry (confidence: 0.73)
2025-12-02 23:42:54 | INFO     | emotion_detector | Detected emotion: angry (confidence: 0.73)
2025-12-02 23:43:00 | INFO     | emotion_detector | Detected emotion: angry (confidence: 0.58)
2025-12-02 23:43:00 | INFO     | emotion_detector | Detected emotion: angry (confidence: 0.61)
2025-12-02 23:43:06 | INFO     | emotion_detector | Detected emotion: angry (confidence: 0.66)
2025-12-02 23:43:06 | INFO     | emotion_detector | Detected emotion: angry (confidence: 0.73)
2025-12-02 23:43:12 | INFO     | emotion_detector | Detected emotion: sad (confidence: 0.51)
2025-12-02 23:43:12 | INFO     | emotion_detector | Detected emotion: angry (confidence: 0.56)
2025-12-02 23:43:18 | INFO     | emotion_detector | Detected emotion: angry (confidence: 0.69)
2025-12-02 23:43:19 | INFO     | emotion_detector | Detected emotion: angry (confidence: 0.72)
2025-12-02 23:43:24 | INFO     | emotion_detector | Detected emotion: angry (confidence: 0.63)
2025-12-02 23:43:25 | INFO     | emotion_detector | Detected emotion: angry (confidence: 0.67)
2025-12-02 23:43:31 | INFO     | emotion_detector | Detected emotion: angry (confidence: 0.63)
2025-12-02 23:43:31 | INFO     | emotion_detector | Detected emotion: angry (confidence: 0.57)
2025-12-02 23:43:37 | INFO     | emotion_detector | Detected emotion: angry (confidence: 0.62)
2025-12-02 23:43:37 | INFO     | emotion_detector | Detected emotion: angry (confidence: 0.58)
2025-12-02 23:43:43 | INFO     | emotion_detector | Detected emotion: angry (confidence: 0.54)
2025-12-02 23:43:44 | INFO     | emotion_detector | Detected emotion: sad (confidence: 0.49)
2025-12-02 23:43:49 | INFO     | emotion_detector | Detected emotion: angry (confidence: 0.72)
2025-12-02 23:43:50 | INFO     | emotion_detector | Detected emotion: angry (confidence: 0.61)
2025-12-02 23:43:55 | INFO     | emotion_detector | Detected emotion: angry (confidence: 0.71)
2025-12-02 23:43:56 | INFO     | emotion_detector | Detected emotion: angry (confidence: 0.71)
2025-12-02 23:44:01 | INFO     | emotion_detector | Detected emotion: angry (confidence: 0.69)
2025-12-02 23:44:02 | INFO     | emotion_detector | Detected emotion: angry (confidence: 0.50)
2025-12-02 23:44:07 | INFO     | emotion_detector | Detected emotion: angry (confidence: 0.82)
2025-12-02 23:44:08 | INFO     | emotion_detector | Detected emotion: angry (confidence: 0.78)
2025-12-02 23:44:13 | INFO     | emotion_detector | Detected emotion: angry (confidence: 0.89)
2025-12-02 23:44:14 | INFO     | emotion_detector | Detected emotion: angry (confidence: 0.75)
2025-12-02 23:44:20 | INFO     | emotion_detector | Detected emotion: angry (confidence: 0.67)
2025-12-02 23:44:20 | INFO     | emotion_detector | Detected emotion: angry (confidence: 0.73)
2025-12-02 23:44:26 | INFO     | emotion_detector | Background emotion monitoring started
2025-12-02 23:44:26 | INFO     | emotion_detector | Detected emotion: angry (confidence: 0.71)
2025-12-02 23:44:27 | INFO     | emotion_detector | Detected emotion: angry (confidence: 0.69)
2025-12-02 23:44:28 | INFO     | emotion_detector | Background emotion monitoring stopped
2025-12-02 23:44:29 | INFO     | emotion_detector | Detected emotion: angry (confidence: 0.53)
2025-12-02 23:44:32 | INFO     | emotion_detector | Detected emotion: angry (confidence: 0.72)
2025-12-02 23:44:33 | INFO     | emotion_detector | Detected emotion: angry (confidence: 0.70)
2025-12-02 23:44:38 | INFO     | emotion_detector | Detected emotion: angry (confidence: 0.74)
2025-12-02 23:44:39 | INFO     | emotion_detector | Detected emotion: angry (confidence: 0.79)
2025-12-02 23:44:44 | INFO     | emotion_detector | Detected emotion: angry (confidence: 0.87)
2025-12-02 23:44:45 | INFO     | emotion_detector | Detected emotion: angry (confidence: 0.78)
2025-12-02 23:44:50 | INFO     | emotion_detector | Detected emotion: angry (confidence: 0.69)
2025-12-02 23:44:51 | INFO     | emotion_detector | Detected emotion: angry (confidence: 0.70)
2025-12-02 23:44:56 | INFO     | emotion_detector | Detected emotion: angry (confidence: 0.77)
2025-12-02 23:44:57 | INFO     | emotion_detector | Detected emotion: angry (confidence: 0.60)
2025-12-02 23:45:02 | INFO     | emotion_detector | Detected emotion: angry (confidence: 0.63)
2025-12-02 23:45:02 | INFO     | emotion_detector | Detected emotion: angry (confidence: 0.67)
2025-12-02 23:45:08 | INFO     | emotion_detector | Detected emotion: angry (confidence: 0.83)
2025-12-02 23:45:08 | INFO     | emotion_detector | Detected emotion: angry (confidence: 0.79)
2025-12-02 23:45:14 | INFO     | emotion_detector | Detected emotion: angry (confidence: 0.72)
2025-12-02 23:45:14 | INFO     | emotion_detector | Detected emotion: angry (confidence: 0.91)
2025-12-02 23:45:20 | INFO     | emotion_detector | Detected emotion: angry (confidence: 0.74)
2025-12-02 23:45:20 | INFO     | emotion_detector | Detected emotion: angry (confidence: 0.68)
2025-12-02 23:45:26 | INFO     | emotion_detector | Detected emotion: angry (confidence: 0.69)
2025-12-02 23:45:26 | INFO     | emotion_detector | Detected emotion: angry (confidence: 0.68)
2025-12-02 23:45:32 | INFO     | emotion_detector | Detected emotion: angry (confidence: 0.80)
2025-12-02 23:45:32 | INFO     | emotion_detector | Detected emotion: angry (confidence: 0.77)
2025-12-02 23:45:38 | INFO     | emotion_detector | Detected emotion: angry (confidence: 0.67)
2025-12-02 23:45:38 | INFO     | emotion_detector | Detected emotion: angry (confidence: 0.68)
2025-12-02 23:45:43 | INFO     | emotion_detector | Detected emotion: angry (confidence: 0.73)
2025-12-02 23:45:44 | INFO     | emotion_detector | Detected emotion: angry (confidence: 0.71)
2025-12-02 23:45:49 | INFO     | emotion_detector | Detected emotion: angry (confidence: 0.57)
2025-12-02 23:45:50 | INFO     | emotion_detector | Detected emotion: angry (confidence: 0.55)
2025-12-02 23:45:55 | INFO     | emotion_detector | Detected emotion: angry (confidence: 0.62)
2025-12-02 23:45:56 | INFO     | emotion_detector | Detected emotion: angry (confidence: 0.64)
2025-12-02 23:46:01 | INFO     | emotion_detector | Detected emotion: angry (confidence: 0.68)
2025-12-02 23:46:02 | INFO     | emotion_detector | Detected emotion: angry (confidence: 0.73)
2025-12-02 23:46:07 | INFO     | emotion_detector | Detected emotion: angry (confidence: 0.65)
2025-12-02 23:46:08 | INFO     | emotion_detector | Detected emotion: angry (confidence: 0.75)
2025-12-02 23:46:13 | INFO     | emotion_detector | Detected emotion: angry (confidence: 0.68)
2025-12-02 23:46:14 | INFO     | emotion_detector | Detected emotion: angry (confidence: 0.65)
2025-12-02 23:46:19 | INFO     | emotion_detector | Detected emotion: angry (confidence: 0.66)
2025-12-02 23:46:20 | INFO     | emotion_detector | Detected emotion: angry (confidence: 0.67)
2025-12-02 23:46:25 | INFO     | emotion_detector | Detected emotion: angry (confidence: 0.67)
2025-12-02 23:46:26 | INFO     | emotion_detector | Detected emotion: angry (confidence: 0.64)
2025-12-02 23:46:31 | INFO     | emotion_detector | Detected emotion: angry (confidence: 0.62)
2025-12-02 23:46:32 | INFO     | emotion_detector | Detected emotion: angry (confidence: 0.48)
2025-12-02 23:46:37 | INFO     | emotion_detector | Detected emotion: angry (confidence: 0.80)
2025-12-02 23:46:38 | INFO     | emotion_detector | Detected emotion: angry (confidence: 0.83)
2025-12-02 23:46:43 | INFO     | emotion_detector | Detected emotion: angry (confidence: 0.67)
2025-12-02 23:46:44 | INFO     | emotion_detector | Detected emotion: angry (confidence: 0.82)
2025-12-02 23:46:49 | INFO     | emotion_detector | Detected emotion: angry (confidence: 0.70)
2025-12-02 23:46:50 | INFO     | emotion_detector | Detected emotion: angry (confidence: 0.63)
2025-12-02 23:46:55 | INFO     | emotion_detector | Detected emotion: angry (confidence: 0.81)
2025-12-02 23:46:56 | INFO     | emotion_detector | Detected emotion: angry (confidence: 0.84)
2025-12-02 23:47:01 | INFO     | emotion_detector | Detected emotion: angry (confidence: 0.87)
2025-12-02 23:47:02 | INFO     | emotion_detector | Detected emotion: angry (confidence: 0.85)
2025-12-02 23:47:07 | INFO     | emotion_detector | Detected emotion: angry (confidence: 0.51)
2025-12-02 23:47:08 | INFO     | emotion_detector | Detected emotion: angry (confidence: 0.69)
2025-12-02 23:47:13 | INFO     | emotion_detector | Detected emotion: angry (confidence: 0.74)
2025-12-02 23:47:14 | INFO     | emotion_detector | Detected emotion: angry (confidence: 0.56)
2025-12-02 23:47:19 | INFO     | emotion_detector | Detected emotion: angry (confidence: 0.85)
2025-12-02 23:47:19 | INFO     | emotion_detector | Detected emotion: angry (confidence: 0.61)
2025-12-02 23:47:25 | INFO     | emotion_detector | Detected emotion: angry (confidence: 0.68)
2025-12-02 23:47:25 | INFO     | emotion_detector | Detected emotion: angry (confidence: 0.63)
2025-12-02 23:47:33 | INFO     | emotion_detector | Detected emotion: angry (confidence: 0.78)
2025-12-02 23:47:34 | INFO     | emotion_detector | Detected emotion: angry (confidence: 0.79)
2025-12-02 23:47:42 | INFO     | emotion_detector | Detected emotion: angry (confidence: 0.60)
2025-12-02 23:47:43 | INFO     | emotion_detector | Detected emotion: angry (confidence: 0.63)
2025-12-02 23:47:50 | INFO     | emotion_detector | Detected emotion: angry (confidence: 0.61)
2025-12-02 23:47:51 | INFO     | emotion_detector | Detected emotion: angry (confidence: 0.60)
2025-12-02 23:47:59 | INFO     | emotion_detector | Detected emotion: angry (confidence: 0.80)
2025-12-02 23:47:59 | INFO     | emotion_detector | Detected emotion: angry (confidence: 0.79)
2025-12-02 23:48:07 | INFO     | emotion_detector | Detected emotion: angry (confidence: 0.77)
2025-12-02 23:48:08 | INFO     | emotion_detector | Detected emotion: angry (confidence: 0.78)
2025-12-02 23:48:15 | INFO     | emotion_detector | Detected emotion: angry (confidence: 0.74)
2025-12-02 23:48:16 | INFO     | emotion_detector | Detected emotion: angry (confidence: 0.78)
2025-12-02 23:48:24 | INFO     | emotion_detector | Detected emotion: angry (confidence: 0.71)
2025-12-02 23:48:24 | INFO     | emotion_detector | Detected emotion: angry (confidence: 0.70)
2025-12-02 23:48:31 | INFO     | emotion_detector | Detected emotion: angry (confidence: 0.77)
2025-12-02 23:48:31 | INFO     | emotion_detector | Detected emotion: angry (confidence: 0.74)
2025-12-02 23:48:37 | INFO     | emotion_detector | Detected emotion: angry (confidence: 0.82)
2025-12-02 23:48:37 | INFO     | emotion_detector | Detected emotion: angry (confidence: 0.81)
2025-12-02 23:48:43 | INFO     | emotion_detector | Detected emotion: angry (confidence: 0.81)
2025-12-02 23:48:43 | INFO     | emotion_detector | Detected emotion: angry (confidence: 0.81)
2025-12-02 23:48:49 | INFO     | emotion_detector | Detected emotion: angry (confidence: 0.82)
2025-12-02 23:48:49 | INFO     | emotion_detector | Detected emotion: angry (confidence: 0.81)
2025-12-02 23:48:55 | INFO     | emotion_detector | Detected emotion: angry (confidence: 0.81)
2025-12-02 23:48:56 | INFO     | emotion_detector | Detected emotion: angry (confidence: 0.82)
2025-12-02 23:49:01 | INFO     | emotion_detector | Detected emotion: angry (confidence: 0.82)
2025-12-02 23:49:02 | INFO     | emotion_detector | Detected emotion: angry (confidence: 0.82)
2025-12-02 23:49:07 | INFO     | emotion_detector | Detected emotion: angry (confidence: 0.82)
2025-12-02 23:49:08 | INFO     | emotion_detector | Detected emotion: angry (confidence: 0.82)
2025-12-02 23:49:13 | INFO     | emotion_detector | Detected emotion: angry (confidence: 0.82)
2025-12-02 23:49:14 | INFO     | emotion_detector | Detected emotion: angry (confidence: 0.82)
2025-12-02 23:49:20 | INFO     | emotion_detector | Detected emotion: angry (confidence: 0.81)
2025-12-02 23:49:20 | INFO     | emotion_detector | Detected emotion: angry (confidence: 0.82)
2025-12-02 23:49:26 | INFO     | emotion_detector | Detected emotion: angry (confidence: 0.82)
2025-12-02 23:49:26 | INFO     | emotion_detector | Detected emotion: angry (confidence: 0.81)
2025-12-02 23:49:30 | INFO     | emotion_detector | Background emotion monitoring started
2025-12-02 23:49:32 | INFO     | emotion_detector | Background emotion monitoring stopped
2025-12-02 23:49:33 | WARNING  | emotion_detector | Failed to capture frame from camera
2025-12-02 23:49:33 | INFO     | emotion_detector | Detected emotion: angry (confidence: 0.82)
2025-12-02 23:49:33 | INFO     | emotion_detector | Detected emotion: angry (confidence: 0.82)
2025-12-02 23:49:39 | WARNING  | emotion_detector | Failed to capture frame from camera
2025-12-02 23:49:39 | INFO     | emotion_detector | Detected emotion: angry (confidence: 0.82)
2025-12-02 23:49:45 | INFO     | emotion_detector | Detected emotion: angry (confidence: 0.82)
2025-12-02 23:49:45 | INFO     | emotion_detector | Detected emotion: angry (confidence: 0.80)
2025-12-02 23:49:51 | INFO     | emotion_detector | Detected emotion: angry (confidence: 0.74)
2025-12-02 23:49:51 | INFO     | emotion_detector | Detected emotion: angry (confidence: 0.75)
2025-12-02 23:49:57 | INFO     | emotion_detector | Detected emotion: angry (confidence: 0.75)
2025-12-02 23:49:57 | INFO     | emotion_detector | Detected emotion: angry (confidence: 0.69)
2025-12-02 23:50:03 | INFO     | emotion_detector | Detected emotion: angry (confidence: 0.82)
2025-12-02 23:50:03 | INFO     | emotion_detector | Detected emotion: angry (confidence: 0.82)
2025-12-02 23:50:09 | INFO     | emotion_detector | Detected emotion: angry (confidence: 0.77)
2025-12-02 23:50:09 | INFO     | emotion_detector | Detected emotion: angry (confidence: 0.80)
2025-12-02 23:50:15 | INFO     | emotion_detector | Detected emotion: angry (confidence: 0.80)
2025-12-02 23:50:15 | INFO     | emotion_detector | Detected emotion: angry (confidence: 0.82)
2025-12-02 23:50:21 | INFO     | emotion_detector | Detected emotion: angry (confidence: 0.82)
2025-12-02 23:50:22 | INFO     | emotion_detector | Detected emotion: angry (confidence: 0.74)
2025-12-02 23:50:28 | INFO     | emotion_detector | Detected emotion: angry (confidence: 0.82)
2025-12-02 23:50:28 | INFO     | emotion_detector | Detected emotion: angry (confidence: 0.82)
2025-12-02 23:50:34 | INFO     | emotion_detector | Detected emotion: angry (confidence: 0.82)
2025-12-02 23:50:34 | INFO     | emotion_detector | Detected emotion: angry (confidence: 0.82)
2025-12-02 23:50:40 | INFO     | emotion_detector | Detected emotion: angry (confidence: 0.73)
2025-12-02 23:50:40 | INFO     | emotion_detector | Detected emotion: angry (confidence: 0.75)
2025-12-02 23:50:46 | INFO     | emotion_detector | Detected emotion: angry (confidence: 0.82)
2025-12-02 23:50:47 | INFO     | emotion_detector | Detected emotion: angry (confidence: 0.82)
2025-12-02 23:50:55 | INFO     | emotion_detector | Detected emotion: angry (confidence: 0.68)
2025-12-02 23:50:56 | INFO     | emotion_detector | Detected emotion: angry (confidence: 0.68)
2025-12-02 23:51:01 | WARNING  | emotion_detector | Failed to capture frame from camera
2025-12-02 23:51:01 | INFO     | emotion_detector | Detected emotion: angry (confidence: 0.82)
2025-12-02 23:51:07 | INFO     | emotion_detector | Detected emotion: angry (confidence: 0.82)
2025-12-02 23:51:08 | INFO     | emotion_detector | Detected emotion: angry (confidence: 0.82)
2025-12-02 23:51:13 | INFO     | emotion_detector | Detected emotion: angry (confidence: 0.82)
2025-12-02 23:51:14 | INFO     | emotion_detector | Detected emotion: angry (confidence: 0.82)
2025-12-02 23:51:19 | INFO     | emotion_detector | Detected emotion: angry (confidence: 0.80)
2025-12-02 23:51:20 | INFO     | emotion_detector | Detected emotion: angry (confidence: 0.82)
2025-12-02 23:51:25 | INFO     | emotion_detector | Detected emotion: angry (confidence: 0.76)
2025-12-02 23:51:26 | INFO     | emotion_detector | Detected emotion: angry (confidence: 0.81)
2025-12-02 23:51:31 | INFO     | emotion_detector | Detected emotion: angry (confidence: 0.82)
2025-12-02 23:51:32 | INFO     | emotion_detector | Detected emotion: angry (confidence: 0.78)
2025-12-02 23:51:38 | INFO     | emotion_detector | Detected emotion: angry (confidence: 0.80)
2025-12-02 23:51:38 | INFO     | emotion_detector | Detected emotion: angry (confidence: 0.80)
2025-12-02 23:51:44 | INFO     | emotion_detector | Detected emotion: angry (confidence: 0.77)
2025-12-02 23:51:44 | INFO     | emotion_detector | Detected emotion: angry (confidence: 0.76)
2025-12-02 23:51:50 | INFO     | emotion_detector | Detected emotion: angry (confidence: 0.79)
2025-12-02 23:51:50 | INFO     | emotion_detector | Detected emotion: angry (confidence: 0.77)
2025-12-02 23:51:56 | INFO     | emotion_detector | Detected emotion: angry (confidence: 0.77)
2025-12-02 23:51:56 | INFO     | emotion_detector | Detected emotion: angry (confidence: 0.77)
2025-12-02 23:52:02 | INFO     | emotion_detector | Detected emotion: angry (confidence: 0.77)
2025-12-02 23:52:02 | INFO     | emotion_detector | Detected emotion: angry (confidence: 0.78)
2025-12-02 23:52:08 | INFO     | emotion_detector | Detected emotion: angry (confidence: 0.79)
2025-12-02 23:52:09 | INFO     | emotion_detector | Detected emotion: angry (confidence: 0.79)
2025-12-02 23:52:14 | INFO     | emotion_detector | Detected emotion: angry (confidence: 0.70)
2025-12-02 23:52:15 | INFO     | emotion_detector | Detected emotion: angry (confidence: 0.73)
2025-12-02 23:52:20 | INFO     | emotion_detector | Detected emotion: angry (confidence: 0.73)
2025-12-02 23:52:21 | INFO     | emotion_detector | Detected emotion: angry (confidence: 0.75)
2025-12-02 23:52:26 | INFO     | emotion_detector | Detected emotion: angry (confidence: 0.60)
2025-12-02 23:52:27 | INFO     | emotion_detector | Detected emotion: angry (confidence: 0.55)
2025-12-02 23:52:33 | INFO     | emotion_detector | Detected emotion: angry (confidence: 0.56)
2025-12-02 23:52:33 | INFO     | emotion_detector | Detected emotion: angry (confidence: 0.61)
2025-12-02 23:52:39 | INFO     | emotion_detector | Detected emotion: angry (confidence: 0.82)
2025-12-02 23:52:39 | INFO     | emotion_detector | Detected emotion: angry (confidence: 0.81)
2025-12-02 23:52:45 | INFO     | emotion_detector | Detected emotion: sad (confidence: 0.82)
2025-12-02 23:52:45 | INFO     | emotion_detector | Detected emotion: sad (confidence: 0.62)
2025-12-02 23:52:51 | INFO     | emotion_detector | Detected emotion: angry (confidence: 0.75)
2025-12-02 23:52:51 | INFO     | emotion_detector | Detected emotion: angry (confidence: 0.76)
2025-12-02 23:52:57 | INFO     | emotion_detector | Detected emotion: angry (confidence: 0.67)
2025-12-02 23:52:58 | INFO     | emotion_detector | Detected emotion: angry (confidence: 0.73)
2025-12-02 23:53:03 | INFO     | emotion_detector | Detected emotion: angry (confidence: 0.64)
2025-12-02 23:53:04 | INFO     | emotion_detector | Detected emotion: angry (confidence: 0.64)
2025-12-02 23:53:09 | INFO     | emotion_detector | Detected emotion: angry (confidence: 0.78)
2025-12-02 23:53:10 | INFO     | emotion_detector | Detected emotion: angry (confidence: 0.82)
2025-12-02 23:53:16 | INFO     | emotion_detector | Detected emotion: angry (confidence: 0.77)
2025-12-02 23:53:16 | INFO     | emotion_detector | Detected emotion: sad (confidence: 0.57)
2025-12-02 23:53:22 | INFO     | emotion_detector | Detected emotion: angry (confidence: 0.82)
2025-12-02 23:53:22 | INFO     | emotion_detector | Detected emotion: angry (confidence: 0.82)
2025-12-02 23:53:28 | INFO     | emotion_detector | Detected emotion: angry (confidence: 0.82)
2025-12-02 23:53:29 | INFO     | emotion_detector | Detected emotion: angry (confidence: 0.82)
2025-12-02 23:53:34 | INFO     | emotion_detector | Detected emotion: angry (confidence: 0.83)
2025-12-02 23:53:35 | INFO     | emotion_detector | Detected emotion: angry (confidence: 0.82)
2025-12-02 23:53:40 | INFO     | emotion_detector | Detected emotion: angry (confidence: 0.82)
2025-12-02 23:53:41 | INFO     | emotion_detector | Detected emotion: angry (confidence: 0.82)
2025-12-02 23:53:46 | INFO     | emotion_detector | Detected emotion: angry (confidence: 0.82)
2025-12-02 23:53:47 | INFO     | emotion_detector | Detected emotion: angry (confidence: 0.82)
2025-12-02 23:53:53 | INFO     | emotion_detector | Detected emotion: angry (confidence: 0.82)
2025-12-02 23:53:53 | INFO     | emotion_detector | Detected emotion: angry (confidence: 0.82)
2025-12-02 23:53:59 | INFO     | emotion_detector | Detected emotion: angry (confidence: 0.82)
2025-12-02 23:53:59 | INFO     | emotion_detector | Detected emotion: angry (confidence: 0.82)
2025-12-02 23:54:05 | INFO     | emotion_detector | Detected emotion: angry (confidence: 0.82)
2025-12-02 23:54:06 | INFO     | emotion_detector | Detected emotion: angry (confidence: 0.82)
2025-12-02 23:54:11 | INFO     | emotion_detector | Detected emotion: angry (confidence: 0.82)
2025-12-02 23:54:12 | INFO     | emotion_detector | Detected emotion: angry (confidence: 0.82)
2025-12-02 23:54:18 | INFO     | emotion_detector | Detected emotion: angry (confidence: 0.45)
2025-12-02 23:54:18 | INFO     | emotion_detector | Detected emotion: angry (confidence: 0.59)
2025-12-02 23:54:26 | INFO     | emotion_detector | Detected emotion: sad (confidence: 0.50)
2025-12-02 23:54:27 | INFO     | emotion_detector | Detected emotion: angry (confidence: 0.69)
2025-12-02 23:54:30 | INFO     | emotion_detector | Background emotion monitoring started
2025-12-02 23:54:30 | INFO     | emotion_detector | Emotion monitor updated for user: 1
2025-12-02 23:54:32 | INFO     | emotion_detector | Background emotion monitoring stopped
2025-12-02 23:54:32 | INFO     | emotion_detector | Background emotion monitoring started
2025-12-02 23:54:32 | INFO     | emotion_detector | Emotion monitor updated for user: 1
2025-12-02 23:54:38 | INFO     | voice_tone | Voice tone analysis: neutral (confidence: 0.50)
2025-12-02 23:54:39 | INFO     | emotion_detector | Detected emotion: angry (confidence: 0.78)
2025-12-02 23:54:40 | WARNING  | emotion_detector | Failed to capture frame from camera
2025-12-02 23:54:40 | INFO     | ai_core | AI response generated: That sounds fun! Are you looking for recommendatio...
2025-12-02 23:54:40 | INFO     | tts_output | Generating TTS with voice 'nova' for tone 'sad' (speed: 0.85)
2025-12-02 23:54:40 | INFO     | emotion_detector | Detected emotion: angry (confidence: 0.66)
2025-12-02 23:54:42 | INFO     | emotion_detector | Detected emotion: angry (confidence: 0.72)
2025-12-02 23:54:43 | INFO     | tts_output | TTS audio saved: C:\Users\SHIVANSH\Desktop\ROOMie\backend\audio\tmp0knlua_7.mp3
2025-12-02 23:54:49 | INFO     | emotion_detector | Detected emotion: angry (confidence: 0.82)
2025-12-02 23:54:50 | INFO     | emotion_detector | Detected emotion: angry (confidence: 0.82)
2025-12-02 23:54:58 | INFO     | emotion_detector | Detected emotion: angry (confidence: 0.70)
2025-12-02 23:54:58 | INFO     | emotion_detector | Detected emotion: angry (confidence: 0.62)
2025-12-02 23:55:00 | INFO     | emotion_calibration | Matched emotion: angry (similarity: 0.97)
2025-12-02 23:55:00 | INFO     | emotion_detector | Personalized match: angry (confidence: 0.97)
2025-12-02 23:55:05 | INFO     | emotion_detector | Detected emotion: angry (confidence: 0.60)
2025-12-02 23:55:05 | INFO     | emotion_detector | Detected emotion: angry (confidence: 0.60)
2025-12-02 23:55:06 | INFO     | emotion_calibration | Matched emotion: angry (similarity: 0.96)
2025-12-02 23:55:06 | INFO     | emotion_detector | Personalized match: angry (confidence: 0.96)
2025-12-02 23:55:16 | INFO     | emotion_detector | Background emotion monitoring stopped
2025-12-02 23:55:16 | INFO     | emotion_detector | Background emotion monitoring started
2025-12-02 23:55:16 | WARNING  | emotion_detector | Failed to capture frame from camera
2025-12-02 23:55:16 | INFO     | emotion_detector | Detected emotion: angry (confidence: 0.79)
2025-12-02 23:55:17 | INFO     | emotion_calibration | Matched emotion: angry (similarity: 0.95)
2025-12-02 23:55:17 | INFO     | emotion_detector | Personalized match: angry (confidence: 0.95)
2025-12-02 23:55:18 | INFO     | emotion_detector | Background emotion monitoring stopped
2025-12-02 23:55:20 | INFO     | emotion_detector | Detected emotion: angry (confidence: 0.84)
2025-12-02 23:55:25 | WARNING  | emotion_detector | Failed to capture frame from camera
2025-12-02 23:55:25 | INFO     | emotion_detector | Detected emotion: angry (confidence: 0.54)
2025-12-02 23:55:31 | INFO     | emotion_detector | Detected emotion: angry (confidence: 0.83)
2025-12-02 23:55:31 | INFO     | emotion_detector | Detected emotion: angry (confidence: 0.79)
2025-12-02 23:55:37 | INFO     | emotion_detector | Detected emotion: angry (confidence: 0.80)
2025-12-02 23:55:37 | INFO     | emotion_detector | Detected emotion: angry (confidence: 0.79)
2025-12-02 23:55:43 | INFO     | emotion_detector | Detected emotion: angry (confidence: 0.85)
2025-12-02 23:55:44 | INFO     | emotion_detector | Detected emotion: angry (confidence: 0.79)
2025-12-02 23:55:49 | INFO     | emotion_detector | Detected emotion: angry (confidence: 0.82)
2025-12-02 23:55:50 | INFO     | emotion_detector | Detected emotion: neutral (confidence: 0.38)
2025-12-02 23:55:55 | INFO     | emotion_detector | Detected emotion: angry (confidence: 0.81)
2025-12-02 23:56:01 | INFO     | emotion_detector | Detected emotion: angry (confidence: 0.78)
2025-12-02 23:56:07 | INFO     | emotion_detector | Detected emotion: angry (confidence: 0.49)
2025-12-02 23:56:09 | INFO     | emotion_detector | Background emotion monitoring started
2025-12-02 23:56:09 | INFO     | app | Background emotion monitor started
2025-12-02 23:56:09 | INFO     | conversation_memory | Database initialized successfully
2025-12-02 23:56:09 | INFO     | app | Database and audio directory initialized
2025-12-02 23:56:09 | INFO     | app | ROOMie Backend v3.0 starting...
2025-12-02 23:56:09 | INFO     | app | Server: http://127.0.0.1:5000
2025-12-02 23:56:09 | INFO     | app | WebSocket: ws://127.0.0.1:5000
2025-12-02 23:56:10 | INFO     | emotion_detector | Background emotion monitoring started
2025-12-02 23:56:10 | INFO     | emotion_detector | Emotion monitor updated for user: 1
2025-12-02 23:56:10 | INFO     | tts_output | Generating TTS with voice 'nova' for tone 'cheerful' (speed: 1.0)
2025-12-02 23:56:13 | WARNING  | emotion_detector | Failed to capture frame from camera
2025-12-02 23:56:13 | INFO     | tts_output | TTS audio saved: C:\Users\SHIVANSH\Desktop\ROOMie\backend\audio\tmp0_gpxb7s.mp3
2025-12-02 23:56:13 | INFO     | app | ROOMie backend ready
2025-12-02 23:56:14 | INFO     | emotion_detector | Detected emotion: angry (confidence: 0.75)
2025-12-02 23:56:14 | INFO     | emotion_detector | Detected emotion: angry (confidence: 0.80)
2025-12-02 23:56:20 | WARNING  | emotion_detector | Failed to capture frame from camera
2025-12-02 23:56:20 | INFO     | emotion_detector | Detected emotion: angry (confidence: 0.86)
2025-12-02 23:56:22 | INFO     | emotion_calibration | Matched emotion: angry (similarity: 0.95)
2025-12-02 23:56:22 | INFO     | emotion_detector | Personalized match: angry (confidence: 0.95)
2025-12-02 23:56:26 | INFO     | emotion_detector | Detected emotion: angry (confidence: 0.77)
2025-12-02 23:56:27 | INFO     | emotion_detector | Detected emotion: angry (confidence: 0.81)
2025-12-02 23:56:29 | INFO     | emotion_calibration | Matched emotion: angry (similarity: 0.95)
2025-12-02 23:56:29 | INFO     | emotion_detector | Personalized match: angry (confidence: 0.95)
2025-12-02 23:56:29 | INFO     | emotion_detector | Background emotion monitoring stopped
2025-12-02 23:56:29 | INFO     | emotion_detector | Background emotion monitoring started
2025-12-02 23:56:31 | INFO     | emotion_detector | Background emotion monitoring stopped
2025-12-02 23:56:33 | INFO     | emotion_detector | Detected emotion: angry (confidence: 0.86)
2025-12-02 23:56:33 | INFO     | emotion_detector | Detected emotion: angry (confidence: 0.90)
2025-12-02 23:56:34 | INFO     | emotion_detector | Detected emotion: angry (confidence: 0.90)
2025-12-02 23:56:39 | INFO     | emotion_detector | Detected emotion: angry (confidence: 0.67)
2025-12-02 23:56:40 | INFO     | emotion_detector | Detected emotion: sad (confidence: 0.48)
2025-12-02 23:56:45 | INFO     | emotion_detector | Detected emotion: angry (confidence: 0.73)
2025-12-02 23:56:46 | INFO     | emotion_detector | Detected emotion: angry (confidence: 0.70)
2025-12-02 23:56:51 | INFO     | emotion_detector | Detected emotion: angry (confidence: 0.68)
2025-12-02 23:56:52 | INFO     | emotion_detector | Detected emotion: angry (confidence: 0.67)
2025-12-02 23:56:58 | INFO     | emotion_detector | Detected emotion: angry (confidence: 0.74)
2025-12-02 23:56:58 | INFO     | emotion_detector | Detected emotion: angry (confidence: 0.54)
2025-12-02 23:57:04 | INFO     | emotion_detector | Detected emotion: angry (confidence: 0.81)
2025-12-02 23:57:04 | INFO     | emotion_detector | Detected emotion: angry (confidence: 0.82)
2025-12-02 23:57:10 | INFO     | emotion_detector | Detected emotion: angry (confidence: 0.82)
2025-12-02 23:57:11 | INFO     | emotion_detector | Detected emotion: angry (confidence: 0.82)
2025-12-02 23:57:13 | INFO     | emotion_detector | Background emotion monitoring started
2025-12-02 23:57:13 | INFO     | emotion_detector | Emotion monitor updated for user: 1
2025-12-02 23:57:16 | INFO     | emotion_detector | Background emotion monitoring stopped
2025-12-02 23:57:16 | INFO     | emotion_detector | Background emotion monitoring started
2025-12-02 23:57:16 | INFO     | emotion_detector | Emotion monitor updated for user: 1
2025-12-02 23:57:22 | INFO     | voice_tone | Voice tone analysis: neutral (confidence: 0.50)
2025-12-02 23:57:23 | WARNING  | emotion_detector | Failed to capture frame from camera
2025-12-02 23:57:23 | WARNING  | emotion_detector | Failed to capture frame from camera
2025-12-02 23:57:23 | INFO     | emotion_detector | Detected emotion: angry (confidence: 0.76)
2025-12-02 23:57:24 | INFO     | ai_core | AI response generated: It sounds like you're looking to open the Game Cen...
2025-12-02 23:57:24 | INFO     | tts_output | Generating TTS with voice 'nova' for tone 'sad' (speed: 0.85)
2025-12-02 23:57:25 | INFO     | emotion_detector | Detected emotion: angry (confidence: 0.85)
2025-12-02 23:57:29 | INFO     | tts_output | TTS audio saved: C:\Users\SHIVANSH\Desktop\ROOMie\backend\audio\tmp09l8n9ex.mp3
2025-12-02 23:57:33 | INFO     | emotion_detector | Detected emotion: angry (confidence: 0.82)
2025-12-02 23:57:34 | INFO     | emotion_detector | Detected emotion: angry (confidence: 0.82)
2025-12-02 23:57:35 | INFO     | emotion_calibration | Matched emotion: angry (similarity: 0.97)
2025-12-02 23:57:35 | INFO     | emotion_detector | Personalized match: angry (confidence: 0.97)
2025-12-02 23:57:44 | WARNING  | emotion_detector | Failed to capture frame from camera
2025-12-02 23:57:44 | INFO     | emotion_detector | Detected emotion: angry (confidence: 0.82)
2025-12-02 23:57:46 | INFO     | emotion_calibration | Matched emotion: angry (similarity: 0.97)
2025-12-02 23:57:46 | INFO     | emotion_detector | Personalized match: angry (confidence: 0.97)
2025-12-02 23:57:49 | INFO     | voice_tone | Voice tone analysis: neutral (confidence: 0.50)
2025-12-02 23:57:51 | INFO     | ai_core | AI response generated: I can't directly open applications for you, but I ...
2025-12-02 23:57:51 | INFO     | tts_output | Generating TTS with voice 'nova' for tone 'sad' (speed: 0.85)
2025-12-02 23:57:54 | WARNING  | emotion_detector | Failed to capture frame from camera
2025-12-02 23:57:55 | INFO     | tts_output | TTS audio saved: C:\Users\SHIVANSH\Desktop\ROOMie\backend\audio\tmpcg53zo_f.mp3
2025-12-02 23:57:55 | INFO     | emotion_detector | Detected emotion: angry (confidence: 0.82)
2025-12-02 23:57:56 | INFO     | emotion_calibration | Matched emotion: angry (similarity: 0.97)
2025-12-02 23:57:56 | INFO     | emotion_detector | Personalized match: angry (confidence: 0.97)
2025-12-02 23:58:04 | INFO     | emotion_detector | Detected emotion: angry (confidence: 0.70)
2025-12-02 23:58:05 | WARNING  | emotion_detector | Failed to capture frame from camera
2025-12-02 23:58:06 | INFO     | emotion_calibration | Matched emotion: angry (similarity: 0.95)
2025-12-02 23:58:06 | INFO     | emotion_detector | Personalized match: angry (confidence: 0.95)
2025-12-02 23:58:11 | INFO     | emotion_detector | Detected emotion: angry (confidence: 0.83)
2025-12-02 23:58:11 | WARNING  | emotion_detector | Failed to capture frame from camera
2025-12-02 23:58:12 | INFO     | emotion_calibration | Matched emotion: angry (similarity: 0.97)
2025-12-02 23:58:12 | INFO     | emotion_detector | Personalized match: angry (confidence: 0.97)
2025-12-02 23:58:18 | WARNING  | emotion_detector | Failed to capture frame from camera
2025-12-02 23:58:18 | INFO     | emotion_detector | Detected emotion: angry (confidence: 0.78)
2025-12-02 23:58:18 | INFO     | emotion_detector | Detected emotion: angry (confidence: 0.77)
2025-12-02 23:58:23 | INFO     | emotion_calibration | Matched emotion: angry (similarity: 0.96)
2025-12-02 23:58:23 | INFO     | emotion_detector | Personalized match: angry (confidence: 0.96)
2025-12-02 23:58:24 | INFO     | emotion_detector | Detected emotion: angry (confidence: 0.80)
2025-12-02 23:58:24 | INFO     | emotion_detector | Detected emotion: angry (confidence: 0.77)
2025-12-02 23:58:29 | INFO     | emotion_calibration | Matched emotion: angry (similarity: 0.95)
2025-12-02 23:58:29 | INFO     | emotion_detector | Personalized match: angry (confidence: 0.95)
2025-12-02 23:58:31 | INFO     | emotion_detector | Detected emotion: angry (confidence: 0.92)
2025-12-02 23:58:32 | INFO     | emotion_detector | Detected emotion: angry (confidence: 0.93)
2025-12-02 23:58:39 | INFO     | emotion_calibration | Matched emotion: angry (similarity: 0.96)
2025-12-02 23:58:39 | INFO     | emotion_detector | Personalized match: angry (confidence: 0.96)
2025-12-02 23:58:42 | INFO     | voice_tone | Voice tone analysis: neutral (confidence: 0.50)
2025-12-02 23:58:42 | INFO     | emotion_detector | Detected emotion: angry (confidence: 0.58)
2025-12-02 23:58:43 | INFO     | emotion_detector | Detected emotion: angry (confidence: 0.63)
2025-12-02 23:58:44 | INFO     | ai_core | AI response generated: While I can’t display analytics directly, I can he...
2025-12-02 23:58:44 | INFO     | tts_output | Generating TTS with voice 'nova' for tone 'sad' (speed: 0.85)
2025-12-02 23:58:49 | INFO     | tts_output | TTS audio saved: C:\Users\SHIVANSH\Desktop\ROOMie\backend\audio\tmpzy44jipb.mp3
2025-12-02 23:58:51 | INFO     | emotion_calibration | Matched emotion: angry (similarity: 0.96)
2025-12-02 23:58:51 | INFO     | emotion_detector | Personalized match: angry (confidence: 0.96)
2025-12-02 23:58:54 | INFO     | emotion_detector | Detected emotion: angry (confidence: 0.85)
2025-12-02 23:58:55 | INFO     | emotion_detector | Detected emotion: angry (confidence: 0.95)
2025-12-02 23:59:01 | INFO     | emotion_calibration | Matched emotion: angry (similarity: 0.95)
2025-12-02 23:59:01 | INFO     | emotion_detector | Personalized match: angry (confidence: 0.95)
2025-12-02 23:59:02 | INFO     | emotion_detector | Background emotion monitoring stopped
2025-12-02 23:59:02 | INFO     | emotion_detector | Background emotion monitoring started
2025-12-02 23:59:03 | INFO     | emotion_detector | Detected emotion: angry (confidence: 0.77)
2025-12-02 23:59:04 | INFO     | emotion_detector | Background emotion monitoring stopped
2025-12-02 23:59:04 | INFO     | emotion_detector | Detected emotion: angry (confidence: 0.57)
2025-12-02 23:59:05 | INFO     | emotion_detector | Detected emotion: angry (confidence: 0.50)
2025-12-02 23:59:10 | INFO     | emotion_detector | Detected emotion: angry (confidence: 0.73)
2025-12-02 23:59:10 | INFO     | emotion_detector | Detected emotion: angry (confidence: 0.60)
2025-12-02 23:59:16 | INFO     | emotion_detector | Detected emotion: angry (confidence: 0.88)
2025-12-02 23:59:16 | INFO     | emotion_detector | Detected emotion: angry (confidence: 0.85)
2025-12-02 23:59:22 | INFO     | emotion_detector | Detected emotion: angry (confidence: 0.93)
2025-12-02 23:59:23 | INFO     | emotion_detector | Detected emotion: angry (confidence: 0.93)
2025-12-02 23:59:28 | INFO     | emotion_detector | Detected emotion: angry (confidence: 0.71)
2025-12-02 23:59:29 | INFO     | emotion_detector | Detected emotion: angry (confidence: 0.75)
2025-12-02 23:59:34 | INFO     | emotion_detector | Detected emotion: angry (confidence: 0.83)
2025-12-02 23:59:35 | INFO     | emotion_detector | Detected emotion: angry (confidence: 0.82)
2025-12-02 23:59:40 | INFO     | emotion_detector | Detected emotion: angry (confidence: 0.82)
2025-12-02 23:59:41 | INFO     | emotion_detector | Detected emotion: angry (confidence: 0.83)
2025-12-02 23:59:47 | INFO     | emotion_detector | Detected emotion: angry (confidence: 0.82)
2025-12-02 23:59:47 | INFO     | emotion_detector | Detected emotion: angry (confidence: 0.78)
2025-12-02 23:59:53 | INFO     | emotion_detector | Detected emotion: angry (confidence: 0.53)
2025-12-02 23:59:53 | INFO     | emotion_detector | Detected emotion: angry (confidence: 0.76)
2025-12-02 23:59:59 | INFO     | emotion_detector | Detected emotion: angry (confidence: 0.86)
2025-12-03 00:00:05 | INFO     | emotion_detector | Detected emotion: angry (confidence: 0.66)
2025-12-03 00:00:11 | INFO     | emotion_detector | Detected emotion: angry (confidence: 0.82)
2025-12-03 00:00:18 | INFO     | emotion_detector | Detected emotion: angry (confidence: 0.53)
2025-12-03 00:00:27 | INFO     | emotion_detector | Detected emotion: angry (confidence: 0.70)
2025-12-03 00:00:34 | INFO     | emotion_detector | Detected emotion: angry (confidence: 0.65)
2025-12-03 00:00:40 | INFO     | emotion_detector | Detected emotion: angry (confidence: 0.77)
2025-12-03 00:00:50 | INFO     | emotion_detector | Detected emotion: angry (confidence: 0.79)
2025-12-03 00:01:00 | INFO     | emotion_detector | Detected emotion: angry (confidence: 0.78)
2025-12-03 00:01:12 | INFO     | emotion_detector | Detected emotion: angry (confidence: 0.88)
2025-12-03 00:01:24 | INFO     | emotion_detector | Detected emotion: angry (confidence: 0.64)
2025-12-03 00:01:36 | INFO     | emotion_detector | Detected emotion: angry (confidence: 0.82)
2025-12-03 00:01:48 | INFO     | emotion_detector | Detected emotion: angry (confidence: 0.82)
2025-12-03 00:01:57 | WARNING  | emotion_detector | Failed to capture frame from camera
2025-12-03 00:02:07 | INFO     | emotion_detector | Detected emotion: angry (confidence: 0.82)
2025-12-03 00:02:17 | INFO     | emotion_detector | Detected emotion: angry (confidence: 0.81)
2025-12-03 00:02:27 | INFO     | emotion_detector | Detected emotion: angry (confidence: 0.73)
2025-12-03 00:02:36 | INFO     | emotion_detector | Detected emotion: angry (confidence: 0.78)
2025-12-03 00:02:45 | INFO     | emotion_detector | Detected emotion: angry (confidence: 0.78)
2025-12-03 00:02:54 | INFO     | emotion_detector | Detected emotion: angry (confidence: 0.91)
2025-12-03 00:03:00 | INFO     | emotion_detector | Detected emotion: angry (confidence: 0.77)
2025-12-03 00:03:06 | INFO     | emotion_detector | Detected emotion: angry (confidence: 0.65)
2025-12-03 00:03:12 | INFO     | emotion_detector | Detected emotion: angry (confidence: 0.70)
2025-12-03 00:03:18 | INFO     | emotion_detector | Detected emotion: angry (confidence: 0.82)
2025-12-03 00:03:23 | WARNING  | emotion_detector | Failed to capture frame from camera
2025-12-03 00:03:29 | WARNING  | emotion_detector | Failed to capture frame from camera
2025-12-03 00:03:36 | INFO     | emotion_detector | Detected emotion: angry (confidence: 0.84)
2025-12-03 00:03:42 | INFO     | emotion_detector | Detected emotion: angry (confidence: 0.75)
2025-12-03 00:03:48 | INFO     | emotion_detector | Detected emotion: angry (confidence: 0.78)
2025-12-03 00:03:54 | INFO     | emotion_detector | Detected emotion: angry (confidence: 0.65)
2025-12-03 00:04:01 | INFO     | emotion_detector | Detected emotion: angry (confidence: 0.62)
2025-12-03 00:04:07 | INFO     | emotion_detector | Detected emotion: angry (confidence: 0.66)
2025-12-03 00:04:13 | INFO     | emotion_detector | Detected emotion: angry (confidence: 0.82)
2025-12-03 00:04:18 | WARNING  | emotion_detector | Failed to capture frame from camera
2025-12-03 00:04:25 | INFO     | emotion_detector | Detected emotion: angry (confidence: 0.82)
2025-12-03 00:04:31 | INFO     | emotion_detector | Detected emotion: angry (confidence: 0.80)
2025-12-03 00:04:38 | INFO     | emotion_detector | Detected emotion: angry (confidence: 0.72)
2025-12-03 00:04:44 | INFO     | emotion_detector | Detected emotion: angry (confidence: 0.68)
2025-12-03 00:04:50 | INFO     | emotion_detector | Detected emotion: angry (confidence: 0.63)
2025-12-03 00:04:56 | INFO     | emotion_detector | Detected emotion: angry (confidence: 0.76)
2025-12-03 00:05:02 | INFO     | emotion_detector | Detected emotion: angry (confidence: 0.83)
2025-12-03 00:05:08 | INFO     | emotion_detector | Detected emotion: angry (confidence: 0.94)
2025-12-03 00:05:15 | INFO     | emotion_detector | Detected emotion: angry (confidence: 0.84)
2025-12-03 00:05:21 | INFO     | emotion_detector | Detected emotion: angry (confidence: 0.94)
2025-12-03 00:05:27 | INFO     | emotion_detector | Detected emotion: angry (confidence: 0.72)
2025-12-03 00:05:33 | INFO     | emotion_detector | Detected emotion: angry (confidence: 0.77)
2025-12-03 00:05:39 | INFO     | emotion_detector | Detected emotion: angry (confidence: 0.77)
2025-12-03 00:05:46 | INFO     | emotion_detector | Detected emotion: angry (confidence: 0.80)
2025-12-03 00:05:52 | INFO     | emotion_detector | Detected emotion: angry (confidence: 0.79)
2025-12-03 00:05:58 | INFO     | emotion_detector | Detected emotion: angry (confidence: 0.76)
2025-12-03 00:06:04 | INFO     | emotion_detector | Detected emotion: angry (confidence: 0.82)
2025-12-03 00:06:10 | INFO     | emotion_detector | Detected emotion: angry (confidence: 0.67)
2025-12-03 00:06:17 | INFO     | emotion_detector | Detected emotion: angry (confidence: 0.67)
2025-12-03 00:06:23 | INFO     | emotion_detector | Detected emotion: angry (confidence: 0.82)
2025-12-03 00:06:29 | INFO     | emotion_detector | Detected emotion: angry (confidence: 0.66)
2025-12-03 00:06:37 | INFO     | emotion_detector | Detected emotion: angry (confidence: 0.74)
2025-12-03 00:06:45 | INFO     | emotion_detector | Detected emotion: angry (confidence: 0.96)
2025-12-03 00:06:51 | INFO     | emotion_detector | Detected emotion: angry (confidence: 0.82)
2025-12-03 00:06:56 | INFO     | emotion_detector | Detected emotion: angry (confidence: 0.66)
2025-12-03 00:07:02 | INFO     | emotion_detector | Detected emotion: angry (confidence: 0.80)
2025-12-03 00:07:08 | INFO     | emotion_detector | Detected emotion: angry (confidence: 0.79)
2025-12-03 00:07:14 | INFO     | emotion_detector | Detected emotion: angry (confidence: 0.79)
2025-12-03 00:07:20 | INFO     | emotion_detector | Detected emotion: angry (confidence: 0.91)
2025-12-03 00:07:26 | INFO     | emotion_detector | Detected emotion: angry (confidence: 0.79)
2025-12-03 00:07:32 | INFO     | emotion_detector | Detected emotion: angry (confidence: 0.78)
2025-12-03 00:07:38 | INFO     | emotion_detector | Detected emotion: angry (confidence: 0.93)
2025-12-03 00:07:44 | INFO     | emotion_detector | Detected emotion: angry (confidence: 0.70)
2025-12-03 00:07:50 | INFO     | emotion_detector | Detected emotion: angry (confidence: 0.82)
2025-12-03 00:07:56 | INFO     | emotion_detector | Detected emotion: angry (confidence: 0.82)
2025-12-03 00:08:02 | INFO     | emotion_detector | Detected emotion: angry (confidence: 0.82)
2025-12-03 00:08:08 | INFO     | emotion_detector | Detected emotion: angry (confidence: 0.82)
2025-12-03 00:08:16 | INFO     | emotion_detector | Detected emotion: angry (confidence: 0.63)
2025-12-03 00:08:25 | INFO     | emotion_detector | Detected emotion: angry (confidence: 0.71)
2025-12-03 00:08:35 | INFO     | emotion_detector | Detected emotion: angry (confidence: 0.59)
2025-12-03 00:08:44 | INFO     | emotion_detector | Detected emotion: angry (confidence: 0.68)
2025-12-03 00:08:51 | INFO     | emotion_detector | Detected emotion: angry (confidence: 0.81)
2025-12-03 00:08:59 | INFO     | emotion_detector | Detected emotion: angry (confidence: 0.64)
2025-12-03 00:09:07 | INFO     | emotion_detector | Detected emotion: angry (confidence: 0.68)
2025-12-03 00:09:14 | INFO     | emotion_detector | Detected emotion: angry (confidence: 0.72)
2025-12-03 00:09:22 | INFO     | emotion_detector | Detected emotion: angry (confidence: 0.73)
2025-12-03 00:09:29 | INFO     | emotion_detector | Detected emotion: angry (confidence: 0.47)
2025-12-03 00:09:35 | INFO     | emotion_detector | Detected emotion: angry (confidence: 0.71)
