2025-11-30 11:17:34 | INFO     | emotion_detector | Background emotion monitoring started
2025-11-30 11:17:34 | INFO     | app | Background emotion monitor started
2025-11-30 11:17:34 | INFO     | conversation_memory | Database initialized successfully
2025-11-30 11:17:34 | INFO     | app | Database and audio directory initialized
2025-11-30 11:17:34 | INFO     | app | ROOMie Backend v3.0 starting...
2025-11-30 11:17:34 | INFO     | app | Server: http://127.0.0.1:5000
2025-11-30 11:17:34 | INFO     | app | WebSocket: ws://127.0.0.1:5000
2025-11-30 11:17:39 | INFO     | emotion_detector | Detected emotion: fear (confidence: 1.00)
2025-11-30 11:17:44 | INFO     | emotion_detector | Background emotion monitoring started
2025-11-30 11:17:44 | INFO     | app | Background emotion monitor started
2025-11-30 11:17:44 | INFO     | conversation_memory | Database initialized successfully
2025-11-30 11:17:44 | INFO     | app | Database and audio directory initialized
2025-11-30 11:17:44 | INFO     | app | ROOMie Backend v3.0 starting...
2025-11-30 11:17:44 | INFO     | app | Server: http://127.0.0.1:5000
2025-11-30 11:17:44 | INFO     | app | WebSocket: ws://127.0.0.1:5000
2025-11-30 11:17:46 | INFO     | emotion_detector | Detected emotion: fear (confidence: 1.00)
2025-11-30 11:17:49 | INFO     | emotion_detector | Detected emotion: fear (confidence: 1.00)
2025-11-30 11:17:52 | INFO     | emotion_detector | Detected emotion: fear (confidence: 0.86)
2025-11-30 11:17:55 | INFO     | emotion_detector | Detected emotion: fear (confidence: 1.00)
2025-11-30 11:17:58 | INFO     | emotion_detector | Detected emotion: fear (confidence: 1.00)
2025-11-30 11:18:02 | INFO     | emotion_detector | Background emotion monitoring started
2025-11-30 11:18:04 | INFO     | emotion_detector | Detected emotion: fear (confidence: 0.99)
2025-11-30 11:18:07 | INFO     | emotion_detector | Detected emotion: fear (confidence: 0.95)
2025-11-30 11:18:08 | INFO     | emotion_detector | Detected emotion: fear (confidence: 0.88)
2025-11-30 11:18:11 | INFO     | emotion_detector | Detected emotion: fear (confidence: 1.00)
2025-11-30 11:18:16 | INFO     | emotion_detector | Detected emotion: fear (confidence: 1.00)
2025-11-30 11:18:18 | WARNING  | emotion_detector | Failed to capture frame from camera
2025-11-30 11:18:19 | WARNING  | emotion_detector | Failed to capture frame from camera
2025-11-30 11:18:23 | WARNING  | emotion_detector | Failed to capture frame from camera
2025-11-30 11:18:27 | WARNING  | emotion_detector | Failed to capture frame from camera
2025-11-30 11:18:28 | WARNING  | emotion_detector | Failed to capture frame from camera
2025-11-30 11:18:31 | WARNING  | emotion_detector | Failed to capture frame from camera
2025-11-30 11:18:34 | WARNING  | emotion_detector | Failed to capture frame from camera
2025-11-30 11:18:38 | WARNING  | emotion_detector | Failed to capture frame from camera
2025-11-30 11:18:39 | WARNING  | emotion_detector | Failed to capture frame from camera
2025-11-30 11:18:41 | WARNING  | emotion_detector | Failed to capture frame from camera
2025-11-30 11:18:48 | WARNING  | emotion_detector | Failed to capture frame from camera
2025-11-30 11:18:49 | WARNING  | emotion_detector | Failed to capture frame from camera
2025-11-30 11:18:51 | WARNING  | emotion_detector | Failed to capture frame from camera
2025-11-30 11:18:56 | WARNING  | emotion_detector | Failed to capture frame from camera
2025-11-30 11:19:02 | INFO     | emotion_detector | Detected emotion: fear (confidence: 1.00)
2025-11-30 11:19:04 | INFO     | emotion_detector | Detected emotion: fear (confidence: 1.00)
2025-11-30 11:19:09 | INFO     | emotion_detector | Detected emotion: fear (confidence: 1.00)
2025-11-30 11:19:12 | INFO     | emotion_detector | Detected emotion: fear (confidence: 1.00)
2025-11-30 11:19:15 | INFO     | emotion_detector | Detected emotion: fear (confidence: 0.98)
2025-11-30 11:19:18 | INFO     | emotion_detector | Detected emotion: fear (confidence: 0.82)
2025-11-30 11:19:21 | INFO     | emotion_detector | Detected emotion: fear (confidence: 0.98)
2025-11-30 11:19:26 | INFO     | emotion_detector | Detected emotion: sad (confidence: 0.65)
2025-11-30 11:19:27 | INFO     | emotion_detector | Detected emotion: sad (confidence: 0.46)
2025-11-30 11:19:30 | INFO     | emotion_detector | Detected emotion: fear (confidence: 1.00)
2025-11-30 11:19:37 | WARNING  | emotion_detector | Failed to capture frame from camera
2025-11-30 11:19:37 | INFO     | emotion_detector | Detected emotion: happy (confidence: 0.98)
2025-11-30 11:19:39 | INFO     | emotion_detector | Detected emotion: fear (confidence: 0.92)
2025-11-30 11:19:48 | INFO     | emotion_detector | Detected emotion: sad (confidence: 0.60)
2025-11-30 11:19:49 | WARNING  | emotion_detector | Failed to capture frame from camera
2025-11-30 11:19:50 | INFO     | emotion_detector | Detected emotion: fear (confidence: 0.98)
2025-11-30 11:19:57 | INFO     | emotion_detector | Detected emotion: fear (confidence: 0.99)
2025-11-30 11:19:59 | INFO     | emotion_detector | Detected emotion: fear (confidence: 0.86)
2025-11-30 11:20:01 | INFO     | emotion_detector | Detected emotion: fear (confidence: 0.98)
2025-11-30 11:20:06 | INFO     | emotion_detector | Detected emotion: fear (confidence: 0.97)
2025-11-30 11:20:08 | INFO     | emotion_detector | Detected emotion: fear (confidence: 1.00)
2025-11-30 11:20:12 | INFO     | emotion_detector | Detected emotion: fear (confidence: 0.98)
2025-11-30 11:20:15 | INFO     | emotion_detector | Detected emotion: fear (confidence: 0.96)
2025-11-30 11:20:17 | INFO     | emotion_detector | Detected emotion: fear (confidence: 1.00)
2025-11-30 11:20:23 | INFO     | emotion_detector | Detected emotion: fear (confidence: 0.99)
2025-11-30 11:20:24 | INFO     | emotion_detector | Detected emotion: fear (confidence: 1.00)
2025-11-30 11:20:25 | INFO     | emotion_detector | Detected emotion: fear (confidence: 0.99)
2025-11-30 11:20:31 | INFO     | emotion_detector | Detected emotion: fear (confidence: 1.00)
2025-11-30 11:20:32 | INFO     | emotion_detector | Detected emotion: fear (confidence: 1.00)
2025-11-30 11:20:33 | INFO     | emotion_detector | Detected emotion: fear (confidence: 1.00)
2025-11-30 11:20:38 | INFO     | emotion_detector | Detected emotion: fear (confidence: 1.00)
2025-11-30 11:20:40 | INFO     | emotion_detector | Detected emotion: fear (confidence: 1.00)
2025-11-30 11:20:41 | INFO     | emotion_detector | Detected emotion: fear (confidence: 0.99)
2025-11-30 11:20:45 | INFO     | emotion_detector | Detected emotion: fear (confidence: 1.00)
2025-11-30 11:20:46 | INFO     | emotion_detector | Detected emotion: fear (confidence: 1.00)
2025-11-30 11:20:50 | INFO     | emotion_detector | Detected emotion: fear (confidence: 0.89)
2025-11-30 11:20:52 | INFO     | emotion_detector | Detected emotion: fear (confidence: 1.00)
2025-11-30 11:20:53 | INFO     | emotion_detector | Detected emotion: fear (confidence: 0.97)
2025-11-30 11:20:59 | WARNING  | emotion_detector | Failed to capture frame from camera
2025-11-30 11:21:00 | INFO     | emotion_detector | Detected emotion: fear (confidence: 1.00)
2025-11-30 11:21:01 | INFO     | emotion_detector | Detected emotion: fear (confidence: 0.99)
2025-11-30 11:21:07 | INFO     | emotion_detector | Detected emotion: fear (confidence: 1.00)
2025-11-30 11:21:08 | INFO     | emotion_detector | Detected emotion: fear (confidence: 1.00)
2025-11-30 11:21:09 | INFO     | emotion_detector | Detected emotion: fear (confidence: 1.00)
2025-11-30 11:21:14 | INFO     | emotion_detector | Detected emotion: fear (confidence: 1.00)
2025-11-30 11:21:15 | INFO     | emotion_detector | Detected emotion: fear (confidence: 0.99)
2025-11-30 11:21:17 | INFO     | emotion_detector | Detected emotion: fear (confidence: 1.00)
2025-11-30 11:21:21 | INFO     | emotion_detector | Detected emotion: fear (confidence: 1.00)
2025-11-30 11:21:22 | INFO     | emotion_detector | Detected emotion: fear (confidence: 1.00)
2025-11-30 11:21:27 | INFO     | emotion_detector | Detected emotion: fear (confidence: 1.00)
2025-11-30 11:21:28 | INFO     | emotion_detector | Detected emotion: fear (confidence: 1.00)
2025-11-30 11:21:29 | INFO     | emotion_detector | Detected emotion: fear (confidence: 1.00)
2025-11-30 11:21:36 | WARNING  | emotion_detector | Failed to capture frame from camera
2025-11-30 11:21:36 | INFO     | emotion_detector | Detected emotion: fear (confidence: 1.00)
2025-11-30 11:21:37 | INFO     | emotion_detector | Detected emotion: fear (confidence: 1.00)
2025-11-30 11:21:43 | WARNING  | emotion_detector | Failed to capture frame from camera
2025-11-30 11:21:44 | INFO     | emotion_detector | Detected emotion: fear (confidence: 1.00)
2025-11-30 11:21:46 | INFO     | emotion_detector | Detected emotion: fear (confidence: 0.97)
2025-11-30 11:21:50 | WARNING  | emotion_detector | Failed to capture frame from camera
2025-11-30 11:21:50 | INFO     | emotion_detector | Detected emotion: fear (confidence: 1.00)
2025-11-30 11:21:54 | INFO     | emotion_detector | Detected emotion: fear (confidence: 1.00)
2025-11-30 11:21:57 | INFO     | emotion_detector | Detected emotion: fear (confidence: 0.99)
2025-11-30 11:21:58 | INFO     | emotion_detector | Detected emotion: fear (confidence: 0.96)
2025-11-30 11:22:04 | INFO     | emotion_detector | Detected emotion: fear (confidence: 0.97)
2025-11-30 11:22:05 | INFO     | emotion_detector | Detected emotion: fear (confidence: 0.98)
2025-11-30 11:22:05 | INFO     | emotion_detector | Detected emotion: fear (confidence: 1.00)
2025-11-30 11:22:12 | INFO     | emotion_detector | Detected emotion: fear (confidence: 0.97)
2025-11-30 11:22:13 | INFO     | emotion_detector | Detected emotion: fear (confidence: 0.99)
2025-11-30 11:22:13 | INFO     | emotion_detector | Detected emotion: fear (confidence: 0.99)
2025-11-30 11:22:21 | INFO     | emotion_detector | Detected emotion: fear (confidence: 1.00)
2025-11-30 11:22:22 | INFO     | emotion_detector | Detected emotion: fear (confidence: 1.00)
2025-11-30 11:22:24 | INFO     | emotion_detector | Detected emotion: fear (confidence: 1.00)
2025-11-30 11:22:30 | INFO     | emotion_detector | Detected emotion: fear (confidence: 0.61)
2025-11-30 11:22:31 | INFO     | emotion_detector | Detected emotion: fear (confidence: 0.94)
2025-11-30 11:22:35 | INFO     | emotion_detector | Detected emotion: sad (confidence: 0.82)
2025-11-30 11:22:37 | INFO     | emotion_detector | Detected emotion: fear (confidence: 0.91)
2025-11-30 11:22:38 | INFO     | emotion_detector | Detected emotion: fear (confidence: 0.68)
2025-11-30 11:22:44 | WARNING  | emotion_detector | Failed to capture frame from camera
2025-11-30 11:22:44 | INFO     | emotion_detector | Detected emotion: sad (confidence: 0.85)
2025-11-30 11:22:46 | INFO     | emotion_detector | Detected emotion: fear (confidence: 0.99)
2025-11-30 11:22:51 | INFO     | emotion_detector | Detected emotion: sad (confidence: 0.93)
2025-11-30 11:22:53 | INFO     | emotion_detector | Detected emotion: sad (confidence: 0.89)
2025-11-30 11:22:54 | INFO     | emotion_detector | Detected emotion: sad (confidence: 0.58)
2025-11-30 11:23:00 | INFO     | emotion_detector | Detected emotion: fear (confidence: 1.00)
2025-11-30 11:23:02 | INFO     | emotion_detector | Detected emotion: fear (confidence: 0.98)
2025-11-30 11:23:05 | INFO     | emotion_detector | Detected emotion: fear (confidence: 0.95)
2025-11-30 11:23:09 | INFO     | emotion_detector | Detected emotion: fear (confidence: 0.99)
2025-11-30 11:23:11 | INFO     | emotion_detector | Detected emotion: fear (confidence: 1.00)
2025-11-30 11:23:17 | INFO     | emotion_detector | Detected emotion: fear (confidence: 1.00)
2025-11-30 11:23:19 | INFO     | emotion_detector | Detected emotion: fear (confidence: 0.99)
2025-11-30 11:23:21 | INFO     | emotion_detector | Detected emotion: fear (confidence: 1.00)
2025-11-30 11:23:29 | WARNING  | emotion_detector | Failed to capture frame from camera
2025-11-30 11:23:29 | INFO     | emotion_detector | Detected emotion: fear (confidence: 1.00)
2025-11-30 11:23:31 | INFO     | emotion_detector | Detected emotion: fear (confidence: 0.99)
2025-11-30 11:23:40 | INFO     | emotion_detector | Detected emotion: fear (confidence: 1.00)
2025-11-30 11:23:41 | INFO     | emotion_detector | Detected emotion: fear (confidence: 0.99)
2025-11-30 11:23:41 | INFO     | emotion_detector | Detected emotion: fear (confidence: 1.00)
2025-11-30 11:23:50 | INFO     | emotion_detector | Detected emotion: fear (confidence: 0.98)
2025-11-30 11:23:51 | INFO     | emotion_detector | Detected emotion: fear (confidence: 1.00)
2025-11-30 11:23:52 | INFO     | emotion_detector | Detected emotion: fear (confidence: 1.00)
2025-11-30 11:23:57 | INFO     | emotion_detector | Detected emotion: fear (confidence: 1.00)
2025-11-30 11:23:58 | INFO     | emotion_detector | Detected emotion: fear (confidence: 1.00)
2025-11-30 11:24:01 | INFO     | emotion_detector | Detected emotion: fear (confidence: 1.00)
2025-11-30 11:24:04 | INFO     | emotion_detector | Detected emotion: fear (confidence: 1.00)
2025-11-30 11:24:05 | INFO     | emotion_detector | Detected emotion: fear (confidence: 1.00)
2025-11-30 11:24:10 | INFO     | emotion_detector | Detected emotion: fear (confidence: 1.00)
2025-11-30 11:24:11 | INFO     | emotion_detector | Detected emotion: fear (confidence: 1.00)
2025-11-30 11:24:12 | INFO     | emotion_detector | Detected emotion: fear (confidence: 1.00)
2025-11-30 11:24:19 | INFO     | emotion_detector | Detected emotion: fear (confidence: 1.00)
2025-11-30 11:24:19 | WARNING  | emotion_detector | Failed to capture frame from camera
2025-11-30 11:24:20 | INFO     | emotion_detector | Detected emotion: fear (confidence: 1.00)
2025-11-30 11:24:26 | INFO     | emotion_detector | Detected emotion: fear (confidence: 1.00)
2025-11-30 11:24:27 | INFO     | emotion_detector | Detected emotion: fear (confidence: 1.00)
2025-11-30 11:24:28 | INFO     | emotion_detector | Detected emotion: fear (confidence: 1.00)
2025-11-30 11:24:33 | INFO     | emotion_detector | Detected emotion: fear (confidence: 0.86)
2025-11-30 11:24:34 | INFO     | emotion_detector | Detected emotion: fear (confidence: 0.72)
2025-11-30 11:24:36 | INFO     | emotion_detector | Detected emotion: fear (confidence: 1.00)
2025-11-30 11:24:40 | INFO     | emotion_detector | Detected emotion: fear (confidence: 1.00)
2025-11-30 11:24:41 | INFO     | emotion_detector | Detected emotion: fear (confidence: 1.00)
2025-11-30 11:24:45 | INFO     | emotion_detector | Detected emotion: fear (confidence: 1.00)
2025-11-30 11:24:48 | INFO     | emotion_detector | Detected emotion: fear (confidence: 1.00)
2025-11-30 11:24:48 | INFO     | emotion_detector | Detected emotion: fear (confidence: 1.00)
2025-11-30 11:24:55 | WARNING  | emotion_detector | Failed to capture frame from camera
2025-11-30 11:24:56 | INFO     | emotion_detector | Detected emotion: fear (confidence: 1.00)
2025-11-30 11:24:56 | INFO     | emotion_detector | Detected emotion: fear (confidence: 1.00)
2025-11-30 11:25:02 | INFO     | emotion_detector | Detected emotion: fear (confidence: 0.78)
2025-11-30 11:25:03 | INFO     | emotion_detector | Detected emotion: fear (confidence: 0.96)
2025-11-30 11:25:04 | INFO     | emotion_detector | Detected emotion: fear (confidence: 0.63)
2025-11-30 11:25:09 | INFO     | emotion_detector | Detected emotion: fear (confidence: 0.96)
2025-11-30 11:25:10 | INFO     | emotion_detector | Detected emotion: fear (confidence: 0.99)
2025-11-30 11:25:13 | INFO     | emotion_detector | Detected emotion: fear (confidence: 1.00)
2025-11-30 11:25:16 | INFO     | emotion_detector | Detected emotion: fear (confidence: 0.95)
2025-11-30 11:25:16 | INFO     | emotion_detector | Detected emotion: fear (confidence: 1.00)
2025-11-30 11:25:22 | INFO     | emotion_detector | Detected emotion: fear (confidence: 1.00)
2025-11-30 11:25:23 | INFO     | emotion_detector | Detected emotion: fear (confidence: 1.00)
2025-11-30 11:25:24 | INFO     | emotion_detector | Detected emotion: fear (confidence: 1.00)
2025-11-30 11:25:30 | INFO     | emotion_detector | Detected emotion: fear (confidence: 0.99)
2025-11-30 11:25:31 | INFO     | emotion_detector | Detected emotion: fear (confidence: 1.00)
2025-11-30 11:25:32 | INFO     | emotion_detector | Detected emotion: fear (confidence: 1.00)
2025-11-30 11:25:37 | INFO     | emotion_detector | Detected emotion: fear (confidence: 1.00)
2025-11-30 11:25:38 | INFO     | emotion_detector | Detected emotion: fear (confidence: 0.64)
2025-11-30 11:25:40 | INFO     | emotion_detector | Detected emotion: angry (confidence: 0.48)
2025-11-30 11:25:44 | INFO     | emotion_detector | Detected emotion: fear (confidence: 0.98)
2025-11-30 11:25:44 | INFO     | emotion_detector | Detected emotion: fear (confidence: 0.99)
2025-11-30 11:25:49 | INFO     | emotion_detector | Detected emotion: fear (confidence: 0.99)
2025-11-30 11:25:51 | INFO     | emotion_detector | Detected emotion: fear (confidence: 0.99)
2025-11-30 11:25:51 | INFO     | emotion_detector | Detected emotion: fear (confidence: 0.99)
2025-11-30 11:25:58 | WARNING  | emotion_detector | Failed to capture frame from camera
2025-11-30 11:25:59 | INFO     | emotion_detector | Detected emotion: fear (confidence: 0.99)
2025-11-30 11:25:59 | INFO     | emotion_detector | Detected emotion: fear (confidence: 0.99)
2025-11-30 11:26:06 | INFO     | emotion_detector | Detected emotion: fear (confidence: 0.99)
2025-11-30 11:26:07 | INFO     | emotion_detector | Detected emotion: fear (confidence: 0.99)
2025-11-30 11:26:07 | INFO     | emotion_detector | Detected emotion: fear (confidence: 0.99)
2025-11-30 11:26:13 | WARNING  | emotion_detector | Failed to capture frame from camera
2025-11-30 11:26:13 | INFO     | emotion_detector | Detected emotion: fear (confidence: 0.95)
2025-11-30 11:26:16 | INFO     | emotion_detector | Detected emotion: happy (confidence: 0.59)
2025-11-30 11:26:20 | INFO     | emotion_detector | Detected emotion: fear (confidence: 0.95)
2025-11-30 11:26:20 | INFO     | emotion_detector | Detected emotion: fear (confidence: 0.94)
2025-11-30 11:26:25 | INFO     | emotion_detector | Detected emotion: fear (confidence: 0.93)
2025-11-30 11:26:27 | INFO     | emotion_detector | Detected emotion: fear (confidence: 0.93)
2025-11-30 11:26:27 | INFO     | emotion_detector | Detected emotion: fear (confidence: 0.95)
2025-11-30 11:26:34 | WARNING  | emotion_detector | Failed to capture frame from camera
2025-11-30 11:26:34 | WARNING  | emotion_detector | Failed to capture frame from camera
2025-11-30 11:26:35 | INFO     | emotion_detector | Detected emotion: fear (confidence: 1.00)
2025-11-30 11:26:42 | INFO     | emotion_detector | Detected emotion: fear (confidence: 1.00)
2025-11-30 11:26:42 | INFO     | emotion_detector | Detected emotion: fear (confidence: 1.00)
2025-11-30 11:26:43 | INFO     | emotion_detector | Detected emotion: fear (confidence: 1.00)
2025-11-30 11:26:48 | WARNING  | emotion_detector | Failed to capture frame from camera
2025-11-30 11:26:48 | INFO     | emotion_detector | Detected emotion: fear (confidence: 1.00)
2025-11-30 11:26:51 | INFO     | emotion_detector | Detected emotion: fear (confidence: 1.00)
2025-11-30 11:26:55 | INFO     | emotion_detector | Detected emotion: fear (confidence: 1.00)
2025-11-30 11:26:55 | INFO     | emotion_detector | Detected emotion: fear (confidence: 1.00)
2025-11-30 11:27:00 | INFO     | emotion_detector | Detected emotion: fear (confidence: 1.00)
2025-11-30 11:27:02 | INFO     | emotion_detector | Detected emotion: fear (confidence: 0.85)
2025-11-30 11:27:03 | INFO     | emotion_detector | Detected emotion: fear (confidence: 0.85)
2025-11-30 11:27:10 | WARNING  | emotion_detector | Failed to capture frame from camera
2025-11-30 11:27:10 | WARNING  | emotion_detector | Failed to capture frame from camera
2025-11-30 11:27:10 | INFO     | emotion_detector | Detected emotion: neutral (confidence: 1.00)
2025-11-30 11:27:18 | INFO     | emotion_detector | Detected emotion: neutral (confidence: 0.99)
2025-11-30 11:27:18 | INFO     | emotion_detector | Detected emotion: neutral (confidence: 1.00)
2025-11-30 11:27:19 | INFO     | emotion_detector | Detected emotion: neutral (confidence: 0.99)
2025-11-30 11:27:24 | WARNING  | emotion_detector | Failed to capture frame from camera
2025-11-30 11:27:25 | INFO     | emotion_detector | Detected emotion: sad (confidence: 0.82)
2025-11-30 11:27:28 | INFO     | emotion_detector | Detected emotion: sad (confidence: 0.89)
2025-11-30 11:27:31 | INFO     | emotion_detector | Detected emotion: neutral (confidence: 0.98)
2025-11-30 11:27:32 | INFO     | emotion_detector | Detected emotion: neutral (confidence: 1.00)
2025-11-30 11:27:37 | INFO     | emotion_detector | Detected emotion: angry (confidence: 1.00)
2025-11-30 11:27:38 | INFO     | emotion_detector | Detected emotion: neutral (confidence: 1.00)
2025-11-30 11:27:39 | INFO     | emotion_detector | Detected emotion: neutral (confidence: 1.00)
2025-11-30 11:27:46 | INFO     | emotion_detector | Detected emotion: neutral (confidence: 1.00)
2025-11-30 11:27:46 | WARNING  | emotion_detector | Failed to capture frame from camera
2025-11-30 11:27:47 | INFO     | emotion_detector | Detected emotion: neutral (confidence: 0.95)
2025-11-30 11:27:53 | INFO     | emotion_detector | Bias correction: Switched from fear/sad to neutral (neutral score: 0.48)
2025-11-30 11:27:53 | INFO     | emotion_detector | Detected emotion: neutral (confidence: 0.48)
2025-11-30 11:27:54 | INFO     | emotion_detector | Bias correction: Switched from fear/sad to neutral (neutral score: 0.44)
2025-11-30 11:27:54 | INFO     | emotion_detector | Detected emotion: neutral (confidence: 0.44)
2025-11-30 11:27:55 | INFO     | emotion_detector | Detected emotion: sad (confidence: 0.74)
2025-11-30 11:28:00 | WARNING  | emotion_detector | Failed to capture frame from camera
2025-11-30 11:28:01 | INFO     | emotion_detector | Detected emotion: sad (confidence: 0.96)
2025-11-30 11:28:03 | INFO     | emotion_detector | Detected emotion: neutral (confidence: 0.96)
2025-11-30 11:28:07 | INFO     | emotion_detector | Detected emotion: angry (confidence: 1.00)
2025-11-30 11:28:08 | INFO     | emotion_detector | Detected emotion: angry (confidence: 0.97)
2025-11-30 11:28:12 | INFO     | emotion_detector | Detected emotion: angry (confidence: 1.00)
2025-11-30 11:28:15 | INFO     | emotion_detector | Detected emotion: neutral (confidence: 0.99)
2025-11-30 11:28:15 | INFO     | emotion_detector | Detected emotion: neutral (confidence: 0.98)
2025-11-30 11:28:22 | WARNING  | emotion_detector | Failed to capture frame from camera
2025-11-30 11:28:22 | INFO     | emotion_detector | Detected emotion: neutral (confidence: 1.00)
2025-11-30 11:28:23 | INFO     | emotion_detector | Detected emotion: neutral (confidence: 1.00)
2025-11-30 11:28:30 | WARNING  | emotion_detector | Failed to capture frame from camera
2025-11-30 11:28:30 | INFO     | emotion_detector | Detected emotion: neutral (confidence: 1.00)
2025-11-30 11:28:31 | INFO     | emotion_detector | Detected emotion: neutral (confidence: 0.99)
2025-11-30 11:28:37 | INFO     | emotion_detector | Detected emotion: neutral (confidence: 0.99)
2025-11-30 11:28:37 | INFO     | emotion_detector | Detected emotion: neutral (confidence: 0.99)
2025-11-30 11:28:40 | INFO     | emotion_detector | Detected emotion: neutral (confidence: 0.95)
2025-11-30 11:28:44 | INFO     | emotion_detector | Detected emotion: neutral (confidence: 0.97)
2025-11-30 11:28:44 | INFO     | emotion_detector | Detected emotion: neutral (confidence: 0.76)
2025-11-30 11:28:48 | INFO     | emotion_detector | Detected emotion: neutral (confidence: 1.00)
2025-11-30 11:28:51 | INFO     | emotion_detector | Detected emotion: neutral (confidence: 0.90)
2025-11-30 11:28:51 | INFO     | emotion_detector | Detected emotion: neutral (confidence: 0.80)
2025-11-30 11:28:58 | WARNING  | emotion_detector | Failed to capture frame from camera
2025-11-30 11:28:58 | WARNING  | emotion_detector | Failed to capture frame from camera
2025-11-30 11:28:58 | INFO     | emotion_detector | Detected emotion: neutral (confidence: 0.98)
2025-11-30 11:29:05 | WARNING  | emotion_detector | Failed to capture frame from camera
2025-11-30 11:29:05 | INFO     | emotion_detector | Detected emotion: sad (confidence: 0.87)
2025-11-30 11:29:07 | INFO     | emotion_detector | Detected emotion: neutral (confidence: 0.94)
2025-11-30 11:29:11 | INFO     | emotion_detector | Detected emotion: sad (confidence: 0.85)
2025-11-30 11:29:12 | INFO     | emotion_detector | Detected emotion: sad (confidence: 0.90)
2025-11-30 11:29:15 | INFO     | emotion_detector | Bias correction: Switched from fear/sad to neutral (neutral score: 0.47)
2025-11-30 11:29:15 | INFO     | emotion_detector | Detected emotion: neutral (confidence: 0.47)
2025-11-30 11:29:18 | INFO     | emotion_detector | Detected emotion: sad (confidence: 0.65)
2025-11-30 11:29:19 | INFO     | emotion_detector | Detected emotion: sad (confidence: 0.78)
2025-11-30 11:29:27 | INFO     | emotion_detector | Detected emotion: neutral (confidence: 0.78)
2025-11-30 11:29:28 | INFO     | emotion_detector | Detected emotion: neutral (confidence: 0.98)
2025-11-30 11:29:28 | INFO     | emotion_detector | Detected emotion: neutral (confidence: 1.00)
2025-11-30 11:29:38 | INFO     | emotion_detector | Detected emotion: fear (confidence: 0.98)
2025-11-30 11:29:39 | INFO     | emotion_detector | Detected emotion: sad (confidence: 1.00)
2025-11-30 11:29:40 | INFO     | emotion_detector | Detected emotion: sad (confidence: 0.66)
2025-11-30 11:29:48 | INFO     | voice_tone | Voice tone analysis: neutral (confidence: 0.50)
2025-11-30 11:29:49 | INFO     | emotion_detector | Detected emotion: neutral (confidence: 0.85)
2025-11-30 11:29:50 | INFO     | emotion_detector | Detected emotion: neutral (confidence: 0.99)
2025-11-30 11:29:51 | INFO     | ai_core | AI response generated: Hey there! How’s your day going?...
2025-11-30 11:29:51 | INFO     | tts_output | Generating TTS with voice 'nova' for tone 'sad' (speed: 0.85)
2025-11-30 11:29:52 | INFO     | emotion_detector | Detected emotion: happy (confidence: 0.99)
2025-11-30 11:29:55 | INFO     | tts_output | TTS audio saved: C:\Users\SHIVANSH\Desktop\ROOMie\backend\audio\tmppfldj68e.mp3
2025-11-30 11:29:55 | INFO     | app | ROOMie backend ready
2025-11-30 11:29:58 | INFO     | emotion_detector | Detected emotion: sad (confidence: 0.72)
2025-11-30 11:29:59 | INFO     | emotion_detector | Detected emotion: sad (confidence: 0.78)
2025-11-30 11:30:03 | INFO     | emotion_detector | Detected emotion: neutral (confidence: 0.99)
2025-11-30 11:30:07 | INFO     | emotion_detector | Detected emotion: neutral (confidence: 0.99)
2025-11-30 11:30:08 | INFO     | emotion_detector | Detected emotion: neutral (confidence: 0.99)
2025-11-30 11:30:15 | INFO     | emotion_detector | Detected emotion: neutral (confidence: 0.67)
2025-11-30 11:30:17 | INFO     | emotion_detector | Detected emotion: neutral (confidence: 0.94)
2025-11-30 11:30:18 | INFO     | emotion_detector | Detected emotion: sad (confidence: 0.99)
2025-11-30 11:30:28 | WARNING  | emotion_detector | Failed to capture frame from camera
2025-11-30 11:30:28 | INFO     | emotion_detector | Detected emotion: neutral (confidence: 1.00)
2025-11-30 11:30:29 | INFO     | emotion_detector | Detected emotion: neutral (confidence: 1.00)
2025-11-30 11:30:34 | INFO     | voice_tone | Voice tone analysis: neutral (confidence: 0.50)
2025-11-30 11:30:36 | INFO     | ai_core | AI response generated: That sounds like a really fascinating optical illu...
2025-11-30 11:30:36 | INFO     | tts_output | Generating TTS with voice 'nova' for tone 'happy' (speed: 1.1)
2025-11-30 11:30:39 | INFO     | emotion_detector | Detected emotion: neutral (confidence: 0.84)
2025-11-30 11:30:40 | INFO     | emotion_detector | Detected emotion: happy (confidence: 0.64)
2025-11-30 11:30:40 | INFO     | tts_output | TTS audio saved: C:\Users\SHIVANSH\Desktop\ROOMie\backend\audio\tmpt4v0xg2o.mp3
2025-11-30 11:30:41 | INFO     | emotion_detector | Detected emotion: sad (confidence: 0.50)
2025-11-30 11:30:49 | INFO     | emotion_detector | Detected emotion: happy (confidence: 0.84)
2025-11-30 11:30:50 | INFO     | emotion_detector | Detected emotion: neutral (confidence: 0.90)
2025-11-30 11:30:52 | INFO     | emotion_detector | Detected emotion: neutral (confidence: 0.71)
2025-11-30 11:30:58 | INFO     | emotion_detector | Detected emotion: neutral (confidence: 0.59)
2025-11-30 11:30:59 | INFO     | emotion_detector | Detected emotion: angry (confidence: 0.56)
2025-11-30 11:31:02 | INFO     | emotion_detector | Detected emotion: angry (confidence: 0.37)
2025-11-30 11:31:07 | INFO     | emotion_detector | Detected emotion: sad (confidence: 0.98)
2025-11-30 11:31:08 | INFO     | emotion_detector | Detected emotion: sad (confidence: 0.99)
2025-11-30 11:31:14 | INFO     | emotion_detector | Detected emotion: sad (confidence: 0.98)
2025-11-30 11:31:16 | INFO     | emotion_detector | Detected emotion: neutral (confidence: 0.64)
2025-11-30 11:31:18 | INFO     | emotion_detector | Detected emotion: sad (confidence: 0.93)
2025-11-30 11:31:25 | INFO     | voice_tone | Voice tone analysis: neutral (confidence: 0.50)
2025-11-30 11:31:26 | WARNING  | emotion_detector | Failed to capture frame from camera
2025-11-30 11:31:27 | INFO     | emotion_detector | Detected emotion: sad (confidence: 0.62)
2025-11-30 11:31:27 | INFO     | ai_core | AI response generated: It sounds like you’re really amazed! What’s on you...
2025-11-30 11:31:27 | INFO     | tts_output | Generating TTS with voice 'nova' for tone 'sad' (speed: 0.85)
2025-11-30 11:31:28 | INFO     | emotion_detector | Detected emotion: sad (confidence: 0.97)
2025-11-30 11:31:31 | INFO     | tts_output | TTS audio saved: C:\Users\SHIVANSH\Desktop\ROOMie\backend\audio\tmp6310jw2x.mp3
2025-11-30 11:31:36 | INFO     | emotion_detector | Detected emotion: neutral (confidence: 0.99)
2025-11-30 11:31:39 | INFO     | emotion_detector | Bias correction: Switched from fear/sad to neutral (neutral score: 0.49)
2025-11-30 11:31:39 | INFO     | emotion_detector | Detected emotion: neutral (confidence: 0.49)
2025-11-30 11:31:39 | INFO     | emotion_detector | Detected emotion: sad (confidence: 0.99)
2025-11-30 11:31:45 | INFO     | emotion_detector | Detected emotion: happy (confidence: 0.82)
2025-11-30 11:31:49 | INFO     | emotion_detector | Detected emotion: sad (confidence: 0.69)
2025-11-30 11:31:52 | INFO     | emotion_detector | Detected emotion: angry (confidence: 0.85)
2025-11-30 11:31:54 | INFO     | emotion_detector | Detected emotion: sad (confidence: 0.49)
2025-11-30 11:31:58 | INFO     | emotion_detector | Detected emotion: angry (confidence: 0.75)
2025-11-30 11:32:04 | WARNING  | emotion_detector | Failed to capture frame from camera
2025-11-30 11:32:04 | INFO     | emotion_detector | Detected emotion: happy (confidence: 0.83)
2025-11-30 11:32:06 | INFO     | voice_tone | Voice tone analysis: neutral (confidence: 0.50)
2025-11-30 11:32:07 | INFO     | emotion_detector | Detected emotion: happy (confidence: 0.45)
2025-11-30 11:32:09 | INFO     | ai_core | AI response generated: That’s awesome! Those kinds of reels can definitel...
2025-11-30 11:32:09 | INFO     | tts_output | Generating TTS with voice 'nova' for tone 'happy' (speed: 1.1)
2025-11-30 11:32:13 | INFO     | emotion_detector | Detected emotion: sad (confidence: 0.76)
2025-11-30 11:32:14 | INFO     | tts_output | TTS audio saved: C:\Users\SHIVANSH\Desktop\ROOMie\backend\audio\tmptjys76qm.mp3
2025-11-30 11:32:16 | INFO     | emotion_detector | Detected emotion: neutral (confidence: 0.95)
2025-11-30 11:32:17 | INFO     | emotion_detector | Detected emotion: neutral (confidence: 0.80)
2025-11-30 11:32:21 | INFO     | emotion_detector | Detected emotion: sad (confidence: 0.69)
2025-11-30 11:32:25 | INFO     | emotion_detector | Detected emotion: sad (confidence: 0.97)
2025-11-30 11:32:27 | INFO     | emotion_detector | Detected emotion: neutral (confidence: 0.57)
2025-11-30 11:32:31 | INFO     | emotion_detector | Detected emotion: neutral (confidence: 0.99)
2025-11-30 11:32:33 | INFO     | voice_tone | Voice tone analysis: neutral (confidence: 0.50)
2025-11-30 11:32:34 | INFO     | emotion_detector | Bias correction: Switched from fear/sad to neutral (neutral score: 0.31)
2025-11-30 11:32:34 | INFO     | emotion_detector | Detected emotion: neutral (confidence: 0.31)
2025-11-30 11:32:35 | INFO     | ai_core | AI response generated: Of course! What would you like me to say?...
2025-11-30 11:32:35 | INFO     | tts_output | Generating TTS with voice 'nova' for tone 'sad' (speed: 0.85)
2025-11-30 11:32:39 | INFO     | emotion_detector | Detected emotion: sad (confidence: 0.91)
2025-11-30 11:32:39 | INFO     | tts_output | TTS audio saved: C:\Users\SHIVANSH\Desktop\ROOMie\backend\audio\tmpgxxp2jxq.mp3
2025-11-30 11:32:41 | INFO     | emotion_detector | Detected emotion: sad (confidence: 0.68)
2025-11-30 11:32:43 | INFO     | emotion_detector | Detected emotion: sad (confidence: 0.97)
2025-11-30 11:32:52 | WARNING  | emotion_detector | Failed to capture frame from camera
2025-11-30 11:32:52 | INFO     | emotion_detector | Detected emotion: sad (confidence: 0.96)
2025-11-30 11:32:54 | INFO     | emotion_detector | Detected emotion: sad (confidence: 0.96)
2025-11-30 11:33:03 | INFO     | emotion_detector | Detected emotion: sad (confidence: 1.00)
2025-11-30 11:33:03 | WARNING  | emotion_detector | Failed to capture frame from camera
2025-11-30 11:33:04 | INFO     | emotion_detector | Detected emotion: happy (confidence: 0.91)
2025-11-30 11:33:13 | INFO     | emotion_detector | Detected emotion: happy (confidence: 1.00)
2025-11-30 11:33:14 | INFO     | emotion_detector | Detected emotion: happy (confidence: 1.00)
2025-11-30 11:33:16 | INFO     | emotion_detector | Detected emotion: happy (confidence: 0.84)
2025-11-30 11:33:22 | INFO     | emotion_detector | Detected emotion: happy (confidence: 1.00)
2025-11-30 11:33:24 | INFO     | emotion_detector | Detected emotion: sad (confidence: 0.71)
2025-11-30 11:33:27 | INFO     | emotion_detector | Detected emotion: happy (confidence: 0.89)
2025-11-30 11:33:31 | INFO     | emotion_detector | Detected emotion: happy (confidence: 0.99)
2025-11-30 11:33:32 | INFO     | voice_tone | Voice tone analysis: neutral (confidence: 0.50)
2025-11-30 11:33:33 | INFO     | emotion_detector | Detected emotion: happy (confidence: 0.98)
2025-11-30 11:33:35 | INFO     | ai_core | AI response generated: I can’t actually sing, but I can create a little r...
2025-11-30 11:33:35 | INFO     | tts_output | Generating TTS with voice 'nova' for tone 'happy' (speed: 1.1)
2025-11-30 11:33:39 | INFO     | emotion_detector | Detected emotion: happy (confidence: 0.91)
2025-11-30 11:33:40 | INFO     | tts_output | TTS audio saved: C:\Users\SHIVANSH\Desktop\ROOMie\backend\audio\tmp1xst4rg8.mp3
2025-11-30 11:33:41 | INFO     | emotion_detector | Detected emotion: happy (confidence: 0.99)
2025-11-30 11:33:43 | INFO     | emotion_detector | Detected emotion: happy (confidence: 0.99)
2025-11-30 11:33:52 | WARNING  | emotion_detector | Failed to capture frame from camera
2025-11-30 11:33:52 | INFO     | emotion_detector | Detected emotion: sad (confidence: 0.98)
2025-11-30 11:33:53 | INFO     | emotion_detector | Detected emotion: sad (confidence: 0.96)
2025-11-30 11:34:02 | INFO     | emotion_detector | Detected emotion: angry (confidence: 0.88)
2025-11-30 11:34:03 | INFO     | emotion_detector | Detected emotion: angry (confidence: 1.00)
2025-11-30 11:34:04 | INFO     | emotion_detector | Detected emotion: fear (confidence: 1.00)
2025-11-30 11:34:07 | INFO     | voice_tone | Voice tone analysis: happy (confidence: 0.67)
2025-11-30 11:34:08 | INFO     | ai_core | AI response generated: I’m really glad you liked it! It’s nice to share a...
2025-11-30 11:34:08 | INFO     | tts_output | Generating TTS with voice 'nova' for tone 'sad' (speed: 0.85)
2025-11-30 11:34:12 | INFO     | emotion_detector | Detected emotion: fear (confidence: 0.58)
2025-11-30 11:34:13 | INFO     | emotion_detector | Detected emotion: fear (confidence: 0.51)
2025-11-30 11:34:15 | INFO     | tts_output | TTS audio saved: C:\Users\SHIVANSH\Desktop\ROOMie\backend\audio\tmpgfelmy2o.mp3
2025-11-30 11:34:16 | INFO     | emotion_detector | Detected emotion: sad (confidence: 0.62)
2025-11-30 11:34:21 | INFO     | emotion_detector | Detected emotion: sad (confidence: 0.98)
2025-11-30 11:34:22 | INFO     | emotion_detector | Detected emotion: neutral (confidence: 0.98)
2025-11-30 11:34:26 | INFO     | emotion_detector | Detected emotion: sad (confidence: 0.66)
2025-11-30 11:34:30 | INFO     | emotion_detector | Detected emotion: sad (confidence: 0.61)
2025-11-30 11:34:31 | INFO     | emotion_detector | Detected emotion: sad (confidence: 0.75)
2025-11-30 11:34:39 | INFO     | emotion_detector | Detected emotion: angry (confidence: 0.94)
2025-11-30 11:34:41 | INFO     | emotion_detector | Detected emotion: sad (confidence: 0.55)
2025-11-30 11:34:42 | INFO     | emotion_detector | Detected emotion: sad (confidence: 0.92)
2025-11-30 11:34:52 | WARNING  | emotion_detector | Failed to capture frame from camera
2025-11-30 11:34:53 | INFO     | emotion_detector | Detected emotion: angry (confidence: 0.99)
2025-11-30 11:34:53 | INFO     | emotion_detector | Detected emotion: angry (confidence: 0.99)
2025-11-30 11:35:06 | INFO     | emotion_detector | Detected emotion: sad (confidence: 0.99)
2025-11-30 11:35:07 | INFO     | emotion_detector | Detected emotion: sad (confidence: 0.99)
2025-11-30 11:35:08 | INFO     | emotion_detector | Detected emotion: sad (confidence: 0.89)
2025-11-30 11:35:18 | INFO     | emotion_detector | Detected emotion: angry (confidence: 0.93)
2025-11-30 11:35:19 | INFO     | emotion_detector | Detected emotion: angry (confidence: 1.00)
2025-11-30 11:35:21 | INFO     | emotion_detector | Detected emotion: sad (confidence: 0.99)
2025-11-30 11:35:28 | WARNING  | emotion_detector | Failed to capture frame from camera
2025-11-30 11:35:29 | WARNING  | emotion_detector | Failed to capture frame from camera
2025-11-30 11:35:33 | WARNING  | emotion_detector | Failed to capture frame from camera
2025-11-30 11:35:38 | WARNING  | emotion_detector | Failed to capture frame from camera
2025-11-30 11:35:38 | WARNING  | emotion_detector | Failed to capture frame from camera
2025-11-30 11:35:45 | INFO     | emotion_detector | Detected emotion: neutral (confidence: 0.97)
2025-11-30 11:35:47 | INFO     | emotion_detector | Detected emotion: neutral (confidence: 0.82)
2025-11-30 11:35:47 | INFO     | emotion_detector | Detected emotion: fear (confidence: 1.00)
2025-11-30 11:35:54 | WARNING  | emotion_detector | Failed to capture frame from camera
2025-11-30 11:35:55 | INFO     | emotion_detector | Detected emotion: neutral (confidence: 0.76)
2025-11-30 11:35:55 | INFO     | emotion_detector | Detected emotion: neutral (confidence: 0.79)
2025-11-30 11:36:02 | INFO     | emotion_detector | Detected emotion: sad (confidence: 0.52)
2025-11-30 11:36:03 | INFO     | emotion_detector | Detected emotion: happy (confidence: 0.41)
2025-11-30 11:36:03 | INFO     | emotion_detector | Detected emotion: sad (confidence: 0.92)
2025-11-30 11:36:09 | INFO     | emotion_detector | Detected emotion: sad (confidence: 0.92)
2025-11-30 11:36:09 | INFO     | emotion_detector | Detected emotion: sad (confidence: 0.92)
2025-11-30 11:36:12 | INFO     | emotion_detector | Detected emotion: sad (confidence: 0.93)
2025-11-30 11:36:16 | WARNING  | emotion_detector | Failed to capture frame from camera
2025-11-30 11:36:16 | INFO     | emotion_detector | Detected emotion: sad (confidence: 0.82)
2025-11-30 11:36:21 | INFO     | emotion_detector | Detected emotion: neutral (confidence: 0.84)
2025-11-30 11:36:23 | INFO     | emotion_detector | Detected emotion: neutral (confidence: 0.98)
2025-11-30 11:36:23 | INFO     | emotion_detector | Detected emotion: neutral (confidence: 0.98)
2025-11-30 11:36:30 | WARNING  | emotion_detector | Failed to capture frame from camera
2025-11-30 11:36:30 | WARNING  | emotion_detector | Failed to capture frame from camera
2025-11-30 11:36:31 | INFO     | emotion_detector | Detected emotion: neutral (confidence: 0.88)
2025-11-30 11:36:37 | WARNING  | emotion_detector | Failed to capture frame from camera
2025-11-30 11:36:38 | INFO     | emotion_detector | Detected emotion: sad (confidence: 0.99)
2025-11-30 11:36:40 | INFO     | emotion_detector | Detected emotion: sad (confidence: 0.96)
2025-11-30 11:36:44 | INFO     | emotion_detector | Detected emotion: neutral (confidence: 0.61)
2025-11-30 11:36:45 | INFO     | emotion_detector | Detected emotion: neutral (confidence: 0.90)
2025-11-30 11:36:48 | INFO     | emotion_detector | Detected emotion: neutral (confidence: 0.84)
2025-11-30 11:36:51 | INFO     | emotion_detector | Detected emotion: neutral (confidence: 0.96)
2025-11-30 11:36:52 | INFO     | emotion_detector | Detected emotion: neutral (confidence: 0.98)
2025-11-30 11:36:58 | WARNING  | emotion_detector | Failed to capture frame from camera
2025-11-30 11:38:16 | INFO     | emotion_detector | Background emotion monitoring started
2025-11-30 11:38:16 | INFO     | app | Background emotion monitor started
2025-11-30 11:38:16 | INFO     | conversation_memory | Database initialized successfully
2025-11-30 11:38:16 | INFO     | app | Database and audio directory initialized
2025-11-30 11:38:16 | INFO     | app | ROOMie Backend v3.0 starting...
2025-11-30 11:38:16 | INFO     | app | Server: http://127.0.0.1:5000
2025-11-30 11:38:16 | INFO     | app | WebSocket: ws://127.0.0.1:5000
2025-11-30 11:38:23 | INFO     | emotion_detector | Detected emotion: neutral (confidence: 0.98)
2025-11-30 11:38:27 | INFO     | emotion_detector | Background emotion monitoring started
2025-11-30 11:38:27 | INFO     | app | Background emotion monitor started
2025-11-30 11:38:27 | INFO     | conversation_memory | Database initialized successfully
2025-11-30 11:38:27 | INFO     | app | Database and audio directory initialized
2025-11-30 11:38:27 | INFO     | app | ROOMie Backend v3.0 starting...
2025-11-30 11:38:27 | INFO     | app | Server: http://127.0.0.1:5000
2025-11-30 11:38:27 | INFO     | app | WebSocket: ws://127.0.0.1:5000
2025-11-30 11:38:29 | INFO     | emotion_detector | Detected emotion: fear (confidence: 1.00)
2025-11-30 11:38:31 | INFO     | emotion_detector | Background emotion monitoring started
2025-11-30 11:38:34 | INFO     | emotion_detector | Detected emotion: fear (confidence: 1.00)
2025-11-30 11:38:38 | INFO     | emotion_detector | Detected emotion: fear (confidence: 1.00)
2025-11-30 11:38:38 | INFO     | emotion_detector | Detected emotion: fear (confidence: 1.00)
2025-11-30 11:38:42 | INFO     | emotion_detector | Detected emotion: fear (confidence: 0.99)
2025-11-30 11:38:47 | WARNING  | emotion_detector | Failed to capture frame from camera
2025-11-30 11:38:49 | WARNING  | emotion_detector | Failed to capture frame from camera
2025-11-30 11:38:51 | WARNING  | emotion_detector | Failed to capture frame from camera
2025-11-30 11:38:57 | INFO     | emotion_detector | Detected emotion: neutral (confidence: 0.95)
2025-11-30 11:39:01 | WARNING  | emotion_detector | Failed to capture frame from camera
2025-11-30 11:39:01 | INFO     | emotion_detector | Detected emotion: sad (confidence: 0.82)
2025-11-30 11:39:05 | WARNING  | emotion_detector | Failed to capture frame from camera
2025-11-30 11:39:10 | WARNING  | emotion_detector | Failed to capture frame from camera
2025-11-30 11:39:13 | INFO     | emotion_detector | Detected emotion: neutral (confidence: 1.00)
2025-11-30 11:39:15 | INFO     | emotion_detector | Detected emotion: sad (confidence: 0.61)
2025-11-30 11:39:18 | WARNING  | emotion_detector | Failed to capture frame from camera
2025-11-30 11:39:24 | WARNING  | emotion_detector | Failed to capture frame from camera
2025-11-30 11:39:24 | WARNING  | emotion_detector | Failed to capture frame from camera
2025-11-30 11:39:27 | WARNING  | emotion_detector | Failed to capture frame from camera
2025-11-30 11:39:32 | WARNING  | emotion_detector | Failed to capture frame from camera
2025-11-30 11:39:37 | WARNING  | emotion_detector | Failed to capture frame from camera
2025-11-30 11:39:38 | WARNING  | emotion_detector | Failed to capture frame from camera
2025-11-30 11:39:41 | WARNING  | emotion_detector | Failed to capture frame from camera
2025-11-30 11:39:45 | WARNING  | emotion_detector | Failed to capture frame from camera
2025-11-30 11:39:45 | WARNING  | emotion_detector | Failed to capture frame from camera
2025-11-30 11:39:48 | WARNING  | emotion_detector | Failed to capture frame from camera
2025-11-30 11:39:51 | WARNING  | emotion_detector | Failed to capture frame from camera
2025-11-30 11:39:54 | WARNING  | emotion_detector | Failed to capture frame from camera
2025-11-30 11:39:54 | WARNING  | emotion_detector | Failed to capture frame from camera
2025-11-30 11:39:57 | WARNING  | emotion_detector | Failed to capture frame from camera
2025-11-30 11:40:00 | WARNING  | emotion_detector | Failed to capture frame from camera
2025-11-30 11:40:02 | WARNING  | emotion_detector | Failed to capture frame from camera
2025-11-30 11:40:03 | WARNING  | emotion_detector | Failed to capture frame from camera
2025-11-30 11:40:06 | WARNING  | emotion_detector | Failed to capture frame from camera
2025-11-30 11:40:10 | WARNING  | emotion_detector | Failed to capture frame from camera
2025-11-30 11:40:10 | WARNING  | emotion_detector | Failed to capture frame from camera
2025-11-30 11:40:12 | WARNING  | emotion_detector | Failed to capture frame from camera
2025-11-30 11:40:15 | WARNING  | emotion_detector | Failed to capture frame from camera
2025-11-30 11:40:19 | WARNING  | emotion_detector | Failed to capture frame from camera
2025-11-30 11:40:19 | WARNING  | emotion_detector | Failed to capture frame from camera
2025-11-30 11:40:21 | WARNING  | emotion_detector | Failed to capture frame from camera
2025-11-30 11:40:25 | WARNING  | emotion_detector | Failed to capture frame from camera
2025-11-30 11:40:27 | WARNING  | emotion_detector | Failed to capture frame from camera
2025-11-30 11:40:28 | WARNING  | emotion_detector | Failed to capture frame from camera
2025-11-30 11:40:31 | WARNING  | emotion_detector | Failed to capture frame from camera
2025-11-30 11:40:34 | WARNING  | emotion_detector | Failed to capture frame from camera
2025-11-30 11:40:35 | WARNING  | emotion_detector | Failed to capture frame from camera
2025-11-30 11:40:37 | WARNING  | emotion_detector | Failed to capture frame from camera
2025-11-30 11:40:40 | WARNING  | emotion_detector | Failed to capture frame from camera
2025-11-30 11:40:44 | WARNING  | emotion_detector | Failed to capture frame from camera
2025-11-30 11:40:44 | WARNING  | emotion_detector | Failed to capture frame from camera
2025-11-30 11:40:46 | WARNING  | emotion_detector | Failed to capture frame from camera
2025-11-30 11:40:50 | WARNING  | emotion_detector | Failed to capture frame from camera
2025-11-30 11:40:52 | WARNING  | emotion_detector | Failed to capture frame from camera
2025-11-30 11:40:52 | WARNING  | emotion_detector | Failed to capture frame from camera
2025-11-30 11:40:56 | WARNING  | emotion_detector | Failed to capture frame from camera
2025-11-30 11:40:59 | WARNING  | emotion_detector | Failed to capture frame from camera
2025-11-30 11:41:01 | WARNING  | emotion_detector | Failed to capture frame from camera
2025-11-30 11:41:03 | WARNING  | emotion_detector | Failed to capture frame from camera
2025-11-30 11:41:05 | WARNING  | emotion_detector | Failed to capture frame from camera
2025-11-30 11:41:09 | WARNING  | emotion_detector | Failed to capture frame from camera
2025-11-30 11:41:10 | WARNING  | emotion_detector | Failed to capture frame from camera
2025-11-30 11:41:11 | WARNING  | emotion_detector | Failed to capture frame from camera
2025-11-30 11:41:17 | WARNING  | emotion_detector | Failed to capture frame from camera
2025-11-30 11:41:19 | WARNING  | emotion_detector | Failed to capture frame from camera
2025-11-30 11:41:19 | WARNING  | emotion_detector | Failed to capture frame from camera
2025-11-30 11:41:25 | INFO     | emotion_detector | Detected emotion: neutral (confidence: 1.00)
2025-11-30 11:41:27 | INFO     | emotion_detector | Detected emotion: neutral (confidence: 0.98)
2025-11-30 11:41:28 | INFO     | emotion_detector | Detected emotion: sad (confidence: 0.87)
2025-11-30 11:41:32 | INFO     | emotion_detector | Detected emotion: sad (confidence: 0.92)
2025-11-30 11:41:33 | INFO     | emotion_detector | Detected emotion: sad (confidence: 0.79)
2025-11-30 11:41:36 | INFO     | emotion_detector | Detected emotion: sad (confidence: 0.93)
2025-11-30 11:41:39 | INFO     | emotion_detector | Detected emotion: fear (confidence: 1.00)
2025-11-30 11:41:40 | INFO     | emotion_detector | Detected emotion: fear (confidence: 1.00)
2025-11-30 11:41:46 | INFO     | emotion_detector | Detected emotion: fear (confidence: 1.00)
2025-11-30 11:41:46 | INFO     | emotion_detector | Detected emotion: fear (confidence: 1.00)
2025-11-30 11:41:47 | INFO     | emotion_detector | Detected emotion: fear (confidence: 1.00)
2025-11-30 11:41:54 | INFO     | emotion_detector | Detected emotion: sad (confidence: 0.79)
2025-11-30 11:41:54 | INFO     | emotion_detector | Detected emotion: neutral (confidence: 0.82)
2025-11-30 11:41:55 | INFO     | emotion_detector | Detected emotion: sad (confidence: 0.70)
2025-11-30 11:42:01 | INFO     | emotion_detector | Detected emotion: sad (confidence: 0.85)
2025-11-30 11:42:02 | INFO     | emotion_detector | Detected emotion: sad (confidence: 0.77)
2025-11-30 11:42:03 | INFO     | emotion_detector | Detected emotion: neutral (confidence: 0.89)
2025-11-30 11:42:08 | INFO     | emotion_detector | Detected emotion: neutral (confidence: 0.47)
2025-11-30 11:42:08 | INFO     | emotion_detector | Detected emotion: neutral (confidence: 0.97)
2025-11-30 11:42:12 | INFO     | emotion_detector | Detected emotion: neutral (confidence: 0.66)
2025-11-30 11:42:15 | INFO     | emotion_detector | Detected emotion: neutral (confidence: 0.55)
2025-11-30 11:42:15 | INFO     | emotion_detector | Bias correction: Switched from fear/sad to neutral (neutral score: 0.43)
2025-11-30 11:42:15 | INFO     | emotion_detector | Detected emotion: neutral (confidence: 0.43)
2025-11-30 11:42:23 | INFO     | emotion_detector | Detected emotion: fear (confidence: 0.99)
2025-11-30 11:42:23 | INFO     | emotion_detector | Detected emotion: fear (confidence: 0.97)
2025-11-30 11:42:23 | INFO     | emotion_detector | Detected emotion: fear (confidence: 0.97)
2025-11-30 11:42:31 | INFO     | emotion_detector | Detected emotion: fear (confidence: 1.00)
2025-11-30 11:42:31 | INFO     | emotion_detector | Detected emotion: sad (confidence: 0.80)
2025-11-30 11:42:32 | INFO     | emotion_detector | Detected emotion: fear (confidence: 1.00)
2025-11-30 11:42:38 | INFO     | emotion_detector | Detected emotion: fear (confidence: 1.00)
2025-11-30 11:42:39 | INFO     | emotion_detector | Detected emotion: fear (confidence: 1.00)
2025-11-30 11:42:40 | INFO     | emotion_detector | Detected emotion: fear (confidence: 1.00)
2025-11-30 11:42:48 | INFO     | emotion_detector | Detected emotion: fear (confidence: 0.96)
2025-11-30 11:42:48 | INFO     | emotion_detector | Detected emotion: fear (confidence: 1.00)
2025-11-30 11:42:51 | INFO     | emotion_detector | Detected emotion: fear (confidence: 1.00)
2025-11-30 11:42:55 | WARNING  | emotion_detector | Failed to capture frame from camera
2025-11-30 11:42:56 | INFO     | emotion_detector | Detected emotion: fear (confidence: 1.00)
2025-11-30 11:43:03 | WARNING  | emotion_detector | Failed to capture frame from camera
2025-11-30 11:43:05 | WARNING  | emotion_detector | Failed to capture frame from camera
2025-11-30 11:43:05 | WARNING  | emotion_detector | Failed to capture frame from camera
2025-11-30 11:43:14 | WARNING  | emotion_detector | Failed to capture frame from camera
2025-11-30 11:43:14 | WARNING  | emotion_detector | Failed to capture frame from camera
2025-11-30 11:43:14 | WARNING  | emotion_detector | Failed to capture frame from camera
2025-11-30 11:43:21 | INFO     | emotion_calibration | Saved calibration sample for user 1, emotion: happy
2025-11-30 11:43:23 | WARNING  | emotion_detector | Failed to capture frame from camera
2025-11-30 11:43:23 | WARNING  | emotion_detector | Failed to capture frame from camera
2025-11-30 11:43:24 | INFO     | emotion_calibration | Saved calibration sample for user 1, emotion: happy
2025-11-30 11:43:25 | WARNING  | emotion_detector | Failed to capture frame from camera
2025-11-30 11:43:28 | INFO     | emotion_calibration | Saved calibration sample for user 1, emotion: happy
2025-11-30 11:43:32 | WARNING  | emotion_detector | Failed to capture frame from camera
2025-11-30 11:43:32 | WARNING  | emotion_detector | Failed to capture frame from camera
2025-11-30 11:43:32 | INFO     | emotion_calibration | Saved calibration sample for user 1, emotion: neutral
2025-11-30 11:43:34 | INFO     | emotion_calibration | Saved calibration sample for user 1, emotion: neutral
2025-11-30 11:43:34 | WARNING  | emotion_detector | Failed to capture frame from camera
2025-11-30 11:43:39 | INFO     | emotion_calibration | Saved calibration sample for user 1, emotion: neutral
2025-11-30 11:43:40 | WARNING  | emotion_detector | Failed to capture frame from camera
2025-11-30 11:43:40 | WARNING  | emotion_detector | Failed to capture frame from camera
2025-11-30 11:43:43 | INFO     | emotion_calibration | Saved calibration sample for user 1, emotion: sad
2025-11-30 11:43:45 | WARNING  | emotion_detector | Failed to capture frame from camera
2025-11-30 11:43:48 | INFO     | emotion_calibration | Saved calibration sample for user 1, emotion: sad
2025-11-30 11:43:49 | WARNING  | emotion_detector | Failed to capture frame from camera
2025-11-30 11:43:49 | WARNING  | emotion_detector | Failed to capture frame from camera
2025-11-30 11:43:51 | INFO     | emotion_calibration | Saved calibration sample for user 1, emotion: sad
2025-11-30 11:43:55 | INFO     | emotion_calibration | Saved calibration sample for user 1, emotion: angry
2025-11-30 11:43:56 | WARNING  | emotion_detector | Failed to capture frame from camera
2025-11-30 11:43:58 | WARNING  | emotion_detector | Failed to capture frame from camera
2025-11-30 11:43:58 | WARNING  | emotion_detector | Failed to capture frame from camera
2025-11-30 11:43:58 | INFO     | emotion_calibration | Saved calibration sample for user 1, emotion: angry
2025-11-30 11:44:02 | INFO     | emotion_calibration | Saved calibration sample for user 1, emotion: angry
2025-11-30 11:44:06 | INFO     | emotion_calibration | Saved calibration sample for user 1, emotion: surprised
2025-11-30 11:44:08 | INFO     | emotion_calibration | Saved calibration sample for user 1, emotion: surprised
2025-11-30 11:44:08 | WARNING  | emotion_detector | Failed to capture frame from camera
2025-11-30 11:44:08 | WARNING  | emotion_detector | Failed to capture frame from camera
2025-11-30 11:44:08 | WARNING  | emotion_detector | Failed to capture frame from camera
2025-11-30 11:44:10 | INFO     | emotion_calibration | Saved calibration sample for user 1, emotion: surprised
2025-11-30 11:44:16 | INFO     | emotion_detector | Detected emotion: neutral (confidence: 0.98)
2025-11-30 11:44:17 | INFO     | emotion_detector | Detected emotion: fear (confidence: 1.00)
2025-11-30 11:44:18 | INFO     | emotion_detector | Detected emotion: neutral (confidence: 1.00)
2025-11-30 11:44:24 | WARNING  | emotion_detector | Failed to capture frame from camera
2025-11-30 11:44:24 | INFO     | emotion_detector | Detected emotion: sad (confidence: 0.84)
2025-11-30 11:44:27 | INFO     | emotion_detector | Detected emotion: sad (confidence: 0.94)
2025-11-30 11:44:31 | WARNING  | emotion_detector | Failed to capture frame from camera
2025-11-30 11:44:31 | INFO     | emotion_detector | Detected emotion: fear (confidence: 1.00)
2025-11-30 11:44:37 | INFO     | emotion_detector | Detected emotion: sad (confidence: 0.65)
2025-11-30 11:44:39 | INFO     | emotion_detector | Detected emotion: sad (confidence: 0.95)
2025-11-30 11:44:39 | INFO     | emotion_detector | Detected emotion: sad (confidence: 0.90)
2025-11-30 11:44:47 | WARNING  | emotion_detector | Failed to capture frame from camera
2025-11-30 11:44:48 | INFO     | emotion_detector | Detected emotion: fear (confidence: 1.00)
2025-11-30 11:44:48 | INFO     | emotion_detector | Detected emotion: fear (confidence: 1.00)
2025-11-30 11:44:55 | INFO     | emotion_detector | Detected emotion: fear (confidence: 1.00)
2025-11-30 11:44:55 | INFO     | emotion_detector | Detected emotion: fear (confidence: 1.00)
2025-11-30 11:44:57 | INFO     | emotion_detector | Detected emotion: fear (confidence: 1.00)
2025-11-30 11:45:02 | WARNING  | emotion_detector | Failed to capture frame from camera
2025-11-30 11:45:02 | INFO     | emotion_detector | Detected emotion: sad (confidence: 0.58)
2025-11-30 11:45:08 | INFO     | emotion_detector | Detected emotion: fear (confidence: 1.00)
2025-11-30 11:45:09 | INFO     | emotion_detector | Detected emotion: fear (confidence: 1.00)
2025-11-30 11:45:10 | INFO     | emotion_detector | Detected emotion: fear (confidence: 1.00)
2025-11-30 11:45:17 | WARNING  | emotion_detector | Failed to capture frame from camera
2025-11-30 11:45:17 | WARNING  | emotion_detector | Failed to capture frame from camera
2025-11-30 11:45:17 | INFO     | emotion_detector | Detected emotion: fear (confidence: 1.00)
2025-11-30 11:45:24 | INFO     | emotion_detector | Detected emotion: fear (confidence: 1.00)
2025-11-30 11:45:25 | INFO     | emotion_detector | Detected emotion: fear (confidence: 1.00)
2025-11-30 11:45:26 | INFO     | emotion_detector | Detected emotion: fear (confidence: 1.00)
2025-11-30 11:45:31 | WARNING  | emotion_detector | Failed to capture frame from camera
2025-11-30 11:45:31 | INFO     | emotion_detector | Detected emotion: fear (confidence: 1.00)
2025-11-30 11:45:34 | INFO     | emotion_detector | Detected emotion: fear (confidence: 1.00)
2025-11-30 11:45:38 | INFO     | emotion_detector | Detected emotion: fear (confidence: 1.00)
2025-11-30 11:45:38 | INFO     | emotion_detector | Detected emotion: fear (confidence: 1.00)
2025-11-30 11:45:43 | INFO     | emotion_detector | Detected emotion: fear (confidence: 1.00)
2025-11-30 11:45:45 | INFO     | emotion_detector | Detected emotion: fear (confidence: 1.00)
2025-11-30 11:45:45 | INFO     | emotion_detector | Detected emotion: fear (confidence: 1.00)
2025-11-30 11:45:52 | WARNING  | emotion_detector | Failed to capture frame from camera
2025-11-30 11:45:53 | INFO     | emotion_detector | Detected emotion: neutral (confidence: 0.94)
2025-11-30 11:45:53 | INFO     | emotion_detector | Detected emotion: neutral (confidence: 0.99)
2025-11-30 11:46:00 | INFO     | emotion_detector | Detected emotion: fear (confidence: 0.73)
2025-11-30 11:46:00 | INFO     | emotion_detector | Detected emotion: surprise (confidence: 0.99)
2025-11-30 11:46:02 | INFO     | emotion_detector | Detected emotion: surprise (confidence: 0.99)
2025-11-30 11:46:07 | INFO     | emotion_detector | Detected emotion: sad (confidence: 0.91)
2025-11-30 11:46:07 | INFO     | emotion_detector | Detected emotion: sad (confidence: 0.68)
2025-11-30 11:46:10 | INFO     | emotion_detector | Detected emotion: fear (confidence: 1.00)
2025-11-30 11:46:13 | INFO     | emotion_detector | Detected emotion: fear (confidence: 1.00)
2025-11-30 11:46:14 | INFO     | emotion_detector | Detected emotion: fear (confidence: 1.00)
2025-11-30 11:46:20 | INFO     | emotion_detector | Detected emotion: sad (confidence: 0.90)
2025-11-30 11:46:21 | INFO     | emotion_detector | Detected emotion: neutral (confidence: 0.87)
2025-11-30 11:46:22 | INFO     | emotion_detector | Detected emotion: neutral (confidence: 0.99)
2025-11-30 11:46:29 | INFO     | emotion_detector | Detected emotion: sad (confidence: 0.92)
2025-11-30 11:46:29 | INFO     | emotion_detector | Detected emotion: fear (confidence: 1.00)
2025-11-30 11:46:30 | INFO     | emotion_detector | Detected emotion: sad (confidence: 0.81)
2025-11-30 11:46:36 | INFO     | emotion_detector | Detected emotion: fear (confidence: 1.00)
2025-11-30 11:46:37 | INFO     | emotion_detector | Detected emotion: fear (confidence: 1.00)
2025-11-30 11:46:39 | INFO     | emotion_detector | Detected emotion: fear (confidence: 1.00)
2025-11-30 11:46:43 | WARNING  | emotion_detector | Failed to capture frame from camera
2025-11-30 11:46:43 | INFO     | emotion_detector | Detected emotion: sad (confidence: 0.60)
2025-11-30 11:46:47 | INFO     | emotion_detector | Detected emotion: sad (confidence: 0.97)
2025-11-30 11:46:50 | INFO     | emotion_detector | Detected emotion: sad (confidence: 0.99)
2025-11-30 11:46:50 | INFO     | emotion_detector | Detected emotion: sad (confidence: 0.97)
2025-11-30 11:46:57 | INFO     | emotion_detector | Detected emotion: neutral (confidence: 0.85)
2025-11-30 11:46:58 | INFO     | emotion_detector | Detected emotion: neutral (confidence: 0.49)
2025-11-30 11:46:58 | INFO     | emotion_detector | Detected emotion: neutral (confidence: 0.97)
2025-11-30 11:47:05 | INFO     | emotion_detector | Detected emotion: fear (confidence: 1.00)
2025-11-30 11:47:06 | INFO     | emotion_detector | Detected emotion: fear (confidence: 1.00)
2025-11-30 11:47:07 | INFO     | emotion_detector | Detected emotion: fear (confidence: 1.00)
2025-11-30 11:47:12 | WARNING  | emotion_detector | Failed to capture frame from camera
2025-11-30 11:47:12 | INFO     | emotion_detector | Detected emotion: sad (confidence: 0.50)
2025-11-30 11:47:15 | INFO     | emotion_detector | Detected emotion: sad (confidence: 1.00)
2025-11-30 11:47:19 | INFO     | emotion_detector | Detected emotion: sad (confidence: 1.00)
2025-11-30 11:47:19 | INFO     | emotion_detector | Detected emotion: sad (confidence: 1.00)
2025-11-30 11:47:23 | INFO     | emotion_detector | Detected emotion: sad (confidence: 1.00)
2025-11-30 11:47:25 | INFO     | emotion_detector | Detected emotion: sad (confidence: 1.00)
2025-11-30 11:47:26 | INFO     | emotion_detector | Detected emotion: sad (confidence: 1.00)
2025-11-30 11:47:32 | WARNING  | emotion_detector | Failed to capture frame from camera
2025-11-30 11:47:33 | INFO     | emotion_detector | Detected emotion: sad (confidence: 1.00)
2025-11-30 11:47:33 | INFO     | emotion_detector | Detected emotion: sad (confidence: 1.00)
2025-11-30 11:48:37 | INFO     | emotion_detector | Background emotion monitoring started
2025-11-30 11:48:37 | INFO     | app | Background emotion monitor started
2025-11-30 11:48:37 | INFO     | conversation_memory | Database initialized successfully
2025-11-30 11:48:37 | INFO     | app | Database and audio directory initialized
2025-11-30 11:48:37 | INFO     | app | ROOMie Backend v3.0 starting...
2025-11-30 11:48:37 | INFO     | app | Server: http://127.0.0.1:5000
2025-11-30 11:48:37 | INFO     | app | WebSocket: ws://127.0.0.1:5000
2025-11-30 11:48:42 | INFO     | emotion_detector | Detected emotion: sad (confidence: 1.00)
2025-11-30 11:48:46 | INFO     | emotion_detector | Background emotion monitoring started
2025-11-30 11:48:46 | INFO     | app | Background emotion monitor started
2025-11-30 11:48:46 | INFO     | conversation_memory | Database initialized successfully
2025-11-30 11:48:46 | INFO     | app | Database and audio directory initialized
2025-11-30 11:48:46 | INFO     | app | ROOMie Backend v3.0 starting...
2025-11-30 11:48:46 | INFO     | app | Server: http://127.0.0.1:5000
2025-11-30 11:48:46 | INFO     | app | WebSocket: ws://127.0.0.1:5000
2025-11-30 11:48:48 | INFO     | emotion_detector | Detected emotion: sad (confidence: 1.00)
2025-11-30 11:48:50 | INFO     | emotion_detector | Detected emotion: sad (confidence: 1.00)
2025-11-30 11:48:54 | INFO     | emotion_detector | Detected emotion: sad (confidence: 1.00)
2025-11-30 11:48:56 | INFO     | emotion_detector | Detected emotion: sad (confidence: 1.00)
2025-11-30 11:49:02 | INFO     | emotion_detector | Detected emotion: sad (confidence: 1.00)
2025-11-30 11:49:03 | INFO     | emotion_detector | Background emotion monitoring started
2025-11-30 11:49:04 | INFO     | emotion_detector | Detected emotion: sad (confidence: 1.00)
2025-11-30 11:49:08 | INFO     | emotion_detector | Detected emotion: sad (confidence: 1.00)
2025-11-30 11:49:10 | INFO     | emotion_detector | Detected emotion: sad (confidence: 1.00)
2025-11-30 11:49:12 | INFO     | emotion_detector | Detected emotion: sad (confidence: 1.00)
2025-11-30 11:49:19 | WARNING  | emotion_detector | Failed to capture frame from camera
2025-11-30 11:49:20 | WARNING  | emotion_detector | Failed to capture frame from camera
2025-11-30 11:49:22 | INFO     | emotion_detector | Detected emotion: sad (confidence: 1.00)
2025-11-30 11:49:27 | INFO     | emotion_detector | Detected emotion: sad (confidence: 1.00)
2025-11-30 11:49:29 | WARNING  | emotion_detector | Failed to capture frame from camera
2025-11-30 11:49:31 | WARNING  | emotion_detector | Failed to capture frame from camera
2025-11-30 11:49:36 | WARNING  | emotion_detector | Failed to capture frame from camera
2025-11-30 11:49:40 | WARNING  | emotion_detector | Failed to capture frame from camera
2025-11-30 11:49:40 | WARNING  | emotion_detector | Failed to capture frame from camera
2025-11-30 11:49:44 | WARNING  | emotion_detector | Failed to capture frame from camera
2025-11-30 11:49:49 | WARNING  | emotion_detector | Failed to capture frame from camera
2025-11-30 11:49:51 | WARNING  | emotion_detector | Failed to capture frame from camera
2025-11-30 11:49:52 | WARNING  | emotion_detector | Failed to capture frame from camera
2025-11-30 11:49:57 | INFO     | emotion_calibration | Saved calibration sample for user 1, emotion: happy
2025-11-30 11:49:57 | WARNING  | emotion_detector | Failed to capture frame from camera
2025-11-30 11:50:00 | WARNING  | emotion_detector | Failed to capture frame from camera
2025-11-30 11:50:01 | WARNING  | emotion_detector | Failed to capture frame from camera
2025-11-30 11:50:04 | WARNING  | emotion_detector | Failed to capture frame from camera
2025-11-30 11:50:06 | INFO     | emotion_calibration | Saved calibration sample for user 1, emotion: happy
2025-11-30 11:50:07 | WARNING  | emotion_detector | Failed to capture frame from camera
2025-11-30 11:50:09 | INFO     | emotion_calibration | Saved calibration sample for user 1, emotion: happy
2025-11-30 11:50:10 | WARNING  | emotion_detector | Failed to capture frame from camera
2025-11-30 11:50:12 | WARNING  | emotion_detector | Failed to capture frame from camera
2025-11-30 11:50:13 | INFO     | emotion_calibration | Saved calibration sample for user 1, emotion: neutral
2025-11-30 11:50:14 | INFO     | emotion_calibration | Saved calibration sample for user 1, emotion: neutral
2025-11-30 11:50:15 | WARNING  | emotion_detector | Failed to capture frame from camera
2025-11-30 11:50:19 | INFO     | emotion_calibration | Saved calibration sample for user 1, emotion: neutral
2025-11-30 11:50:20 | WARNING  | emotion_detector | Failed to capture frame from camera
2025-11-30 11:50:21 | WARNING  | emotion_detector | Failed to capture frame from camera
2025-11-30 11:50:23 | WARNING  | emotion_detector | Failed to capture frame from camera
2025-11-30 11:50:24 | INFO     | emotion_calibration | Saved calibration sample for user 1, emotion: sad
2025-11-30 11:50:27 | INFO     | emotion_calibration | Saved calibration sample for user 1, emotion: sad
2025-11-30 11:50:28 | WARNING  | emotion_detector | Failed to capture frame from camera
2025-11-30 11:50:30 | INFO     | emotion_calibration | Saved calibration sample for user 1, emotion: sad
2025-11-30 11:50:31 | WARNING  | emotion_detector | Failed to capture frame from camera
2025-11-30 11:50:31 | WARNING  | emotion_detector | Failed to capture frame from camera
2025-11-30 11:50:34 | INFO     | emotion_calibration | Saved calibration sample for user 1, emotion: angry
2025-11-30 11:50:36 | WARNING  | emotion_detector | Failed to capture frame from camera
2025-11-30 11:50:38 | INFO     | emotion_calibration | Saved calibration sample for user 1, emotion: angry
2025-11-30 11:50:39 | WARNING  | emotion_detector | Failed to capture frame from camera
2025-11-30 11:50:41 | WARNING  | emotion_detector | Failed to capture frame from camera
2025-11-30 11:50:43 | WARNING  | emotion_detector | Failed to capture frame from camera
2025-11-30 11:50:46 | INFO     | emotion_calibration | Saved calibration sample for user 1, emotion: angry
2025-11-30 11:50:48 | WARNING  | emotion_detector | Failed to capture frame from camera
2025-11-30 11:50:50 | INFO     | emotion_calibration | Saved calibration sample for user 1, emotion: surprised
2025-11-30 11:50:52 | WARNING  | emotion_detector | Failed to capture frame from camera
2025-11-30 11:50:52 | WARNING  | emotion_detector | Failed to capture frame from camera
2025-11-30 11:50:53 | INFO     | emotion_calibration | Saved calibration sample for user 1, emotion: surprised
2025-11-30 11:50:55 | WARNING  | emotion_detector | Failed to capture frame from camera
2025-11-30 11:50:57 | INFO     | emotion_calibration | Saved calibration sample for user 1, emotion: surprised
2025-11-30 11:51:03 | INFO     | emotion_detector | Detected emotion: neutral (confidence: 1.00)
2025-11-30 11:51:05 | INFO     | emotion_detector | Detected emotion: neutral (confidence: 0.99)
2025-11-30 11:51:06 | INFO     | emotion_detector | Detected emotion: neutral (confidence: 1.00)
2025-11-30 11:51:13 | INFO     | emotion_detector | Detected emotion: neutral (confidence: 0.98)
2025-11-30 11:51:16 | INFO     | emotion_detector | Detected emotion: neutral (confidence: 0.94)
2025-11-30 11:51:17 | INFO     | emotion_detector | Detected emotion: neutral (confidence: 0.43)
2025-11-30 11:51:22 | INFO     | emotion_detector | Detected emotion: neutral (confidence: 0.95)
2025-11-30 11:51:26 | INFO     | emotion_detector | Detected emotion: neutral (confidence: 0.87)
2025-11-30 11:51:29 | INFO     | emotion_detector | Detected emotion: neutral (confidence: 0.99)
2025-11-30 11:51:31 | INFO     | emotion_detector | Detected emotion: neutral (confidence: 0.98)
2025-11-30 11:51:34 | INFO     | emotion_detector | Detected emotion: neutral (confidence: 0.79)
2025-11-30 11:51:40 | INFO     | emotion_detector | Detected emotion: neutral (confidence: 0.97)
2025-11-30 11:51:41 | INFO     | emotion_detector | Detected emotion: neutral (confidence: 0.99)
2025-11-30 11:51:44 | INFO     | emotion_detector | Detected emotion: neutral (confidence: 1.00)
2025-11-30 11:51:52 | INFO     | emotion_detector | Detected emotion: sad (confidence: 0.68)
2025-11-30 11:51:53 | INFO     | emotion_detector | Detected emotion: sad (confidence: 0.91)
2025-11-30 11:51:54 | INFO     | emotion_detector | Detected emotion: sad (confidence: 0.88)
2025-11-30 11:52:02 | INFO     | emotion_detector | Detected emotion: sad (confidence: 0.71)
2025-11-30 11:52:03 | INFO     | emotion_detector | Bias correction: Switched from fear/sad to neutral (neutral score: 0.45)
2025-11-30 11:52:03 | INFO     | emotion_detector | Detected emotion: neutral (confidence: 0.45)
2025-11-30 11:52:04 | INFO     | emotion_detector | Detected emotion: sad (confidence: 0.77)
2025-11-30 11:52:09 | INFO     | emotion_detector | Detected emotion: sad (confidence: 0.69)
2025-11-30 11:52:10 | INFO     | emotion_detector | Detected emotion: sad (confidence: 0.86)
2025-11-30 11:52:13 | INFO     | emotion_detector | Detected emotion: sad (confidence: 0.60)
2025-11-30 11:52:16 | INFO     | emotion_detector | Detected emotion: sad (confidence: 0.76)
2025-11-30 11:52:17 | INFO     | emotion_detector | Detected emotion: sad (confidence: 0.70)
2025-11-30 11:52:22 | INFO     | emotion_detector | Detected emotion: sad (confidence: 0.84)
2025-11-30 11:52:23 | INFO     | emotion_detector | Detected emotion: neutral (confidence: 0.90)
2025-11-30 11:52:24 | INFO     | emotion_detector | Detected emotion: neutral (confidence: 0.90)
2025-11-30 11:52:31 | INFO     | emotion_detector | Detected emotion: sad (confidence: 0.87)
2025-11-30 11:52:32 | INFO     | emotion_detector | Detected emotion: sad (confidence: 0.68)
2025-11-30 11:52:32 | INFO     | emotion_detector | Detected emotion: sad (confidence: 0.73)
2025-11-30 11:52:38 | INFO     | emotion_detector | Detected emotion: sad (confidence: 0.96)
2025-11-30 11:52:39 | INFO     | emotion_detector | Detected emotion: sad (confidence: 0.98)
2025-11-30 11:52:41 | INFO     | emotion_detector | Detected emotion: sad (confidence: 0.99)
2025-11-30 11:52:46 | INFO     | emotion_detector | Detected emotion: sad (confidence: 0.94)
2025-11-30 11:52:46 | INFO     | emotion_detector | Detected emotion: sad (confidence: 0.99)
2025-11-30 11:52:50 | INFO     | emotion_detector | Detected emotion: sad (confidence: 0.95)
2025-11-30 11:52:52 | INFO     | emotion_detector | Detected emotion: sad (confidence: 0.79)
2025-11-30 11:52:53 | INFO     | emotion_detector | Detected emotion: sad (confidence: 0.68)
2025-11-30 11:53:00 | WARNING  | emotion_detector | Failed to capture frame from camera
2025-11-30 11:53:00 | INFO     | emotion_detector | Detected emotion: fear (confidence: 1.00)
2025-11-30 11:53:00 | INFO     | emotion_detector | Detected emotion: fear (confidence: 0.99)
2025-11-30 11:53:07 | INFO     | emotion_detector | Detected emotion: sad (confidence: 0.99)
2025-11-30 11:53:07 | INFO     | emotion_detector | Detected emotion: fear (confidence: 0.60)
2025-11-30 11:53:09 | INFO     | emotion_detector | Detected emotion: sad (confidence: 0.92)
2025-11-30 11:53:14 | INFO     | emotion_detector | Detected emotion: fear (confidence: 0.95)
2025-11-30 11:53:15 | INFO     | emotion_detector | Detected emotion: fear (confidence: 1.00)
2025-11-30 11:53:18 | INFO     | emotion_detector | Detected emotion: surprise (confidence: 0.81)
2025-11-30 11:53:21 | WARNING  | emotion_detector | Failed to capture frame from camera
2025-11-30 11:53:21 | INFO     | emotion_detector | Detected emotion: sad (confidence: 0.89)
2025-11-30 11:53:27 | INFO     | emotion_detector | Detected emotion: neutral (confidence: 0.95)
2025-11-30 11:53:28 | INFO     | emotion_detector | Detected emotion: sad (confidence: 0.56)
2025-11-30 11:53:29 | INFO     | emotion_detector | Detected emotion: surprise (confidence: 1.00)
2025-11-30 11:53:36 | INFO     | emotion_detector | Detected emotion: surprise (confidence: 0.85)
2025-11-30 11:53:37 | INFO     | emotion_detector | Detected emotion: surprise (confidence: 0.81)
2025-11-30 11:53:37 | INFO     | emotion_detector | Detected emotion: surprise (confidence: 0.85)
2025-11-30 11:53:44 | INFO     | emotion_detector | Detected emotion: fear (confidence: 1.00)
2025-11-30 11:53:44 | INFO     | emotion_detector | Detected emotion: fear (confidence: 0.75)
2025-11-30 11:53:46 | INFO     | emotion_detector | Detected emotion: surprise (confidence: 0.91)
2025-11-30 11:53:50 | WARNING  | emotion_detector | Failed to capture frame from camera
2025-11-30 11:53:51 | INFO     | emotion_detector | Detected emotion: fear (confidence: 0.67)
2025-11-30 11:53:55 | INFO     | emotion_detector | Bias correction: Switched from fear/sad to neutral (neutral score: 0.41)
2025-11-30 11:53:55 | INFO     | emotion_detector | Detected emotion: neutral (confidence: 0.41)
2025-11-30 11:53:57 | INFO     | emotion_detector | Detected emotion: surprise (confidence: 0.70)
2025-11-30 11:54:04 | INFO     | emotion_detector | Detected emotion: fear (confidence: 0.52)
2025-11-30 11:54:12 | INFO     | emotion_detector | Detected emotion: fear (confidence: 0.98)
2025-11-30 11:54:17 | INFO     | emotion_detector | Background emotion monitoring started
2025-11-30 11:54:17 | INFO     | app | Background emotion monitor started
2025-11-30 11:54:17 | INFO     | conversation_memory | Database initialized successfully
2025-11-30 11:54:17 | INFO     | app | Database and audio directory initialized
2025-11-30 11:54:17 | INFO     | app | ROOMie Backend v3.0 starting...
2025-11-30 11:54:17 | INFO     | app | Server: http://127.0.0.1:5000
2025-11-30 11:54:17 | INFO     | app | WebSocket: ws://127.0.0.1:5000
2025-11-30 11:54:20 | INFO     | emotion_detector | Detected emotion: fear (confidence: 0.79)
2025-11-30 11:54:22 | INFO     | emotion_detector | Background emotion monitoring started
2025-11-30 11:54:25 | INFO     | emotion_detector | Detected emotion: sad (confidence: 0.60)
2025-11-30 11:54:27 | INFO     | emotion_detector | Detected emotion: neutral (confidence: 0.90)
2025-11-30 11:54:27 | INFO     | emotion_detector | Detected emotion: fear (confidence: 0.83)
2025-11-30 11:54:36 | INFO     | emotion_detector | Detected emotion: fear (confidence: 0.92)
2025-11-30 11:54:39 | WARNING  | emotion_detector | Failed to capture frame from camera
2025-11-30 11:54:39 | INFO     | emotion_detector | Detected emotion: fear (confidence: 0.99)
2025-11-30 11:54:47 | INFO     | emotion_detector | Detected emotion: fear (confidence: 0.95)
2025-11-30 11:54:50 | WARNING  | emotion_detector | Failed to capture frame from camera
2025-11-30 11:54:50 | INFO     | emotion_detector | Detected emotion: fear (confidence: 1.00)
2025-11-30 11:54:55 | INFO     | emotion_detector | Detected emotion: fear (confidence: 0.84)
2025-11-30 11:54:57 | INFO     | emotion_detector | Detected emotion: sad (confidence: 0.75)
2025-11-30 11:55:00 | INFO     | emotion_detector | Detected emotion: neutral (confidence: 0.93)
2025-11-30 11:55:02 | INFO     | emotion_detector | Detected emotion: surprise (confidence: 0.95)
2025-11-30 11:55:04 | INFO     | emotion_detector | Detected emotion: neutral (confidence: 0.66)
2025-11-30 11:55:09 | WARNING  | emotion_detector | Failed to capture frame from camera
2025-11-30 11:55:09 | INFO     | emotion_detector | Detected emotion: sad (confidence: 0.71)
2025-11-30 11:55:11 | INFO     | emotion_detector | Detected emotion: fear (confidence: 1.00)
2025-11-30 11:55:16 | INFO     | emotion_detector | Detected emotion: sad (confidence: 0.66)
2025-11-30 11:55:18 | INFO     | emotion_detector | Detected emotion: neutral (confidence: 0.63)
2025-11-30 11:55:19 | INFO     | emotion_detector | Detected emotion: neutral (confidence: 0.75)
2025-11-30 11:55:23 | INFO     | emotion_detector | Detected emotion: sad (confidence: 0.92)
2025-11-30 11:55:25 | INFO     | emotion_detector | Detected emotion: sad (confidence: 0.97)
2025-11-30 11:55:27 | INFO     | emotion_detector | Detected emotion: sad (confidence: 0.81)
2025-11-30 11:55:30 | INFO     | emotion_detector | Bias correction: Switched from fear/sad to neutral (neutral score: 0.46)
2025-11-30 11:55:30 | INFO     | emotion_detector | Detected emotion: neutral (confidence: 0.46)
2025-11-30 11:55:32 | INFO     | emotion_detector | Detected emotion: neutral (confidence: 0.92)
2025-11-30 11:55:39 | INFO     | emotion_detector | Detected emotion: fear (confidence: 0.67)
2025-11-30 11:55:46 | INFO     | emotion_detector | Detected emotion: neutral (confidence: 0.64)
2025-11-30 11:55:54 | INFO     | emotion_detector | Detected emotion: sad (confidence: 0.68)
2025-11-30 11:55:54 | INFO     | emotion_detector | Background emotion monitoring started
2025-11-30 11:55:54 | INFO     | app | Background emotion monitor started
2025-11-30 11:55:54 | INFO     | conversation_memory | Database initialized successfully
2025-11-30 11:55:54 | INFO     | app | Database and audio directory initialized
2025-11-30 11:55:54 | INFO     | app | ROOMie Backend v3.0 starting...
2025-11-30 11:55:54 | INFO     | app | Server: http://127.0.0.1:5000
2025-11-30 11:55:54 | INFO     | app | WebSocket: ws://127.0.0.1:5000
2025-11-30 11:55:58 | INFO     | emotion_detector | Background emotion monitoring started
2025-11-30 11:55:58 | INFO     | emotion_detector | Emotion monitor updated for user: 1
2025-11-30 11:55:59 | INFO     | emotion_detector | Detected emotion: neutral (confidence: 0.85)
2025-11-30 11:56:01 | INFO     | emotion_detector | Detected emotion: neutral (confidence: 0.96)
2025-11-30 11:56:02 | INFO     | emotion_detector | Detected emotion: neutral (confidence: 0.63)
2025-11-30 11:56:06 | INFO     | emotion_detector | Detected emotion: fear (confidence: 0.99)
2025-11-30 11:56:08 | INFO     | emotion_detector | Detected emotion: neutral (confidence: 0.99)
2025-11-30 11:56:16 | INFO     | emotion_detector | Detected emotion: neutral (confidence: 0.56)
2025-11-30 11:56:16 | WARNING  | emotion_detector | Failed to capture frame from camera
2025-11-30 11:56:24 | WARNING  | emotion_detector | Failed to capture frame from camera
2025-11-30 11:56:24 | WARNING  | emotion_detector | Failed to capture frame from camera
2025-11-30 11:56:25 | INFO     | emotion_detector | Detected emotion: neutral (confidence: 0.59)
2025-11-30 11:56:30 | INFO     | emotion_calibration | Saved calibration sample for user 1, emotion: happy
2025-11-30 11:56:33 | WARNING  | emotion_detector | Failed to capture frame from camera
2025-11-30 11:56:33 | WARNING  | emotion_detector | Failed to capture frame from camera
2025-11-30 11:56:35 | WARNING  | emotion_detector | Failed to capture frame from camera
2025-11-30 11:56:38 | INFO     | emotion_calibration | Saved calibration sample for user 1, emotion: happy
2025-11-30 11:56:41 | WARNING  | emotion_detector | Failed to capture frame from camera
2025-11-30 11:56:41 | WARNING  | emotion_detector | Failed to capture frame from camera
2025-11-30 11:56:43 | INFO     | emotion_calibration | Saved calibration sample for user 1, emotion: happy
2025-11-30 11:56:44 | WARNING  | emotion_detector | Failed to capture frame from camera
2025-11-30 11:56:46 | INFO     | emotion_calibration | Saved calibration sample for user 1, emotion: neutral
2025-11-30 11:56:49 | WARNING  | emotion_detector | Failed to capture frame from camera
2025-11-30 11:56:49 | INFO     | emotion_calibration | Saved calibration sample for user 1, emotion: neutral
2025-11-30 11:56:49 | WARNING  | emotion_detector | Failed to capture frame from camera
2025-11-30 11:56:53 | INFO     | emotion_calibration | Saved calibration sample for user 1, emotion: neutral
2025-11-30 11:56:54 | WARNING  | emotion_detector | Failed to capture frame from camera
2025-11-30 11:56:57 | INFO     | emotion_calibration | Saved calibration sample for user 1, emotion: sad
2025-11-30 11:56:57 | WARNING  | emotion_detector | Failed to capture frame from camera
2025-11-30 11:56:58 | WARNING  | emotion_detector | Failed to capture frame from camera
2025-11-30 11:57:00 | INFO     | emotion_calibration | Saved calibration sample for user 1, emotion: sad
2025-11-30 11:57:03 | INFO     | emotion_calibration | Saved calibration sample for user 1, emotion: sad
2025-11-30 11:57:05 | WARNING  | emotion_detector | Failed to capture frame from camera
2025-11-30 11:57:06 | WARNING  | emotion_detector | Failed to capture frame from camera
2025-11-30 11:57:06 | WARNING  | emotion_detector | Failed to capture frame from camera
2025-11-30 11:57:07 | INFO     | emotion_calibration | Saved calibration sample for user 1, emotion: angry
2025-11-30 11:57:10 | INFO     | emotion_calibration | Saved calibration sample for user 1, emotion: angry
2025-11-30 11:57:13 | INFO     | emotion_calibration | Saved calibration sample for user 1, emotion: angry
2025-11-30 11:57:14 | WARNING  | emotion_detector | Failed to capture frame from camera
2025-11-30 11:57:15 | WARNING  | emotion_detector | Failed to capture frame from camera
2025-11-30 11:57:15 | WARNING  | emotion_detector | Failed to capture frame from camera
2025-11-30 11:57:17 | INFO     | emotion_calibration | Saved calibration sample for user 1, emotion: surprised
2025-11-30 11:57:19 | INFO     | emotion_calibration | Saved calibration sample for user 1, emotion: surprised
2025-11-30 11:57:22 | INFO     | emotion_calibration | Saved calibration sample for user 1, emotion: surprised
2025-11-30 11:57:23 | WARNING  | emotion_detector | Failed to capture frame from camera
2025-11-30 11:57:23 | WARNING  | emotion_detector | Failed to capture frame from camera
2025-11-30 11:57:26 | WARNING  | emotion_detector | Failed to capture frame from camera
2025-11-30 11:57:32 | INFO     | emotion_detector | Detected emotion: happy (confidence: 0.94)
2025-11-30 11:57:33 | INFO     | emotion_detector | Detected emotion: neutral (confidence: 0.97)
2025-11-30 11:57:41 | INFO     | emotion_detector | Detected emotion: neutral (confidence: 0.90)
2025-11-30 11:57:43 | INFO     | emotion_detector | Detected emotion: neutral (confidence: 1.00)
2025-11-30 11:57:44 | INFO     | emotion_detector | Detected emotion: neutral (confidence: 1.00)
2025-11-30 11:57:50 | WARNING  | emotion_detector | Failed to capture frame from camera
2025-11-30 11:57:51 | INFO     | emotion_detector | Detected emotion: neutral (confidence: 0.51)
2025-11-30 11:57:51 | INFO     | emotion_detector | Detected emotion: sad (confidence: 0.68)
2025-11-30 11:57:56 | INFO     | emotion_detector | Detected emotion: neutral (confidence: 0.80)
2025-11-30 11:57:57 | INFO     | emotion_detector | Detected emotion: neutral (confidence: 0.68)
2025-11-30 11:58:02 | INFO     | emotion_detector | Detected emotion: neutral (confidence: 1.00)
2025-11-30 11:58:05 | INFO     | emotion_detector | Detected emotion: neutral (confidence: 1.00)
2025-11-30 11:58:06 | INFO     | emotion_detector | Detected emotion: neutral (confidence: 0.99)
2025-11-30 11:58:15 | INFO     | emotion_detector | Detected emotion: neutral (confidence: 0.95)
2025-11-30 11:58:16 | INFO     | emotion_detector | Detected emotion: neutral (confidence: 1.00)
2025-11-30 11:58:17 | INFO     | emotion_detector | Detected emotion: neutral (confidence: 1.00)
2025-11-30 11:58:25 | INFO     | emotion_detector | Detected emotion: neutral (confidence: 0.92)
2025-11-30 11:58:26 | INFO     | emotion_detector | Detected emotion: neutral (confidence: 0.86)
2025-11-30 11:58:27 | INFO     | emotion_detector | Detected emotion: neutral (confidence: 0.62)
2025-11-30 11:58:32 | INFO     | emotion_detector | Detected emotion: neutral (confidence: 0.91)
2025-11-30 11:58:32 | INFO     | emotion_detector | Detected emotion: neutral (confidence: 0.95)
2025-11-30 11:58:35 | INFO     | emotion_detector | Detected emotion: sad (confidence: 0.67)
2025-11-30 11:58:39 | INFO     | emotion_detector | Detected emotion: sad (confidence: 0.65)
2025-11-30 11:58:40 | INFO     | emotion_detector | Detected emotion: neutral (confidence: 0.49)
2025-11-30 11:58:44 | INFO     | emotion_detector | Detected emotion: sad (confidence: 0.73)
2025-11-30 11:58:46 | INFO     | emotion_detector | Detected emotion: sad (confidence: 0.49)
2025-11-30 11:58:46 | INFO     | emotion_detector | Detected emotion: neutral (confidence: 0.44)
2025-11-30 11:58:56 | WARNING  | emotion_detector | Failed to capture frame from camera
2025-11-30 11:58:56 | INFO     | emotion_detector | Detected emotion: neutral (confidence: 0.66)
2025-11-30 11:58:57 | INFO     | emotion_detector | Detected emotion: neutral (confidence: 0.78)
2025-11-30 11:59:02 | INFO     | emotion_detector | Detected emotion: neutral (confidence: 0.92)
2025-11-30 11:59:02 | INFO     | emotion_detector | Detected emotion: neutral (confidence: 0.95)
2025-11-30 11:59:05 | INFO     | emotion_detector | Detected emotion: neutral (confidence: 0.55)
2025-11-30 11:59:11 | INFO     | emotion_detector | Detected emotion: neutral (confidence: 0.43)
2025-11-30 11:59:11 | INFO     | emotion_detector | Detected emotion: neutral (confidence: 1.00)
2025-11-30 11:59:15 | INFO     | emotion_detector | Detected emotion: neutral (confidence: 0.93)
2025-11-30 11:59:19 | WARNING  | emotion_detector | Failed to capture frame from camera
2025-11-30 11:59:19 | INFO     | emotion_detector | Detected emotion: neutral (confidence: 0.96)
2025-11-30 11:59:25 | INFO     | emotion_detector | Detected emotion: neutral (confidence: 0.89)
2025-11-30 11:59:26 | INFO     | emotion_detector | Detected emotion: neutral (confidence: 0.95)
2025-11-30 11:59:27 | INFO     | emotion_detector | Detected emotion: neutral (confidence: 0.94)
2025-11-30 11:59:34 | WARNING  | emotion_detector | Failed to capture frame from camera
2025-11-30 11:59:34 | INFO     | emotion_detector | Detected emotion: neutral (confidence: 0.66)
2025-11-30 11:59:35 | INFO     | emotion_detector | Detected emotion: neutral (confidence: 0.60)
2025-11-30 11:59:41 | WARNING  | emotion_detector | Failed to capture frame from camera
2025-11-30 11:59:41 | INFO     | emotion_detector | Bias correction: Switched from fear/sad to neutral (neutral score: 0.46)
2025-11-30 11:59:41 | INFO     | emotion_detector | Detected emotion: neutral (confidence: 0.46)
2025-11-30 11:59:45 | INFO     | emotion_detector | Detected emotion: neutral (confidence: 0.59)
2025-11-30 11:59:48 | INFO     | emotion_detector | Detected emotion: sad (confidence: 0.85)
2025-11-30 11:59:48 | INFO     | emotion_detector | Detected emotion: sad (confidence: 0.74)
2025-11-30 11:59:55 | INFO     | emotion_detector | Detected emotion: neutral (confidence: 0.97)
2025-11-30 11:59:55 | INFO     | emotion_detector | Detected emotion: neutral (confidence: 0.87)
2025-11-30 11:59:56 | INFO     | emotion_detector | Detected emotion: neutral (confidence: 0.80)
2025-11-30 12:00:03 | INFO     | emotion_detector | Detected emotion: neutral (confidence: 0.62)
2025-11-30 12:00:04 | INFO     | emotion_detector | Detected emotion: neutral (confidence: 0.90)
2025-11-30 12:00:05 | INFO     | emotion_detector | Detected emotion: neutral (confidence: 0.58)
2025-11-30 12:00:10 | INFO     | emotion_detector | Detected emotion: sad (confidence: 0.87)
2025-11-30 12:00:10 | INFO     | emotion_detector | Detected emotion: sad (confidence: 0.80)
2025-11-30 12:00:14 | INFO     | emotion_detector | Detected emotion: neutral (confidence: 0.63)
2025-11-30 12:00:17 | INFO     | emotion_detector | Detected emotion: neutral (confidence: 0.52)
2025-11-30 12:00:18 | INFO     | emotion_detector | Detected emotion: sad (confidence: 0.50)
2025-11-30 12:00:25 | INFO     | emotion_detector | Detected emotion: sad (confidence: 0.77)
2025-11-30 12:00:25 | INFO     | emotion_detector | Detected emotion: fear (confidence: 1.00)
2025-11-30 12:00:25 | INFO     | emotion_detector | Detected emotion: sad (confidence: 0.68)
2025-11-30 12:00:32 | INFO     | emotion_detector | Detected emotion: neutral (confidence: 0.84)
2025-11-30 12:00:33 | INFO     | emotion_detector | Detected emotion: sad (confidence: 0.62)
2025-11-30 12:00:35 | INFO     | emotion_detector | Detected emotion: surprise (confidence: 1.00)
2025-11-30 12:00:40 | INFO     | emotion_detector | Detected emotion: surprise (confidence: 0.99)
2025-11-30 12:00:40 | INFO     | emotion_detector | Detected emotion: fear (confidence: 0.99)
2025-11-30 12:00:44 | INFO     | emotion_detector | Detected emotion: neutral (confidence: 0.92)
2025-11-30 12:00:47 | INFO     | emotion_detector | Detected emotion: neutral (confidence: 0.90)
2025-11-30 12:00:54 | INFO     | emotion_detector | Detected emotion: neutral (confidence: 1.00)
2025-11-30 12:01:02 | INFO     | emotion_detector | Detected emotion: happy (confidence: 0.98)
2025-11-30 12:01:08 | INFO     | emotion_detector | Background emotion monitoring started
2025-11-30 12:01:08 | INFO     | app | Background emotion monitor started
2025-11-30 12:01:08 | INFO     | conversation_memory | Database initialized successfully
2025-11-30 12:01:08 | INFO     | app | Database and audio directory initialized
2025-11-30 12:01:08 | INFO     | app | ROOMie Backend v3.0 starting...
2025-11-30 12:01:08 | INFO     | app | Server: http://127.0.0.1:5000
2025-11-30 12:01:08 | INFO     | app | WebSocket: ws://127.0.0.1:5000
2025-11-30 12:01:09 | INFO     | emotion_detector | Detected emotion: neutral (confidence: 0.98)
2025-11-30 12:01:12 | INFO     | emotion_detector | Detected emotion: neutral (confidence: 0.85)
2025-11-30 12:01:12 | INFO     | emotion_detector | Background emotion monitoring started
2025-11-30 12:01:12 | INFO     | emotion_detector | Emotion monitor updated for user: 1
2025-11-30 12:01:18 | WARNING  | emotion_detector | Failed to capture frame from camera
2025-11-30 12:01:19 | INFO     | emotion_detector | Detected emotion: neutral (confidence: 0.97)
2025-11-30 12:01:21 | WARNING  | emotion_detector | Failed to capture frame from camera
2025-11-30 12:01:28 | WARNING  | emotion_detector | Failed to capture frame from camera
2025-11-30 12:01:30 | WARNING  | emotion_detector | Failed to capture frame from camera
2025-11-30 12:01:30 | WARNING  | emotion_detector | Failed to capture frame from camera
2025-11-30 12:01:37 | WARNING  | emotion_detector | Failed to capture frame from camera
2025-11-30 12:01:39 | WARNING  | emotion_detector | Failed to capture frame from camera
2025-11-30 12:01:40 | WARNING  | emotion_detector | Failed to capture frame from camera
2025-11-30 12:01:45 | WARNING  | emotion_detector | Failed to capture frame from camera
2025-11-30 12:01:47 | WARNING  | emotion_detector | Failed to capture frame from camera
2025-11-30 12:01:49 | WARNING  | emotion_detector | Failed to capture frame from camera
2025-11-30 12:01:51 | INFO     | emotion_calibration | Saved calibration sample for user 1, emotion: happy
2025-11-30 12:01:52 | WARNING  | emotion_detector | Failed to capture frame from camera
2025-11-30 12:01:54 | INFO     | emotion_calibration | Saved calibration sample for user 1, emotion: happy
2025-11-30 12:01:55 | WARNING  | emotion_detector | Failed to capture frame from camera
2025-11-30 12:01:59 | WARNING  | emotion_detector | Failed to capture frame from camera
2025-11-30 12:02:00 | INFO     | emotion_calibration | Saved calibration sample for user 1, emotion: happy
2025-11-30 12:02:01 | WARNING  | emotion_detector | Failed to capture frame from camera
2025-11-30 12:02:03 | INFO     | emotion_calibration | Saved calibration sample for user 1, emotion: neutral
2025-11-30 12:02:03 | WARNING  | emotion_detector | Failed to capture frame from camera
2025-11-30 12:02:06 | INFO     | emotion_calibration | Saved calibration sample for user 1, emotion: neutral
2025-11-30 12:02:10 | INFO     | emotion_calibration | Saved calibration sample for user 1, emotion: neutral
2025-11-30 12:02:10 | WARNING  | emotion_detector | Failed to capture frame from camera
2025-11-30 12:02:10 | WARNING  | emotion_detector | Failed to capture frame from camera
2025-11-30 12:02:11 | WARNING  | emotion_detector | Failed to capture frame from camera
2025-11-30 12:02:12 | INFO     | emotion_calibration | Saved calibration sample for user 1, emotion: sad
2025-11-30 12:02:15 | INFO     | emotion_calibration | Saved calibration sample for user 1, emotion: sad
2025-11-30 12:02:18 | INFO     | emotion_calibration | Saved calibration sample for user 1, emotion: sad
2025-11-30 12:02:18 | WARNING  | emotion_detector | Failed to capture frame from camera
2025-11-30 12:02:21 | WARNING  | emotion_detector | Failed to capture frame from camera
2025-11-30 12:02:21 | WARNING  | emotion_detector | Failed to capture frame from camera
2025-11-30 12:02:23 | INFO     | emotion_calibration | Saved calibration sample for user 1, emotion: angry
2025-11-30 12:02:25 | WARNING  | emotion_detector | Failed to capture frame from camera
2025-11-30 12:02:28 | WARNING  | emotion_detector | Failed to capture frame from camera
2025-11-30 12:02:30 | WARNING  | emotion_detector | Failed to capture frame from camera
2025-11-30 12:02:30 | INFO     | emotion_calibration | Saved calibration sample for user 1, emotion: angry
2025-11-30 12:02:33 | INFO     | emotion_calibration | Saved calibration sample for user 1, emotion: angry
2025-11-30 12:02:33 | WARNING  | emotion_detector | Failed to capture frame from camera
2025-11-30 12:02:36 | WARNING  | emotion_detector | Failed to capture frame from camera
2025-11-30 12:02:37 | INFO     | emotion_calibration | Saved calibration sample for user 1, emotion: surprised
2025-11-30 12:02:40 | WARNING  | emotion_detector | Failed to capture frame from camera
2025-11-30 12:02:41 | INFO     | emotion_calibration | Saved calibration sample for user 1, emotion: surprised
2025-11-30 12:02:42 | WARNING  | emotion_detector | Failed to capture frame from camera
2025-11-30 12:02:43 | WARNING  | emotion_detector | Failed to capture frame from camera
2025-11-30 12:02:44 | INFO     | emotion_calibration | Saved calibration sample for user 1, emotion: surprised
2025-11-30 12:02:53 | INFO     | emotion_detector | Detected emotion: neutral (confidence: 0.52)
2025-11-30 12:02:54 | INFO     | emotion_calibration | Matched emotion: surprised (similarity: 0.59)
2025-11-30 12:02:54 | INFO     | emotion_detector | Personalized match: surprised (confidence: 0.59)
2025-11-30 12:02:54 | INFO     | emotion_detector | Detected emotion: neutral (confidence: 1.00)
2025-11-30 12:03:00 | INFO     | emotion_detector | Detected emotion: sad (confidence: 0.64)
2025-11-30 12:03:01 | INFO     | emotion_detector | Detected emotion: sad (confidence: 0.99)
2025-11-30 12:03:02 | INFO     | emotion_calibration | Matched emotion: surprised (similarity: 0.59)
2025-11-30 12:03:02 | INFO     | emotion_detector | Personalized match: surprised (confidence: 0.59)
2025-11-30 12:03:06 | INFO     | emotion_detector | Detected emotion: neutral (confidence: 0.49)
2025-11-30 12:03:07 | INFO     | emotion_detector | Detected emotion: neutral (confidence: 0.77)
2025-11-30 12:03:11 | INFO     | emotion_calibration | Matched emotion: surprised (similarity: 0.51)
2025-11-30 12:03:11 | INFO     | emotion_detector | Personalized match: surprised (confidence: 0.51)
2025-11-30 12:03:12 | INFO     | emotion_detector | Detected emotion: neutral (confidence: 0.47)
2025-11-30 12:03:13 | INFO     | emotion_detector | Detected emotion: neutral (confidence: 1.00)
2025-11-30 12:03:19 | WARNING  | emotion_detector | Failed to capture frame from camera
2025-11-30 12:03:19 | INFO     | emotion_detector | Detected emotion: neutral (confidence: 0.76)
2025-11-30 12:03:20 | INFO     | emotion_detector | Detected emotion: neutral (confidence: 0.89)
2025-11-30 12:03:26 | INFO     | emotion_detector | Detected emotion: neutral (confidence: 0.69)
2025-11-30 12:03:26 | INFO     | emotion_detector | Detected emotion: neutral (confidence: 0.91)
2025-11-30 12:03:28 | INFO     | emotion_calibration | Matched emotion: surprised (similarity: 0.59)
2025-11-30 12:03:28 | INFO     | emotion_detector | Personalized match: surprised (confidence: 0.59)
2025-11-30 12:03:31 | WARNING  | emotion_detector | Failed to capture frame from camera
2025-11-30 12:03:32 | INFO     | emotion_detector | Detected emotion: neutral (confidence: 0.77)
2025-11-30 12:03:36 | INFO     | emotion_calibration | Matched emotion: surprised (similarity: 0.61)
2025-11-30 12:03:36 | INFO     | emotion_detector | Personalized match: surprised (confidence: 0.61)
2025-11-30 12:03:37 | INFO     | emotion_detector | Detected emotion: neutral (confidence: 0.88)
2025-11-30 12:03:38 | INFO     | emotion_detector | Detected emotion: neutral (confidence: 1.00)
2025-11-30 12:03:44 | WARNING  | emotion_detector | Failed to capture frame from camera
2025-11-30 12:03:44 | INFO     | emotion_detector | Detected emotion: neutral (confidence: 0.72)
2025-11-30 12:03:45 | INFO     | emotion_calibration | Matched emotion: happy (similarity: 0.51)
2025-11-30 12:03:45 | INFO     | emotion_detector | Personalized match: happy (confidence: 0.51)
2025-11-30 12:03:50 | INFO     | emotion_detector | Detected emotion: neutral (confidence: 0.95)
2025-11-30 12:03:51 | INFO     | emotion_detector | Detected emotion: neutral (confidence: 0.74)
2025-11-30 12:03:53 | INFO     | emotion_detector | Detected emotion: neutral (confidence: 0.93)
2025-11-30 12:03:56 | INFO     | emotion_detector | Detected emotion: neutral (confidence: 0.68)
2025-11-30 12:03:57 | INFO     | emotion_detector | Detected emotion: neutral (confidence: 0.92)
2025-11-30 12:04:02 | INFO     | emotion_calibration | Matched emotion: surprised (similarity: 0.61)
2025-11-30 12:04:02 | INFO     | emotion_detector | Personalized match: surprised (confidence: 0.61)
2025-11-30 12:04:03 | INFO     | emotion_detector | Detected emotion: neutral (confidence: 0.90)
2025-11-30 12:04:03 | INFO     | emotion_detector | Detected emotion: neutral (confidence: 0.90)
2025-11-30 12:04:09 | INFO     | emotion_detector | Bias correction: Switched from fear/sad to neutral (neutral score: 0.47)
2025-11-30 12:04:09 | INFO     | emotion_detector | Detected emotion: neutral (confidence: 0.47)
2025-11-30 12:04:10 | INFO     | emotion_detector | Detected emotion: sad (confidence: 0.72)
2025-11-30 12:04:11 | INFO     | emotion_calibration | Matched emotion: happy (similarity: 0.56)
2025-11-30 12:04:11 | INFO     | emotion_detector | Personalized match: happy (confidence: 0.56)
2025-11-30 12:04:15 | WARNING  | emotion_detector | Failed to capture frame from camera
2025-11-30 12:04:15 | INFO     | emotion_detector | Detected emotion: neutral (confidence: 0.64)
2025-11-30 12:04:19 | INFO     | emotion_calibration | Matched emotion: happy (similarity: 0.63)
2025-11-30 12:04:19 | INFO     | emotion_detector | Personalized match: happy (confidence: 0.63)
2025-11-30 12:04:21 | INFO     | emotion_detector | Detected emotion: neutral (confidence: 0.89)
2025-11-30 12:04:21 | INFO     | emotion_detector | Detected emotion: neutral (confidence: 0.76)
2025-11-30 12:04:30 | WARNING  | emotion_detector | Failed to capture frame from camera
2025-11-30 12:04:31 | INFO     | emotion_detector | Detected emotion: neutral (confidence: 0.67)
2025-11-30 12:04:31 | INFO     | emotion_detector | Detected emotion: neutral (confidence: 0.80)
2025-11-30 12:04:41 | WARNING  | emotion_detector | Failed to capture frame from camera
2025-11-30 12:04:41 | INFO     | emotion_detector | Detected emotion: neutral (confidence: 0.85)
2025-11-30 12:04:42 | INFO     | emotion_detector | Detected emotion: neutral (confidence: 0.92)
2025-11-30 12:04:48 | WARNING  | emotion_detector | Failed to capture frame from camera
2025-11-30 12:04:48 | INFO     | emotion_detector | Detected emotion: neutral (confidence: 0.98)
2025-11-30 12:04:51 | INFO     | emotion_calibration | Matched emotion: happy (similarity: 0.56)
2025-11-30 12:04:51 | INFO     | emotion_detector | Personalized match: happy (confidence: 0.56)
2025-11-30 12:04:55 | INFO     | emotion_detector | Detected emotion: neutral (confidence: 0.88)
2025-11-30 12:04:55 | INFO     | emotion_detector | Detected emotion: neutral (confidence: 0.64)
2025-11-30 12:05:01 | INFO     | emotion_detector | Detected emotion: fear (confidence: 1.00)
2025-11-30 12:05:03 | INFO     | emotion_detector | Detected emotion: neutral (confidence: 1.00)
2025-11-30 12:05:03 | INFO     | emotion_detector | Detected emotion: neutral (confidence: 1.00)
2025-11-30 12:05:10 | WARNING  | emotion_detector | Failed to capture frame from camera
2025-11-30 12:05:10 | WARNING  | emotion_detector | Failed to capture frame from camera
2025-11-30 12:05:10 | INFO     | emotion_detector | Detected emotion: sad (confidence: 0.75)
2025-11-30 12:05:17 | INFO     | emotion_detector | Detected emotion: sad (confidence: 0.92)
2025-11-30 12:05:17 | INFO     | emotion_detector | Detected emotion: sad (confidence: 0.96)
2025-11-30 12:05:19 | INFO     | emotion_calibration | Matched emotion: surprised (similarity: 0.60)
2025-11-30 12:05:19 | INFO     | emotion_detector | Personalized match: surprised (confidence: 0.60)
2025-11-30 12:05:23 | WARNING  | emotion_detector | Failed to capture frame from camera
2025-11-30 12:05:24 | INFO     | emotion_detector | Detected emotion: fear (confidence: 1.00)
2025-11-30 12:05:28 | INFO     | emotion_calibration | Matched emotion: happy (similarity: 0.50)
2025-11-30 12:05:28 | INFO     | emotion_detector | Personalized match: happy (confidence: 0.50)
2025-11-30 12:05:30 | INFO     | emotion_detector | Detected emotion: fear (confidence: 1.00)
2025-11-30 12:05:30 | INFO     | emotion_detector | Detected emotion: sad (confidence: 0.72)
2025-11-30 12:05:37 | WARNING  | emotion_detector | Failed to capture frame from camera
2025-11-30 12:05:37 | INFO     | emotion_detector | Detected emotion: sad (confidence: 0.91)
2025-11-30 12:05:38 | INFO     | emotion_detector | Detected emotion: sad (confidence: 0.72)
2025-11-30 12:05:44 | WARNING  | emotion_detector | Failed to capture frame from camera
2025-11-30 12:05:45 | INFO     | emotion_detector | Detected emotion: sad (confidence: 0.98)
2025-11-30 12:05:46 | INFO     | emotion_calibration | Matched emotion: surprised (similarity: 0.60)
2025-11-30 12:05:46 | INFO     | emotion_detector | Personalized match: surprised (confidence: 0.60)
2025-11-30 12:05:51 | INFO     | emotion_detector | Detected emotion: neutral (confidence: 0.51)
2025-11-30 12:05:51 | INFO     | emotion_detector | Detected emotion: sad (confidence: 0.59)
2025-11-30 12:05:57 | INFO     | emotion_calibration | Matched emotion: surprised (similarity: 0.58)
2025-11-30 12:05:57 | INFO     | emotion_detector | Personalized match: surprised (confidence: 0.58)
2025-11-30 12:05:58 | WARNING  | emotion_detector | Failed to capture frame from camera
2025-11-30 12:05:58 | INFO     | emotion_detector | Detected emotion: sad (confidence: 0.64)
2025-11-30 12:06:05 | WARNING  | emotion_detector | Failed to capture frame from camera
2025-11-30 12:06:05 | INFO     | emotion_detector | Detected emotion: sad (confidence: 0.90)
2025-11-30 12:06:06 | INFO     | emotion_calibration | Matched emotion: happy (similarity: 0.58)
2025-11-30 12:06:06 | INFO     | emotion_detector | Personalized match: happy (confidence: 0.58)
2025-11-30 12:06:11 | WARNING  | emotion_detector | Failed to capture frame from camera
2025-11-30 12:06:12 | INFO     | emotion_detector | Detected emotion: fear (confidence: 1.00)
2025-11-30 12:06:15 | INFO     | emotion_calibration | Matched emotion: happy (similarity: 0.58)
2025-11-30 12:06:15 | INFO     | emotion_detector | Personalized match: happy (confidence: 0.58)
2025-11-30 12:06:18 | INFO     | emotion_detector | Detected emotion: sad (confidence: 0.98)
2025-11-30 12:06:18 | INFO     | emotion_detector | Detected emotion: sad (confidence: 0.96)
2025-11-30 12:06:25 | INFO     | emotion_calibration | Matched emotion: angry (similarity: 0.56)
2025-11-30 12:06:25 | INFO     | emotion_detector | Personalized match: angry (confidence: 0.56)
2025-11-30 12:06:25 | INFO     | emotion_detector | Detected emotion: neutral (confidence: 0.92)
2025-11-30 12:06:25 | INFO     | emotion_detector | Detected emotion: neutral (confidence: 0.88)
2025-11-30 12:06:32 | WARNING  | emotion_detector | Failed to capture frame from camera
2025-11-30 12:06:33 | INFO     | emotion_detector | Detected emotion: sad (confidence: 0.88)
2025-11-30 12:06:34 | INFO     | emotion_calibration | Matched emotion: happy (similarity: 0.55)
2025-11-30 12:06:34 | INFO     | emotion_detector | Personalized match: happy (confidence: 0.55)
2025-11-30 12:06:39 | WARNING  | emotion_detector | Failed to capture frame from camera
2025-11-30 12:06:39 | INFO     | emotion_detector | Detected emotion: sad (confidence: 0.65)
2025-11-30 12:06:43 | INFO     | emotion_calibration | Matched emotion: surprised (similarity: 0.62)
2025-11-30 12:06:43 | INFO     | emotion_detector | Personalized match: surprised (confidence: 0.62)
2025-11-30 12:06:45 | INFO     | emotion_detector | Detected emotion: fear (confidence: 0.99)
2025-11-30 12:06:46 | INFO     | emotion_detector | Detected emotion: sad (confidence: 0.90)
2025-11-30 12:06:52 | WARNING  | emotion_detector | Failed to capture frame from camera
2025-11-30 12:06:53 | INFO     | emotion_detector | Detected emotion: sad (confidence: 0.95)
2025-11-30 12:06:53 | INFO     | emotion_detector | Detected emotion: sad (confidence: 0.92)
2025-11-30 12:06:59 | WARNING  | emotion_detector | Failed to capture frame from camera
2025-11-30 12:07:00 | INFO     | emotion_detector | Detected emotion: sad (confidence: 0.83)
2025-11-30 12:07:01 | INFO     | emotion_detector | Detected emotion: sad (confidence: 0.79)
2025-11-30 12:07:06 | WARNING  | emotion_detector | Failed to capture frame from camera
2025-11-30 12:07:06 | INFO     | emotion_detector | Detected emotion: sad (confidence: 0.98)
2025-11-30 12:07:10 | INFO     | emotion_calibration | Matched emotion: happy (similarity: 0.54)
2025-11-30 12:07:10 | INFO     | emotion_detector | Personalized match: happy (confidence: 0.54)
2025-11-30 12:07:12 | INFO     | emotion_detector | Detected emotion: sad (confidence: 0.97)
2025-11-30 12:07:13 | INFO     | emotion_detector | Detected emotion: sad (confidence: 0.91)
2025-11-30 12:07:19 | WARNING  | emotion_detector | Failed to capture frame from camera
2025-11-30 12:07:19 | WARNING  | emotion_detector | Failed to capture frame from camera
2025-11-30 12:07:20 | INFO     | emotion_detector | Detected emotion: fear (confidence: 0.99)
2025-11-30 12:07:26 | INFO     | emotion_detector | Detected emotion: sad (confidence: 0.82)
2025-11-30 12:07:27 | INFO     | emotion_detector | Detected emotion: neutral (confidence: 0.61)
2025-11-30 12:07:28 | INFO     | emotion_detector | Detected emotion: fear (confidence: 1.00)
2025-11-30 12:07:33 | INFO     | emotion_detector | Detected emotion: sad (confidence: 0.69)
2025-11-30 12:07:33 | INFO     | emotion_detector | Detected emotion: sad (confidence: 0.94)
2025-11-30 12:07:37 | INFO     | emotion_calibration | Matched emotion: happy (similarity: 0.54)
2025-11-30 12:07:37 | INFO     | emotion_detector | Personalized match: happy (confidence: 0.54)
2025-11-30 12:07:40 | INFO     | emotion_detector | Detected emotion: sad (confidence: 0.73)
2025-11-30 12:07:40 | INFO     | emotion_detector | Bias correction: Switched from fear/sad to neutral (neutral score: 0.45)
2025-11-30 12:07:40 | INFO     | emotion_detector | Detected emotion: neutral (confidence: 0.45)
2025-11-30 12:07:46 | INFO     | emotion_calibration | Matched emotion: happy (similarity: 0.53)
2025-11-30 12:07:46 | INFO     | emotion_detector | Personalized match: happy (confidence: 0.53)
2025-11-30 12:07:47 | INFO     | emotion_detector | Detected emotion: sad (confidence: 0.86)
2025-11-30 12:07:47 | INFO     | emotion_detector | Detected emotion: sad (confidence: 0.62)
2025-11-30 12:07:54 | INFO     | emotion_detector | Detected emotion: fear (confidence: 0.89)
2025-11-30 12:07:54 | INFO     | emotion_detector | Detected emotion: sad (confidence: 0.71)
2025-11-30 12:07:56 | INFO     | emotion_calibration | Matched emotion: happy (similarity: 0.51)
2025-11-30 12:07:56 | INFO     | emotion_detector | Personalized match: happy (confidence: 0.51)
2025-11-30 12:08:00 | WARNING  | emotion_detector | Failed to capture frame from camera
2025-11-30 12:08:01 | INFO     | emotion_detector | Detected emotion: neutral (confidence: 0.80)
2025-11-30 12:08:04 | INFO     | emotion_calibration | Matched emotion: happy (similarity: 0.58)
2025-11-30 12:08:04 | INFO     | emotion_detector | Personalized match: happy (confidence: 0.58)
2025-11-30 12:08:07 | INFO     | emotion_detector | Detected emotion: fear (confidence: 0.96)
2025-11-30 12:08:07 | INFO     | emotion_detector | Detected emotion: fear (confidence: 0.85)
2025-11-30 12:08:14 | WARNING  | emotion_detector | Failed to capture frame from camera
2025-11-30 12:08:14 | INFO     | emotion_detector | Detected emotion: neutral (confidence: 0.95)
2025-11-30 12:08:14 | INFO     | emotion_detector | Detected emotion: sad (confidence: 0.57)
2025-11-30 12:08:21 | INFO     | emotion_detector | Detected emotion: fear (confidence: 0.98)
2025-11-30 12:08:21 | INFO     | emotion_detector | Detected emotion: fear (confidence: 0.52)
2025-11-30 12:08:22 | INFO     | emotion_detector | Emotion monitor updated for user: 1
2025-11-30 12:08:27 | INFO     | emotion_detector | Detected emotion: neutral (confidence: 0.69)
2025-11-30 12:08:34 | INFO     | emotion_detector | Detected emotion: fear (confidence: 0.56)
2025-11-30 12:08:37 | INFO     | emotion_detector | Background emotion monitoring started
2025-11-30 12:08:37 | INFO     | app | Background emotion monitor started
2025-11-30 12:08:37 | INFO     | conversation_memory | Database initialized successfully
2025-11-30 12:08:37 | INFO     | app | Database and audio directory initialized
2025-11-30 12:08:37 | INFO     | app | ROOMie Backend v3.0 starting...
2025-11-30 12:08:37 | INFO     | app | Server: http://127.0.0.1:5000
2025-11-30 12:08:37 | INFO     | app | WebSocket: ws://127.0.0.1:5000
2025-11-30 12:08:39 | INFO     | emotion_detector | Background emotion monitoring started
2025-11-30 12:08:39 | INFO     | emotion_detector | Emotion monitor updated for user: 1
2025-11-30 12:08:42 | INFO     | emotion_detector | Detected emotion: fear (confidence: 0.94)
2025-11-30 12:08:42 | INFO     | emotion_detector | Detected emotion: fear (confidence: 0.85)
2025-11-30 12:08:43 | INFO     | emotion_detector | Detected emotion: fear (confidence: 1.00)
2025-11-30 12:08:49 | WARNING  | emotion_detector | Failed to capture frame from camera
2025-11-30 12:08:50 | INFO     | emotion_detector | Detected emotion: neutral (confidence: 1.00)
2025-11-30 12:08:50 | INFO     | emotion_detector | Detected emotion: neutral (confidence: 0.99)
2025-11-30 12:08:58 | INFO     | emotion_detector | Detected emotion: neutral (confidence: 0.93)
2025-11-30 12:08:59 | INFO     | emotion_detector | Detected emotion: neutral (confidence: 0.94)
2025-11-30 12:09:05 | INFO     | emotion_calibration | Matched emotion: neutral (similarity: 0.85)
2025-11-30 12:09:05 | INFO     | emotion_detector | Personalized match: neutral (confidence: 0.85)
2025-11-30 12:09:06 | WARNING  | emotion_detector | Failed to capture frame from camera
2025-11-30 12:09:07 | INFO     | emotion_detector | Detected emotion: neutral (confidence: 0.51)
2025-11-30 12:09:09 | INFO     | emotion_detector | Emotion monitor updated for user: 1
2025-11-30 12:09:16 | INFO     | emotion_calibration | Matched emotion: happy (similarity: 0.81)
2025-11-30 12:09:16 | INFO     | emotion_detector | Personalized match: happy (confidence: 0.81)
2025-11-30 12:09:17 | INFO     | emotion_detector | Detected emotion: sad (confidence: 0.76)
2025-11-30 12:09:18 | INFO     | emotion_detector | Detected emotion: neutral (confidence: 0.95)
2025-11-30 12:09:25 | INFO     | emotion_calibration | Matched emotion: happy (similarity: 0.84)
2025-11-30 12:09:25 | INFO     | emotion_detector | Personalized match: happy (confidence: 0.84)
2025-11-30 12:09:27 | INFO     | emotion_detector | Detected emotion: neutral (confidence: 0.96)
2025-11-30 12:09:28 | INFO     | emotion_detector | Detected emotion: sad (confidence: 0.59)
2025-11-30 12:09:33 | WARNING  | emotion_detector | Failed to capture frame from camera
2025-11-30 12:09:33 | INFO     | emotion_calibration | Saved calibration sample for user 1, emotion: happy
2025-11-30 12:09:37 | WARNING  | emotion_detector | Failed to capture frame from camera
2025-11-30 12:09:37 | WARNING  | emotion_detector | Failed to capture frame from camera
2025-11-30 12:09:38 | INFO     | emotion_calibration | Saved calibration sample for user 1, emotion: happy
2025-11-30 12:09:40 | WARNING  | emotion_detector | Failed to capture frame from camera
2025-11-30 12:09:45 | INFO     | emotion_calibration | Saved calibration sample for user 1, emotion: happy
2025-11-30 12:09:45 | WARNING  | emotion_detector | Failed to capture frame from camera
2025-11-30 12:09:46 | WARNING  | emotion_detector | Failed to capture frame from camera
2025-11-30 12:09:47 | WARNING  | emotion_detector | Failed to capture frame from camera
2025-11-30 12:09:48 | INFO     | emotion_calibration | Saved calibration sample for user 1, emotion: neutral
2025-11-30 12:09:51 | INFO     | emotion_calibration | Saved calibration sample for user 1, emotion: neutral
2025-11-30 12:09:53 | INFO     | emotion_calibration | Saved calibration sample for user 1, emotion: neutral
2025-11-30 12:09:54 | WARNING  | emotion_detector | Failed to capture frame from camera
2025-11-30 12:09:55 | WARNING  | emotion_detector | Failed to capture frame from camera
2025-11-30 12:09:55 | WARNING  | emotion_detector | Failed to capture frame from camera
2025-11-30 12:09:56 | INFO     | emotion_calibration | Saved calibration sample for user 1, emotion: sad
2025-11-30 12:09:58 | INFO     | emotion_calibration | Saved calibration sample for user 1, emotion: sad
2025-11-30 12:10:00 | INFO     | emotion_calibration | Saved calibration sample for user 1, emotion: sad
2025-11-30 12:10:04 | WARNING  | emotion_detector | Failed to capture frame from camera
2025-11-30 12:10:04 | WARNING  | emotion_detector | Failed to capture frame from camera
2025-11-30 12:10:04 | WARNING  | emotion_detector | Failed to capture frame from camera
2025-11-30 12:10:05 | INFO     | emotion_calibration | Saved calibration sample for user 1, emotion: angry
2025-11-30 12:10:09 | INFO     | emotion_calibration | Saved calibration sample for user 1, emotion: angry
2025-11-30 12:10:12 | WARNING  | emotion_detector | Failed to capture frame from camera
2025-11-30 12:10:13 | WARNING  | emotion_detector | Failed to capture frame from camera
2025-11-30 12:10:13 | WARNING  | emotion_detector | Failed to capture frame from camera
2025-11-30 12:10:14 | INFO     | emotion_calibration | Saved calibration sample for user 1, emotion: angry
2025-11-30 12:10:18 | INFO     | emotion_calibration | Saved calibration sample for user 1, emotion: surprised
2025-11-30 12:10:19 | WARNING  | emotion_detector | Failed to capture frame from camera
2025-11-30 12:10:21 | WARNING  | emotion_detector | Failed to capture frame from camera
2025-11-30 12:10:22 | WARNING  | emotion_detector | Failed to capture frame from camera
2025-11-30 12:10:22 | INFO     | emotion_calibration | Saved calibration sample for user 1, emotion: surprised
2025-11-30 12:10:25 | WARNING  | emotion_detector | Failed to capture frame from camera
2025-11-30 12:10:27 | INFO     | emotion_calibration | Saved calibration sample for user 1, emotion: surprised
2025-11-30 12:10:31 | INFO     | emotion_detector | Detected emotion: neutral (confidence: 1.00)
2025-11-30 12:10:32 | INFO     | emotion_detector | Detected emotion: sad (confidence: 0.91)
2025-11-30 12:10:38 | INFO     | emotion_calibration | Matched emotion: surprised (similarity: 0.92)
2025-11-30 12:10:38 | INFO     | emotion_detector | Personalized match: surprised (confidence: 0.92)
2025-11-30 12:10:39 | INFO     | emotion_detector | Detected emotion: neutral (confidence: 0.98)
2025-11-30 12:10:40 | INFO     | emotion_detector | Detected emotion: neutral (confidence: 0.48)
2025-11-30 12:10:43 | INFO     | emotion_calibration | Matched emotion: happy (similarity: 0.85)
2025-11-30 12:10:43 | INFO     | emotion_detector | Personalized match: happy (confidence: 0.85)
2025-11-30 12:10:46 | INFO     | emotion_detector | Detected emotion: sad (confidence: 0.57)
2025-11-30 12:10:46 | INFO     | emotion_detector | Detected emotion: neutral (confidence: 0.71)
2025-11-30 12:10:48 | INFO     | emotion_calibration | Matched emotion: sad (similarity: 0.91)
2025-11-30 12:10:48 | INFO     | emotion_detector | Personalized match: sad (confidence: 0.91)
2025-11-30 12:10:52 | WARNING  | emotion_detector | Failed to capture frame from camera
2025-11-30 12:10:52 | INFO     | emotion_detector | Detected emotion: neutral (confidence: 0.85)
2025-11-30 12:10:53 | INFO     | emotion_calibration | Matched emotion: neutral (similarity: 0.89)
2025-11-30 12:10:53 | INFO     | emotion_detector | Personalized match: neutral (confidence: 0.89)
2025-11-30 12:11:02 | WARNING  | emotion_detector | Failed to capture frame from camera
2025-11-30 12:11:03 | INFO     | emotion_detector | Detected emotion: neutral (confidence: 0.98)
2025-11-30 12:11:04 | INFO     | emotion_calibration | Matched emotion: neutral (similarity: 0.85)
2025-11-30 12:11:04 | INFO     | emotion_detector | Personalized match: neutral (confidence: 0.85)
2025-11-30 12:11:10 | WARNING  | emotion_detector | Failed to capture frame from camera
2025-11-30 12:11:10 | INFO     | emotion_detector | Bias correction: Switched from fear/sad to neutral (neutral score: 0.43)
2025-11-30 12:11:10 | INFO     | emotion_detector | Detected emotion: neutral (confidence: 0.43)
2025-11-30 12:11:11 | INFO     | emotion_calibration | Matched emotion: neutral (similarity: 0.84)
2025-11-30 12:11:11 | INFO     | emotion_detector | Personalized match: neutral (confidence: 0.84)
2025-11-30 12:11:17 | WARNING  | emotion_detector | Failed to capture frame from camera
2025-11-30 12:11:17 | WARNING  | emotion_detector | Failed to capture frame from camera
2025-11-30 12:11:18 | INFO     | emotion_calibration | Matched emotion: neutral (similarity: 0.93)
2025-11-30 12:11:18 | INFO     | emotion_detector | Personalized match: neutral (confidence: 0.93)
2025-11-30 12:11:24 | WARNING  | emotion_detector | Failed to capture frame from camera
2025-11-30 12:11:24 | WARNING  | emotion_detector | Failed to capture frame from camera
2025-11-30 12:11:24 | INFO     | emotion_detector | Detected emotion: sad (confidence: 0.92)
2025-11-30 12:11:31 | INFO     | emotion_calibration | Matched emotion: neutral (similarity: 0.88)
2025-11-30 12:11:31 | INFO     | emotion_detector | Personalized match: neutral (confidence: 0.88)
2025-11-30 12:11:31 | INFO     | emotion_detector | Detected emotion: sad (confidence: 0.66)
2025-11-30 12:11:32 | INFO     | emotion_detector | Bias correction: Switched from fear/sad to neutral (neutral score: 0.45)
2025-11-30 12:11:32 | INFO     | emotion_detector | Detected emotion: neutral (confidence: 0.45)
2025-11-30 12:11:37 | INFO     | emotion_calibration | Matched emotion: neutral (similarity: 0.91)
2025-11-30 12:11:37 | INFO     | emotion_detector | Personalized match: neutral (confidence: 0.91)
2025-11-30 12:11:38 | INFO     | emotion_detector | Detected emotion: sad (confidence: 0.66)
2025-11-30 12:11:39 | INFO     | emotion_detector | Detected emotion: sad (confidence: 0.62)
2025-11-30 12:11:44 | INFO     | emotion_calibration | Matched emotion: surprised (similarity: 0.86)
2025-11-30 12:11:44 | INFO     | emotion_detector | Personalized match: surprised (confidence: 0.86)
2025-11-30 12:11:45 | INFO     | emotion_detector | Detected emotion: fear (confidence: 0.91)
2025-11-30 12:11:46 | INFO     | emotion_detector | Detected emotion: neutral (confidence: 0.96)
2025-11-30 12:11:50 | INFO     | emotion_calibration | Matched emotion: happy (similarity: 0.81)
2025-11-30 12:11:50 | INFO     | emotion_detector | Personalized match: happy (confidence: 0.81)
2025-11-30 12:11:52 | INFO     | emotion_detector | Detected emotion: fear (confidence: 0.90)
2025-11-30 12:11:53 | INFO     | emotion_detector | Detected emotion: sad (confidence: 0.85)
2025-11-30 12:11:56 | INFO     | emotion_calibration | Matched emotion: sad (similarity: 0.75)
2025-11-30 12:11:56 | INFO     | emotion_detector | Personalized match: sad (confidence: 0.75)
2025-11-30 12:11:59 | INFO     | emotion_detector | Detected emotion: angry (confidence: 0.50)
2025-11-30 12:12:00 | INFO     | emotion_detector | Detected emotion: angry (confidence: 0.57)
2025-11-30 12:12:02 | INFO     | emotion_calibration | Matched emotion: neutral (similarity: 0.81)
2025-11-30 12:12:02 | INFO     | emotion_detector | Personalized match: neutral (confidence: 0.81)
2025-11-30 12:12:06 | INFO     | emotion_detector | Detected emotion: sad (confidence: 0.93)
2025-11-30 12:12:07 | INFO     | emotion_detector | Detected emotion: sad (confidence: 0.86)
2025-11-30 12:12:09 | INFO     | emotion_calibration | Matched emotion: neutral (similarity: 0.86)
2025-11-30 12:12:09 | INFO     | emotion_detector | Personalized match: neutral (confidence: 0.86)
2025-11-30 12:12:13 | INFO     | emotion_detector | Detected emotion: sad (confidence: 0.92)
2025-11-30 12:12:14 | INFO     | emotion_detector | Detected emotion: sad (confidence: 0.74)
2025-11-30 12:12:15 | INFO     | emotion_calibration | Matched emotion: neutral (similarity: 0.80)
2025-11-30 12:12:15 | INFO     | emotion_detector | Personalized match: neutral (confidence: 0.80)
2025-11-30 12:12:20 | INFO     | emotion_detector | Bias correction: Switched from fear/sad to neutral (neutral score: 0.43)
2025-11-30 12:12:20 | INFO     | emotion_detector | Detected emotion: neutral (confidence: 0.43)
2025-11-30 12:12:21 | INFO     | emotion_detector | Detected emotion: sad (confidence: 0.66)
2025-11-30 12:12:22 | INFO     | emotion_calibration | Matched emotion: neutral (similarity: 0.85)
2025-11-30 12:12:22 | INFO     | emotion_detector | Personalized match: neutral (confidence: 0.85)
2025-11-30 12:12:28 | INFO     | emotion_detector | Detected emotion: sad (confidence: 0.81)
2025-11-30 12:12:30 | INFO     | emotion_detector | Detected emotion: sad (confidence: 0.71)
2025-11-30 12:12:30 | INFO     | emotion_calibration | Matched emotion: neutral (similarity: 0.85)
2025-11-30 12:12:30 | INFO     | emotion_detector | Personalized match: neutral (confidence: 0.85)
2025-11-30 12:12:37 | INFO     | emotion_detector | Detected emotion: neutral (confidence: 1.00)
2025-11-30 12:12:38 | INFO     | emotion_detector | Detected emotion: neutral (confidence: 0.96)
2025-11-30 12:12:39 | INFO     | emotion_calibration | Matched emotion: neutral (similarity: 0.86)
2025-11-30 12:12:39 | INFO     | emotion_detector | Personalized match: neutral (confidence: 0.86)
2025-11-30 12:12:45 | INFO     | emotion_detector | Detected emotion: neutral (confidence: 0.70)
2025-11-30 12:12:47 | INFO     | emotion_detector | Detected emotion: neutral (confidence: 0.98)
2025-11-30 12:12:47 | INFO     | emotion_calibration | Matched emotion: neutral (similarity: 0.83)
2025-11-30 12:12:47 | INFO     | emotion_detector | Personalized match: neutral (confidence: 0.83)
2025-11-30 12:12:52 | WARNING  | emotion_detector | Failed to capture frame from camera
2025-11-30 12:12:52 | INFO     | emotion_detector | Detected emotion: neutral (confidence: 0.96)
2025-11-30 12:12:53 | INFO     | emotion_detector | Detected emotion: neutral (confidence: 0.97)
2025-11-30 12:12:57 | INFO     | emotion_calibration | Matched emotion: neutral (similarity: 0.79)
2025-11-30 12:12:57 | INFO     | emotion_detector | Personalized match: neutral (confidence: 0.79)
2025-11-30 12:12:58 | INFO     | emotion_detector | Detected emotion: neutral (confidence: 0.99)
2025-11-30 12:12:59 | INFO     | emotion_detector | Detected emotion: neutral (confidence: 0.98)
2025-11-30 12:13:04 | INFO     | emotion_calibration | Matched emotion: neutral (similarity: 0.82)
2025-11-30 12:13:04 | INFO     | emotion_detector | Personalized match: neutral (confidence: 0.82)
2025-11-30 12:13:05 | INFO     | emotion_detector | Detected emotion: neutral (confidence: 0.74)
2025-11-30 12:13:06 | INFO     | emotion_detector | Detected emotion: neutral (confidence: 0.69)
2025-11-30 12:13:10 | INFO     | emotion_calibration | Matched emotion: neutral (similarity: 0.87)
2025-11-30 12:13:10 | INFO     | emotion_detector | Personalized match: neutral (confidence: 0.87)
2025-11-30 12:13:13 | INFO     | emotion_detector | Detected emotion: sad (confidence: 0.57)
2025-11-30 12:13:13 | INFO     | emotion_detector | Detected emotion: sad (confidence: 0.73)
2025-11-30 12:13:16 | INFO     | emotion_calibration | Matched emotion: angry (similarity: 0.88)
2025-11-30 12:13:16 | INFO     | emotion_detector | Personalized match: angry (confidence: 0.88)
2025-11-30 12:13:20 | INFO     | emotion_detector | Detected emotion: sad (confidence: 0.83)
2025-11-30 12:13:20 | INFO     | emotion_detector | Detected emotion: neutral (confidence: 0.94)
2025-11-30 12:13:22 | INFO     | emotion_calibration | Matched emotion: neutral (similarity: 0.83)
2025-11-30 12:13:22 | INFO     | emotion_detector | Personalized match: neutral (confidence: 0.83)
2025-11-30 12:13:27 | INFO     | emotion_detector | Detected emotion: sad (confidence: 0.87)
2025-11-30 12:13:27 | INFO     | emotion_detector | Detected emotion: sad (confidence: 0.77)
2025-11-30 12:13:28 | INFO     | emotion_calibration | Matched emotion: neutral (similarity: 0.88)
2025-11-30 12:13:28 | INFO     | emotion_detector | Personalized match: neutral (confidence: 0.88)
2025-11-30 12:13:36 | WARNING  | emotion_detector | Failed to capture frame from camera
2025-11-30 12:13:36 | INFO     | emotion_detector | Detected emotion: neutral (confidence: 0.76)
2025-11-30 12:13:36 | INFO     | emotion_detector | Detected emotion: neutral (confidence: 0.72)
2025-11-30 12:13:43 | INFO     | emotion_calibration | Matched emotion: neutral (similarity: 0.91)
2025-11-30 12:13:43 | INFO     | emotion_detector | Personalized match: neutral (confidence: 0.91)
2025-11-30 12:13:43 | INFO     | emotion_detector | Bias correction: Switched from fear/sad to neutral (neutral score: 0.43)
2025-11-30 12:13:43 | INFO     | emotion_detector | Detected emotion: neutral (confidence: 0.43)
2025-11-30 12:13:44 | INFO     | emotion_detector | Detected emotion: neutral (confidence: 0.60)
2025-11-30 12:13:50 | INFO     | emotion_calibration | Matched emotion: neutral (similarity: 0.84)
2025-11-30 12:13:50 | INFO     | emotion_detector | Personalized match: neutral (confidence: 0.84)
2025-11-30 12:13:51 | INFO     | emotion_detector | Detected emotion: sad (confidence: 0.86)
2025-11-30 12:13:51 | INFO     | emotion_detector | Detected emotion: sad (confidence: 0.71)
2025-11-30 12:13:56 | INFO     | emotion_calibration | Matched emotion: happy (similarity: 0.82)
2025-11-30 12:13:56 | INFO     | emotion_detector | Personalized match: happy (confidence: 0.82)
2025-11-30 12:13:57 | INFO     | emotion_detector | Detected emotion: sad (confidence: 0.98)
2025-11-30 12:13:58 | INFO     | emotion_detector | Detected emotion: neutral (confidence: 1.00)
2025-11-30 12:14:02 | INFO     | emotion_calibration | Matched emotion: happy (similarity: 0.94)
2025-11-30 12:14:02 | INFO     | emotion_detector | Personalized match: happy (confidence: 0.94)
2025-11-30 12:14:04 | INFO     | emotion_detector | Detected emotion: neutral (confidence: 1.00)
2025-11-30 12:14:04 | INFO     | emotion_detector | Detected emotion: neutral (confidence: 0.99)
2025-11-30 12:14:08 | INFO     | emotion_calibration | Matched emotion: happy (similarity: 0.94)
2025-11-30 12:14:08 | INFO     | emotion_detector | Personalized match: happy (confidence: 0.94)
2025-11-30 12:14:11 | WARNING  | emotion_detector | Failed to capture frame from camera
2025-11-30 12:14:11 | INFO     | emotion_detector | Detected emotion: surprise (confidence: 1.00)
2025-11-30 12:14:13 | INFO     | emotion_calibration | Matched emotion: happy (similarity: 0.95)
2025-11-30 12:14:13 | INFO     | emotion_detector | Personalized match: happy (confidence: 0.95)
2025-11-30 12:14:18 | WARNING  | emotion_detector | Failed to capture frame from camera
2025-11-30 12:14:19 | INFO     | emotion_detector | Detected emotion: neutral (confidence: 0.66)
2025-11-30 12:14:20 | INFO     | emotion_calibration | Matched emotion: happy (similarity: 0.95)
2025-11-30 12:14:20 | INFO     | emotion_detector | Personalized match: happy (confidence: 0.95)
2025-11-30 12:14:25 | INFO     | emotion_detector | Detected emotion: surprise (confidence: 0.75)
2025-11-30 12:14:25 | WARNING  | emotion_detector | Failed to capture frame from camera
2025-11-30 12:14:26 | INFO     | emotion_calibration | Matched emotion: happy (similarity: 0.95)
2025-11-30 12:14:26 | INFO     | emotion_detector | Personalized match: happy (confidence: 0.95)
2025-11-30 12:14:32 | WARNING  | emotion_detector | Failed to capture frame from camera
2025-11-30 12:14:33 | INFO     | emotion_detector | Detected emotion: surprise (confidence: 0.64)
2025-11-30 12:14:33 | INFO     | emotion_calibration | Matched emotion: happy (similarity: 0.95)
2025-11-30 12:14:33 | INFO     | emotion_detector | Personalized match: happy (confidence: 0.95)
2025-11-30 12:14:39 | WARNING  | emotion_detector | Failed to capture frame from camera
2025-11-30 12:14:39 | WARNING  | emotion_detector | Failed to capture frame from camera
2025-11-30 12:14:40 | INFO     | emotion_detector | Detected emotion: surprise (confidence: 0.86)
2025-11-30 12:14:46 | INFO     | emotion_calibration | Matched emotion: happy (similarity: 0.95)
2025-11-30 12:14:46 | INFO     | emotion_detector | Personalized match: happy (confidence: 0.95)
2025-11-30 12:14:46 | INFO     | emotion_detector | Detected emotion: surprise (confidence: 0.95)
2025-11-30 12:14:47 | INFO     | emotion_detector | Detected emotion: surprise (confidence: 0.90)
2025-11-30 12:14:52 | INFO     | emotion_calibration | Matched emotion: happy (similarity: 0.95)
2025-11-30 12:14:52 | INFO     | emotion_detector | Personalized match: happy (confidence: 0.95)
2025-11-30 12:14:53 | INFO     | emotion_detector | Detected emotion: surprise (confidence: 0.89)
2025-11-30 12:14:54 | INFO     | emotion_detector | Detected emotion: surprise (confidence: 0.89)
2025-11-30 12:14:58 | INFO     | emotion_calibration | Matched emotion: happy (similarity: 0.95)
2025-11-30 12:14:58 | INFO     | emotion_detector | Personalized match: happy (confidence: 0.95)
2025-11-30 12:15:00 | INFO     | emotion_detector | Detected emotion: surprise (confidence: 0.91)
2025-11-30 12:15:00 | INFO     | emotion_detector | Detected emotion: surprise (confidence: 0.92)
2025-11-30 12:15:03 | INFO     | emotion_calibration | Matched emotion: happy (similarity: 0.95)
2025-11-30 12:15:03 | INFO     | emotion_detector | Personalized match: happy (confidence: 0.95)
2025-11-30 12:15:07 | INFO     | emotion_detector | Detected emotion: surprise (confidence: 0.86)
2025-11-30 12:15:07 | INFO     | emotion_detector | Detected emotion: surprise (confidence: 0.93)
2025-11-30 12:15:09 | INFO     | emotion_calibration | Matched emotion: happy (similarity: 0.95)
2025-11-30 12:15:09 | INFO     | emotion_detector | Personalized match: happy (confidence: 0.95)
2025-11-30 12:15:14 | WARNING  | emotion_detector | Failed to capture frame from camera
2025-11-30 12:15:14 | INFO     | emotion_detector | Detected emotion: surprise (confidence: 0.87)
2025-11-30 12:15:15 | INFO     | emotion_calibration | Matched emotion: happy (similarity: 0.95)
2025-11-30 12:15:15 | INFO     | emotion_detector | Personalized match: happy (confidence: 0.95)
2025-11-30 12:15:21 | INFO     | emotion_detector | Detected emotion: surprise (confidence: 0.84)
2025-11-30 12:15:21 | WARNING  | emotion_detector | Failed to capture frame from camera
2025-11-30 12:15:22 | INFO     | emotion_calibration | Matched emotion: happy (similarity: 0.95)
2025-11-30 12:15:22 | INFO     | emotion_detector | Personalized match: happy (confidence: 0.95)
2025-11-30 12:15:28 | WARNING  | emotion_detector | Failed to capture frame from camera
2025-11-30 12:15:28 | INFO     | emotion_detector | Detected emotion: neutral (confidence: 1.00)
2025-11-30 12:15:28 | INFO     | emotion_detector | Detected emotion: surprise (confidence: 0.99)
2025-11-30 12:15:35 | INFO     | emotion_calibration | Matched emotion: happy (similarity: 0.95)
2025-11-30 12:15:35 | INFO     | emotion_detector | Personalized match: happy (confidence: 0.95)
2025-11-30 12:15:35 | INFO     | emotion_detector | Detected emotion: surprise (confidence: 0.67)
2025-11-30 12:15:36 | INFO     | emotion_detector | Detected emotion: surprise (confidence: 0.88)
2025-11-30 12:15:41 | INFO     | emotion_calibration | Matched emotion: happy (similarity: 0.90)
2025-11-30 12:15:41 | INFO     | emotion_detector | Personalized match: happy (confidence: 0.90)
2025-11-30 12:15:42 | INFO     | emotion_detector | Detected emotion: sad (confidence: 1.00)
2025-11-30 12:15:43 | INFO     | emotion_detector | Detected emotion: sad (confidence: 1.00)
2025-11-30 12:15:47 | INFO     | emotion_calibration | Matched emotion: sad (similarity: 0.89)
2025-11-30 12:15:47 | INFO     | emotion_detector | Personalized match: sad (confidence: 0.89)
2025-11-30 12:15:50 | INFO     | emotion_detector | Detected emotion: neutral (confidence: 0.97)
2025-11-30 12:15:51 | INFO     | emotion_detector | Detected emotion: neutral (confidence: 0.99)
2025-11-30 12:15:54 | INFO     | emotion_calibration | Matched emotion: sad (similarity: 0.88)
2025-11-30 12:15:54 | INFO     | emotion_detector | Personalized match: sad (confidence: 0.88)
2025-11-30 12:15:58 | INFO     | emotion_detector | Detected emotion: neutral (confidence: 0.77)
2025-11-30 12:15:58 | INFO     | emotion_detector | Detected emotion: neutral (confidence: 0.72)
2025-11-30 12:16:01 | INFO     | emotion_calibration | Matched emotion: sad (similarity: 0.85)
2025-11-30 12:16:01 | INFO     | emotion_detector | Personalized match: sad (confidence: 0.85)
2025-11-30 12:16:02 | INFO     | emotion_detector | Emotion monitor updated for user: 1
2025-11-30 12:16:06 | INFO     | emotion_detector | Detected emotion: sad (confidence: 0.87)
2025-11-30 12:16:07 | INFO     | emotion_detector | Detected emotion: neutral (confidence: 0.87)
2025-11-30 12:16:08 | INFO     | emotion_calibration | Matched emotion: happy (similarity: 0.90)
2025-11-30 12:16:08 | INFO     | emotion_detector | Personalized match: happy (confidence: 0.90)
2025-11-30 12:16:14 | WARNING  | emotion_detector | Failed to capture frame from camera
2025-11-30 12:16:15 | WARNING  | emotion_detector | Failed to capture frame from camera
2025-11-30 12:16:15 | WARNING  | emotion_detector | Failed to capture frame from camera
2025-11-30 12:16:22 | WARNING  | emotion_detector | Failed to capture frame from camera
2025-11-30 12:16:22 | WARNING  | emotion_detector | Failed to capture frame from camera
2025-11-30 12:16:22 | WARNING  | emotion_detector | Failed to capture frame from camera
2025-11-30 12:16:30 | WARNING  | emotion_detector | Failed to capture frame from camera
2025-11-30 12:16:31 | WARNING  | emotion_detector | Failed to capture frame from camera
2025-11-30 12:16:31 | WARNING  | emotion_detector | Failed to capture frame from camera
2025-11-30 12:16:39 | INFO     | emotion_calibration | Matched emotion: happy (similarity: 0.85)
2025-11-30 12:16:39 | INFO     | emotion_detector | Personalized match: happy (confidence: 0.85)
2025-11-30 12:16:40 | WARNING  | emotion_detector | Failed to capture frame from camera
2025-11-30 12:16:40 | INFO     | emotion_detector | Detected emotion: neutral (confidence: 1.00)
2025-11-30 12:16:48 | INFO     | emotion_calibration | Matched emotion: happy (similarity: 0.72)
2025-11-30 12:16:48 | INFO     | emotion_detector | Personalized match: happy (confidence: 0.72)
2025-11-30 12:16:48 | INFO     | emotion_detector | Detected emotion: neutral (confidence: 0.46)
2025-11-30 12:16:49 | INFO     | emotion_detector | Detected emotion: sad (confidence: 0.84)
2025-11-30 12:16:52 | INFO     | voice_tone | Voice tone analysis: neutral (confidence: 0.50)
2025-11-30 12:16:54 | INFO     | ai_core | AI response generated: That's okay! Everyone has different preferences, a...
2025-11-30 12:16:54 | INFO     | tts_output | Generating TTS with voice 'nova' for tone 'happy' (speed: 1.1)
2025-11-30 12:16:56 | INFO     | emotion_calibration | Matched emotion: neutral (similarity: 0.85)
2025-11-30 12:16:56 | INFO     | emotion_detector | Personalized match: neutral (confidence: 0.85)
2025-11-30 12:16:57 | INFO     | emotion_detector | Detected emotion: sad (confidence: 0.88)
2025-11-30 12:16:57 | INFO     | emotion_detector | Bias correction: Switched from fear/sad to neutral (neutral score: 0.45)
2025-11-30 12:16:57 | INFO     | emotion_detector | Detected emotion: neutral (confidence: 0.45)
2025-11-30 12:16:58 | INFO     | tts_output | TTS audio saved: C:\Users\SHIVANSH\Desktop\ROOMie\backend\audio\tmpv3dunjqq.mp3
2025-11-30 12:16:58 | INFO     | app | ROOMie backend ready
2025-11-30 12:17:05 | INFO     | emotion_calibration | Matched emotion: neutral (similarity: 0.80)
2025-11-30 12:17:05 | INFO     | emotion_detector | Personalized match: neutral (confidence: 0.80)
2025-11-30 12:17:05 | INFO     | emotion_detector | Detected emotion: neutral (confidence: 0.76)
2025-11-30 12:17:06 | INFO     | emotion_detector | Detected emotion: neutral (confidence: 0.81)
2025-11-30 12:17:13 | INFO     | emotion_calibration | Matched emotion: neutral (similarity: 0.91)
2025-11-30 12:17:13 | INFO     | emotion_detector | Personalized match: neutral (confidence: 0.91)
2025-11-30 12:17:15 | INFO     | emotion_detector | Detected emotion: neutral (confidence: 0.84)
2025-11-30 12:17:15 | INFO     | emotion_detector | Bias correction: Switched from fear/sad to neutral (neutral score: 0.44)
2025-11-30 12:17:15 | INFO     | emotion_detector | Detected emotion: neutral (confidence: 0.44)
2025-11-30 12:17:15 | INFO     | voice_tone | Voice tone analysis: neutral (confidence: 0.50)
2025-11-30 12:17:17 | INFO     | ai_core | AI response generated: That’s heartwarming to hear! I really appreciate y...
2025-11-30 12:17:17 | INFO     | tts_output | Generating TTS with voice 'nova' for tone 'sad' (speed: 0.85)
2025-11-30 12:17:20 | INFO     | tts_output | TTS audio saved: C:\Users\SHIVANSH\Desktop\ROOMie\backend\audio\tmpt4kinsme.mp3
2025-11-30 12:17:22 | INFO     | emotion_calibration | Matched emotion: neutral (similarity: 0.78)
2025-11-30 12:17:22 | INFO     | emotion_detector | Personalized match: neutral (confidence: 0.78)
2025-11-30 12:17:24 | INFO     | emotion_detector | Detected emotion: neutral (confidence: 0.95)
2025-11-30 12:17:24 | INFO     | emotion_detector | Detected emotion: neutral (confidence: 0.99)
2025-11-30 12:17:29 | INFO     | emotion_calibration | Matched emotion: neutral (similarity: 0.90)
2025-11-30 12:17:29 | INFO     | emotion_detector | Personalized match: neutral (confidence: 0.90)
2025-11-30 12:17:32 | INFO     | emotion_detector | Detected emotion: neutral (confidence: 0.95)
2025-11-30 12:17:33 | INFO     | emotion_detector | Detected emotion: neutral (confidence: 0.83)
2025-11-30 12:17:38 | INFO     | emotion_calibration | Matched emotion: neutral (similarity: 0.92)
2025-11-30 12:17:38 | INFO     | emotion_detector | Personalized match: neutral (confidence: 0.92)
2025-11-30 12:17:41 | INFO     | emotion_detector | Detected emotion: fear (confidence: 0.92)
2025-11-30 12:17:41 | INFO     | emotion_detector | Detected emotion: fear (confidence: 0.95)
2025-11-30 12:17:44 | INFO     | emotion_calibration | Matched emotion: neutral (similarity: 0.85)
2025-11-30 12:17:44 | INFO     | emotion_detector | Personalized match: neutral (confidence: 0.85)
2025-11-30 12:17:47 | INFO     | emotion_detector | Detected emotion: neutral (confidence: 0.64)
2025-11-30 12:17:47 | INFO     | emotion_detector | Detected emotion: neutral (confidence: 0.68)
2025-11-30 12:17:49 | INFO     | emotion_calibration | Matched emotion: neutral (similarity: 0.79)
2025-11-30 12:17:49 | INFO     | emotion_detector | Personalized match: neutral (confidence: 0.79)
2025-11-30 12:17:56 | INFO     | emotion_detector | Detected emotion: sad (confidence: 0.54)
2025-11-30 12:17:56 | INFO     | emotion_detector | Detected emotion: neutral (confidence: 0.50)
2025-11-30 12:17:57 | INFO     | emotion_calibration | Matched emotion: happy (similarity: 0.88)
2025-11-30 12:17:57 | INFO     | emotion_detector | Personalized match: happy (confidence: 0.88)
2025-11-30 12:18:04 | WARNING  | emotion_detector | Failed to capture frame from camera
2025-11-30 12:18:04 | WARNING  | emotion_detector | Failed to capture frame from camera
2025-11-30 12:18:05 | INFO     | emotion_detector | Detected emotion: fear (confidence: 0.97)
2025-11-30 12:18:09 | INFO     | voice_tone | Voice tone analysis: angry (confidence: 0.67)
2025-11-30 12:18:11 | INFO     | ai_core | AI response generated: Yay! What’s up? I’m excited to hear what you want ...
2025-11-30 12:18:11 | INFO     | tts_output | Generating TTS with voice 'nova' for tone 'happy' (speed: 1.1)
2025-11-30 12:18:13 | INFO     | emotion_calibration | Matched emotion: happy (similarity: 0.80)
2025-11-30 12:18:13 | INFO     | emotion_detector | Personalized match: happy (confidence: 0.80)
2025-11-30 12:18:14 | INFO     | emotion_detector | Detected emotion: fear (confidence: 0.99)
2025-11-30 12:18:14 | INFO     | emotion_detector | Detected emotion: fear (confidence: 0.55)
2025-11-30 12:18:14 | INFO     | tts_output | TTS audio saved: C:\Users\SHIVANSH\Desktop\ROOMie\backend\audio\tmp80qm_n5k.mp3
2025-11-30 12:18:23 | INFO     | emotion_calibration | Matched emotion: neutral (similarity: 0.85)
2025-11-30 12:18:23 | INFO     | emotion_detector | Personalized match: neutral (confidence: 0.85)
2025-11-30 12:18:24 | INFO     | emotion_detector | Detected emotion: sad (confidence: 0.91)
2025-11-30 12:18:24 | INFO     | emotion_detector | Detected emotion: neutral (confidence: 0.62)
2025-11-30 12:18:26 | INFO     | voice_tone | Voice tone analysis: neutral (confidence: 0.50)
2025-11-30 12:18:27 | INFO     | ai_core | AI response generated: It sounds like you’re getting engaged with somethi...
2025-11-30 12:18:27 | INFO     | tts_output | Generating TTS with voice 'nova' for tone 'sad' (speed: 0.85)
2025-11-30 12:18:30 | INFO     | tts_output | TTS audio saved: C:\Users\SHIVANSH\Desktop\ROOMie\backend\audio\tmpmugo_r0_.mp3
2025-11-30 12:18:31 | INFO     | emotion_calibration | Matched emotion: happy (similarity: 0.86)
2025-11-30 12:18:31 | INFO     | emotion_detector | Personalized match: happy (confidence: 0.86)
2025-11-30 12:18:33 | INFO     | emotion_detector | Detected emotion: neutral (confidence: 0.90)
2025-11-30 12:18:33 | INFO     | emotion_detector | Detected emotion: neutral (confidence: 0.75)
2025-11-30 12:18:39 | INFO     | emotion_calibration | Matched emotion: neutral (similarity: 0.87)
2025-11-30 12:18:39 | INFO     | emotion_detector | Personalized match: neutral (confidence: 0.87)
2025-11-30 12:18:41 | INFO     | emotion_detector | Detected emotion: sad (confidence: 0.98)
2025-11-30 12:18:41 | INFO     | emotion_detector | Detected emotion: sad (confidence: 0.91)
2025-11-30 12:18:45 | INFO     | emotion_calibration | Matched emotion: neutral (similarity: 0.84)
2025-11-30 12:18:45 | INFO     | emotion_detector | Personalized match: neutral (confidence: 0.84)
2025-11-30 12:18:47 | INFO     | emotion_detector | Detected emotion: sad (confidence: 0.62)
2025-11-30 12:18:48 | INFO     | emotion_detector | Detected emotion: neutral (confidence: 0.68)
2025-11-30 12:18:51 | INFO     | emotion_calibration | Matched emotion: neutral (similarity: 0.85)
2025-11-30 12:18:51 | INFO     | emotion_detector | Personalized match: neutral (confidence: 0.85)
2025-11-30 12:18:54 | INFO     | emotion_detector | Detected emotion: sad (confidence: 0.97)
2025-11-30 12:18:55 | INFO     | emotion_detector | Detected emotion: sad (confidence: 0.99)
2025-11-30 12:18:57 | INFO     | emotion_calibration | Matched emotion: neutral (similarity: 0.87)
2025-11-30 12:18:57 | INFO     | emotion_detector | Personalized match: neutral (confidence: 0.87)
2025-11-30 12:19:02 | INFO     | emotion_detector | Detected emotion: sad (confidence: 0.98)
2025-11-30 12:19:02 | INFO     | emotion_detector | Detected emotion: sad (confidence: 1.00)
2025-11-30 12:19:03 | INFO     | emotion_calibration | Matched emotion: neutral (similarity: 0.88)
2025-11-30 12:19:03 | INFO     | emotion_detector | Personalized match: neutral (confidence: 0.88)
2025-11-30 12:19:09 | WARNING  | emotion_detector | Failed to capture frame from camera
2025-11-30 12:19:10 | INFO     | emotion_detector | Detected emotion: fear (confidence: 1.00)
2025-11-30 12:19:10 | INFO     | emotion_calibration | Matched emotion: happy (similarity: 0.85)
2025-11-30 12:19:10 | INFO     | emotion_detector | Personalized match: happy (confidence: 0.85)
2025-11-30 12:19:16 | WARNING  | emotion_detector | Failed to capture frame from camera
2025-11-30 12:19:17 | INFO     | emotion_detector | Detected emotion: fear (confidence: 1.00)
2025-11-30 12:19:17 | INFO     | emotion_detector | Detected emotion: sad (confidence: 0.68)
2025-11-30 12:19:23 | INFO     | emotion_calibration | Matched emotion: angry (similarity: 0.87)
2025-11-30 12:19:23 | INFO     | emotion_detector | Personalized match: angry (confidence: 0.87)
2025-11-30 12:19:24 | INFO     | emotion_detector | Detected emotion: fear (confidence: 0.96)
2025-11-30 12:19:24 | INFO     | emotion_detector | Detected emotion: fear (confidence: 1.00)
2025-11-30 12:19:29 | INFO     | emotion_calibration | Matched emotion: sad (similarity: 0.84)
2025-11-30 12:19:29 | INFO     | emotion_detector | Personalized match: sad (confidence: 0.84)
2025-11-30 12:19:31 | INFO     | emotion_detector | Detected emotion: sad (confidence: 0.97)
2025-11-30 12:19:31 | INFO     | emotion_detector | Detected emotion: sad (confidence: 0.95)
2025-11-30 12:19:34 | INFO     | emotion_calibration | Matched emotion: happy (similarity: 0.84)
2025-11-30 12:19:34 | INFO     | emotion_detector | Personalized match: happy (confidence: 0.84)
2025-11-30 12:19:38 | INFO     | emotion_detector | Detected emotion: neutral (confidence: 0.99)
2025-11-30 12:19:38 | INFO     | emotion_detector | Detected emotion: fear (confidence: 0.57)
2025-11-30 12:19:41 | INFO     | emotion_calibration | Matched emotion: neutral (similarity: 0.83)
2025-11-30 12:19:41 | INFO     | emotion_detector | Personalized match: neutral (confidence: 0.83)
2025-11-30 12:19:45 | INFO     | emotion_detector | Detected emotion: sad (confidence: 0.83)
2025-11-30 12:19:53 | INFO     | emotion_detector | Detected emotion: neutral (confidence: 0.97)
2025-11-30 12:20:01 | INFO     | emotion_detector | Detected emotion: neutral (confidence: 0.81)
2025-11-30 12:20:08 | INFO     | emotion_detector | Detected emotion: fear (confidence: 0.84)
2025-11-30 12:20:11 | INFO     | emotion_detector | Background emotion monitoring started
2025-11-30 12:20:11 | INFO     | app | Background emotion monitor started
2025-11-30 12:20:11 | INFO     | conversation_memory | Database initialized successfully
2025-11-30 12:20:11 | INFO     | app | Database and audio directory initialized
2025-11-30 12:20:11 | INFO     | app | ROOMie Backend v3.0 starting...
2025-11-30 12:20:11 | INFO     | app | Server: http://127.0.0.1:5000
2025-11-30 12:20:11 | INFO     | app | WebSocket: ws://127.0.0.1:5000
2025-11-30 12:20:11 | INFO     | emotion_detector | Background emotion monitoring started
2025-11-30 12:20:16 | WARNING  | emotion_detector | Failed to capture frame from camera
2025-11-30 12:20:16 | WARNING  | emotion_detector | Failed to capture frame from camera
2025-11-30 12:20:19 | INFO     | emotion_detector | Detected emotion: neutral (confidence: 0.66)
2025-11-30 12:20:23 | INFO     | emotion_detector | Detected emotion: neutral (confidence: 0.96)
2025-11-30 12:20:24 | INFO     | emotion_detector | Detected emotion: sad (confidence: 0.63)
2025-11-30 12:20:25 | INFO     | emotion_detector | Emotion monitor updated for user: 1
2025-11-30 12:20:26 | INFO     | emotion_detector | Detected emotion: neutral (confidence: 0.88)
2025-11-30 12:20:31 | INFO     | emotion_detector | Detected emotion: neutral (confidence: 0.78)
2025-11-30 12:20:33 | INFO     | emotion_detector | Detected emotion: angry (confidence: 0.42)
2025-11-30 12:20:35 | INFO     | emotion_detector | Detected emotion: neutral (confidence: 0.93)
2025-11-30 12:20:41 | INFO     | emotion_detector | Background emotion monitoring stopped
2025-11-30 12:20:41 | INFO     | emotion_detector | Detected emotion: neutral (confidence: 0.64)
2025-11-30 12:20:43 | INFO     | emotion_detector | Detected emotion: neutral (confidence: 0.88)
2025-11-30 12:20:48 | INFO     | emotion_calibration | Matched emotion: sad (similarity: 0.90)
2025-11-30 12:20:48 | INFO     | emotion_detector | Personalized match: sad (confidence: 0.90)
2025-11-30 12:20:49 | INFO     | emotion_detector | Detected emotion: neutral (confidence: 0.83)
2025-11-30 12:20:52 | INFO     | emotion_detector | Detected emotion: neutral (confidence: 0.94)
2025-11-30 12:20:57 | INFO     | emotion_detector | Detected emotion: neutral (confidence: 0.99)
2025-11-30 12:21:00 | INFO     | emotion_detector | Detected emotion: neutral (confidence: 0.98)
2025-11-30 12:21:06 | INFO     | emotion_detector | Detected emotion: neutral (confidence: 0.55)
2025-11-30 12:21:07 | INFO     | emotion_detector | Detected emotion: neutral (confidence: 0.89)
2025-11-30 12:21:12 | INFO     | emotion_detector | Detected emotion: sad (confidence: 0.75)
2025-11-30 12:21:14 | INFO     | emotion_detector | Detected emotion: sad (confidence: 0.91)
2025-11-30 12:21:19 | INFO     | emotion_detector | Detected emotion: neutral (confidence: 0.52)
2025-11-30 12:21:20 | INFO     | emotion_detector | Detected emotion: sad (confidence: 0.97)
2025-11-30 12:21:26 | INFO     | emotion_detector | Detected emotion: fear (confidence: 1.00)
2025-11-30 12:21:27 | INFO     | emotion_detector | Detected emotion: fear (confidence: 0.91)
2025-11-30 12:21:33 | INFO     | emotion_detector | Detected emotion: fear (confidence: 0.98)
2025-11-30 12:21:34 | INFO     | emotion_detector | Detected emotion: fear (confidence: 1.00)
2025-11-30 12:21:40 | INFO     | emotion_detector | Detected emotion: fear (confidence: 0.83)
2025-11-30 12:21:41 | INFO     | emotion_detector | Detected emotion: fear (confidence: 0.80)
2025-11-30 12:21:47 | INFO     | emotion_detector | Detected emotion: fear (confidence: 1.00)
2025-11-30 12:21:47 | INFO     | emotion_detector | Detected emotion: fear (confidence: 0.93)
2025-11-30 12:21:54 | WARNING  | emotion_detector | Failed to capture frame from camera
2025-11-30 12:21:54 | INFO     | emotion_detector | Detected emotion: neutral (confidence: 0.78)
2025-11-30 12:22:00 | WARNING  | emotion_detector | Failed to capture frame from camera
2025-11-30 12:22:00 | INFO     | emotion_detector | Detected emotion: neutral (confidence: 0.53)
2025-11-30 12:22:07 | INFO     | emotion_detector | Detected emotion: sad (confidence: 0.63)
2025-11-30 12:22:07 | INFO     | emotion_detector | Detected emotion: sad (confidence: 0.76)
2025-11-30 12:22:13 | WARNING  | emotion_detector | Failed to capture frame from camera
2025-11-30 12:22:13 | INFO     | emotion_detector | Detected emotion: fear (confidence: 0.52)
2025-11-30 12:22:22 | INFO     | emotion_detector | Detected emotion: sad (confidence: 0.47)
2025-11-30 12:22:23 | INFO     | emotion_detector | Detected emotion: neutral (confidence: 0.63)
2025-11-30 12:22:31 | INFO     | emotion_detector | Detected emotion: sad (confidence: 0.84)
2025-11-30 12:22:31 | INFO     | emotion_detector | Detected emotion: neutral (confidence: 0.99)
2025-11-30 12:22:40 | WARNING  | emotion_detector | Failed to capture frame from camera
2025-11-30 12:22:40 | INFO     | emotion_detector | Detected emotion: neutral (confidence: 0.94)
2025-11-30 12:22:46 | INFO     | emotion_detector | Detected emotion: neutral (confidence: 0.94)
2025-11-30 12:22:47 | INFO     | emotion_detector | Detected emotion: neutral (confidence: 0.97)
2025-11-30 12:22:52 | INFO     | emotion_detector | Detected emotion: neutral (confidence: 0.99)
2025-11-30 12:22:53 | INFO     | emotion_detector | Detected emotion: neutral (confidence: 0.94)
2025-11-30 12:22:59 | INFO     | emotion_detector | Background emotion monitoring started
2025-11-30 12:23:00 | INFO     | emotion_detector | Detected emotion: neutral (confidence: 0.91)
2025-11-30 12:23:00 | INFO     | emotion_detector | Detected emotion: neutral (confidence: 0.75)
2025-11-30 12:23:03 | INFO     | emotion_detector | Detected emotion: sad (confidence: 0.82)
2025-11-30 12:23:09 | INFO     | emotion_detector | Detected emotion: neutral (confidence: 0.38)
2025-11-30 12:23:10 | INFO     | emotion_detector | Detected emotion: neutral (confidence: 0.75)
2025-11-30 12:23:12 | INFO     | emotion_detector | Detected emotion: sad (confidence: 0.63)
2025-11-30 12:23:15 | INFO     | emotion_detector | Emotion monitor updated for user: 1
2025-11-30 12:23:18 | INFO     | emotion_detector | Detected emotion: neutral (confidence: 0.59)
2025-11-30 12:23:20 | INFO     | emotion_detector | Detected emotion: neutral (confidence: 0.99)
2025-11-30 12:23:22 | INFO     | emotion_detector | Bias correction: Switched from fear/sad to neutral (neutral score: 0.47)
2025-11-30 12:23:22 | INFO     | emotion_detector | Detected emotion: neutral (confidence: 0.47)
2025-11-30 12:23:22 | INFO     | emotion_detector | Background emotion monitoring stopped
2025-11-30 12:23:27 | INFO     | emotion_detector | Detected emotion: neutral (confidence: 0.63)
2025-11-30 12:23:28 | INFO     | emotion_detector | Detected emotion: neutral (confidence: 0.84)
2025-11-30 12:23:33 | INFO     | emotion_detector | Bias correction: Switched from fear/sad to neutral (neutral score: 0.43)
2025-11-30 12:23:33 | INFO     | emotion_detector | Detected emotion: neutral (confidence: 0.43)
2025-11-30 12:23:34 | INFO     | emotion_detector | Detected emotion: neutral (confidence: 0.61)
2025-11-30 12:23:39 | WARNING  | emotion_detector | Failed to capture frame from camera
2025-11-30 12:23:40 | INFO     | emotion_detector | Detected emotion: neutral (confidence: 0.53)
2025-11-30 12:23:48 | INFO     | emotion_detector | Detected emotion: neutral (confidence: 0.80)
2025-11-30 12:23:49 | INFO     | emotion_detector | Detected emotion: neutral (confidence: 0.89)
2025-11-30 12:23:57 | WARNING  | emotion_detector | Failed to capture frame from camera
2025-11-30 12:23:58 | INFO     | emotion_detector | Detected emotion: sad (confidence: 0.79)
2025-11-30 12:24:06 | INFO     | emotion_detector | Bias correction: Switched from fear/sad to neutral (neutral score: 0.44)
2025-11-30 12:24:06 | INFO     | emotion_detector | Detected emotion: neutral (confidence: 0.44)
2025-11-30 12:24:06 | INFO     | emotion_detector | Detected emotion: neutral (confidence: 0.66)
2025-11-30 12:24:08 | INFO     | voice_tone | Voice tone analysis: angry (confidence: 0.67)
2025-11-30 12:24:10 | INFO     | ai_core | AI response generated: Hey there! How’s it going?...
2025-11-30 12:24:10 | INFO     | tts_output | Generating TTS with voice 'nova' for tone 'neutral' (speed: 1.0)
2025-11-30 12:24:12 | INFO     | tts_output | TTS audio saved: C:\Users\SHIVANSH\Desktop\ROOMie\backend\audio\tmptnrfkumz.mp3
2025-11-30 12:24:12 | INFO     | app | ROOMie backend ready
2025-11-30 12:24:15 | WARNING  | emotion_detector | Failed to capture frame from camera
2025-11-30 12:24:15 | INFO     | emotion_detector | Detected emotion: neutral (confidence: 0.70)
2025-11-30 12:24:22 | INFO     | emotion_detector | Background emotion monitoring started
2025-11-30 12:24:22 | INFO     | emotion_detector | Emotion monitor updated for user: 1
2025-11-30 12:24:24 | INFO     | emotion_detector | Detected emotion: neutral (confidence: 0.83)
2025-11-30 12:24:25 | INFO     | emotion_detector | Detected emotion: fear (confidence: 0.81)
2025-11-30 12:24:29 | INFO     | emotion_detector | Detected emotion: neutral (confidence: 0.98)
2025-11-30 12:24:33 | INFO     | emotion_detector | Detected emotion: neutral (confidence: 0.95)
2025-11-30 12:24:34 | INFO     | emotion_detector | Detected emotion: neutral (confidence: 0.98)
2025-11-30 12:24:35 | INFO     | emotion_calibration | Matched emotion: neutral (similarity: 0.86)
2025-11-30 12:24:35 | INFO     | emotion_detector | Personalized match: neutral (confidence: 0.86)
2025-11-30 12:24:40 | INFO     | emotion_detector | Detected emotion: neutral (confidence: 0.95)
2025-11-30 12:24:40 | INFO     | emotion_detector | Detected emotion: neutral (confidence: 0.93)
2025-11-30 12:24:41 | INFO     | emotion_calibration | Matched emotion: happy (similarity: 0.81)
2025-11-30 12:24:41 | INFO     | emotion_detector | Personalized match: happy (confidence: 0.81)
2025-11-30 12:24:46 | WARNING  | emotion_detector | Failed to capture frame from camera
2025-11-30 12:24:46 | WARNING  | emotion_detector | Failed to capture frame from camera
2025-11-30 12:24:47 | INFO     | emotion_detector | Detected emotion: neutral (confidence: 0.90)
2025-11-30 12:24:54 | INFO     | emotion_calibration | Matched emotion: happy (similarity: 0.77)
2025-11-30 12:24:54 | INFO     | emotion_detector | Personalized match: happy (confidence: 0.77)
2025-11-30 12:24:54 | INFO     | emotion_detector | Detected emotion: fear (confidence: 0.61)
2025-11-30 12:24:55 | INFO     | emotion_detector | Detected emotion: neutral (confidence: 0.98)
2025-11-30 12:25:03 | INFO     | emotion_calibration | Matched emotion: sad (similarity: 0.80)
2025-11-30 12:25:03 | INFO     | emotion_detector | Personalized match: sad (confidence: 0.80)
2025-11-30 12:25:05 | INFO     | emotion_detector | Detected emotion: neutral (confidence: 0.97)
2025-11-30 12:25:05 | INFO     | emotion_detector | Detected emotion: neutral (confidence: 1.00)
2025-11-30 12:25:08 | INFO     | emotion_calibration | Matched emotion: angry (similarity: 0.89)
2025-11-30 12:25:08 | INFO     | emotion_detector | Personalized match: angry (confidence: 0.89)
2025-11-30 12:25:10 | WARNING  | emotion_detector | Failed to capture frame from camera
2025-11-30 12:25:11 | INFO     | emotion_detector | Detected emotion: neutral (confidence: 0.97)
2025-11-30 12:25:15 | INFO     | emotion_calibration | Matched emotion: sad (similarity: 0.78)
2025-11-30 12:25:15 | INFO     | emotion_detector | Personalized match: sad (confidence: 0.78)
2025-11-30 12:25:20 | WARNING  | emotion_detector | Failed to capture frame from camera
2025-11-30 12:25:21 | INFO     | emotion_detector | Detected emotion: neutral (confidence: 0.89)
2025-11-30 12:25:25 | INFO     | emotion_calibration | Matched emotion: happy (similarity: 0.86)
2025-11-30 12:25:25 | INFO     | emotion_detector | Personalized match: happy (confidence: 0.86)
2025-11-30 12:25:30 | INFO     | emotion_detector | Detected emotion: neutral (confidence: 0.98)
2025-11-30 12:25:31 | INFO     | emotion_detector | Detected emotion: neutral (confidence: 0.96)
2025-11-30 12:25:35 | INFO     | emotion_calibration | Matched emotion: happy (similarity: 0.84)
2025-11-30 12:25:35 | INFO     | emotion_detector | Personalized match: happy (confidence: 0.84)
2025-11-30 12:25:39 | WARNING  | emotion_detector | Failed to capture frame from camera
2025-11-30 12:25:39 | INFO     | emotion_detector | Detected emotion: neutral (confidence: 0.92)
2025-11-30 12:25:41 | INFO     | emotion_calibration | Matched emotion: neutral (similarity: 0.82)
2025-11-30 12:25:41 | INFO     | emotion_detector | Personalized match: neutral (confidence: 0.82)
2025-11-30 12:25:47 | INFO     | emotion_detector | Detected emotion: neutral (confidence: 0.82)
2025-11-30 12:25:48 | INFO     | emotion_detector | Detected emotion: sad (confidence: 0.73)
2025-11-30 12:25:50 | INFO     | emotion_calibration | Matched emotion: happy (similarity: 0.73)
2025-11-30 12:25:50 | INFO     | emotion_detector | Personalized match: happy (confidence: 0.73)
2025-11-30 12:25:58 | INFO     | emotion_detector | Detected emotion: neutral (confidence: 0.70)
2025-11-30 12:25:59 | INFO     | voice_tone | Voice tone analysis: neutral (confidence: 0.50)
2025-11-30 12:25:59 | INFO     | emotion_detector | Detected emotion: neutral (confidence: 0.96)
2025-11-30 12:26:00 | INFO     | emotion_calibration | Matched emotion: neutral (similarity: 0.78)
2025-11-30 12:26:00 | INFO     | emotion_detector | Personalized match: neutral (confidence: 0.78)
2025-11-30 12:26:00 | INFO     | ai_core | AI response generated: Emotions can definitely be a rollercoaster sometim...
2025-11-30 12:26:00 | INFO     | tts_output | Generating TTS with voice 'nova' for tone 'happy' (speed: 1.1)
2025-11-30 12:26:03 | INFO     | tts_output | TTS audio saved: C:\Users\SHIVANSH\Desktop\ROOMie\backend\audio\tmpnrcsvlkc.mp3
2025-11-30 12:26:08 | INFO     | emotion_detector | Detected emotion: happy (confidence: 0.93)
2025-11-30 12:26:09 | INFO     | emotion_detector | Detected emotion: angry (confidence: 0.65)
2025-11-30 12:26:10 | INFO     | emotion_calibration | Matched emotion: happy (similarity: 0.82)
2025-11-30 12:26:10 | INFO     | emotion_detector | Personalized match: happy (confidence: 0.82)
2025-11-30 12:26:13 | INFO     | voice_tone | Voice tone analysis: neutral (confidence: 0.50)
2025-11-30 12:26:14 | INFO     | ai_core | AI response generated: Great! What would you like to talk about? I'm all ...
2025-11-30 12:26:14 | INFO     | tts_output | Generating TTS with voice 'nova' for tone 'happy' (speed: 1.1)
2025-11-30 12:26:17 | INFO     | tts_output | TTS audio saved: C:\Users\SHIVANSH\Desktop\ROOMie\backend\audio\tmp8i04b722.mp3
2025-11-30 12:26:19 | INFO     | emotion_detector | Detected emotion: sad (confidence: 0.99)
2025-11-30 12:26:20 | INFO     | emotion_detector | Bias correction: Switched from fear/sad to neutral (neutral score: 0.39)
2025-11-30 12:26:20 | INFO     | emotion_detector | Detected emotion: neutral (confidence: 0.39)
2025-11-30 12:26:21 | INFO     | emotion_calibration | Matched emotion: happy (similarity: 0.87)
2025-11-30 12:26:21 | INFO     | emotion_detector | Personalized match: happy (confidence: 0.87)
2025-11-30 12:26:25 | INFO     | voice_tone | Voice tone analysis: neutral (confidence: 0.50)
2025-11-30 12:26:27 | INFO     | ai_core | AI response generated: Sure! Are you looking for subtitles for a video, o...
2025-11-30 12:26:27 | INFO     | tts_output | Generating TTS with voice 'nova' for tone 'happy' (speed: 1.1)
2025-11-30 12:26:30 | INFO     | emotion_detector | Detected emotion: happy (confidence: 0.75)
2025-11-30 12:26:31 | WARNING  | emotion_detector | Failed to capture frame from camera
2025-11-30 12:26:31 | INFO     | tts_output | TTS audio saved: C:\Users\SHIVANSH\Desktop\ROOMie\backend\audio\tmptyhsgbg9.mp3
2025-11-30 12:26:33 | INFO     | emotion_calibration | Matched emotion: neutral (similarity: 0.90)
2025-11-30 12:26:33 | INFO     | emotion_detector | Personalized match: neutral (confidence: 0.90)
2025-11-30 12:26:41 | INFO     | emotion_detector | Detected emotion: neutral (confidence: 1.00)
2025-11-30 12:26:42 | INFO     | emotion_detector | Detected emotion: neutral (confidence: 1.00)
2025-11-30 12:26:43 | INFO     | emotion_calibration | Matched emotion: neutral (similarity: 0.80)
2025-11-30 12:26:43 | INFO     | emotion_detector | Personalized match: neutral (confidence: 0.80)
2025-11-30 12:26:47 | INFO     | voice_tone | Voice tone analysis: neutral (confidence: 0.50)
2025-11-30 12:26:49 | INFO     | ai_core | AI response generated: That sounds delicious! Do you have a specific reci...
2025-11-30 12:26:50 | INFO     | tts_output | Generating TTS with voice 'nova' for tone 'neutral' (speed: 1.0)
2025-11-30 12:26:52 | INFO     | emotion_detector | Detected emotion: neutral (confidence: 0.92)
2025-11-30 12:26:52 | WARNING  | emotion_detector | Failed to capture frame from camera
2025-11-30 12:26:53 | INFO     | tts_output | TTS audio saved: C:\Users\SHIVANSH\Desktop\ROOMie\backend\audio\tmpnxyvovro.mp3
2025-11-30 12:26:54 | INFO     | emotion_calibration | Matched emotion: sad (similarity: 0.84)
2025-11-30 12:26:54 | INFO     | emotion_detector | Personalized match: sad (confidence: 0.84)
2025-11-30 12:27:03 | WARNING  | emotion_detector | Failed to capture frame from camera
2025-11-30 12:27:03 | INFO     | emotion_detector | Detected emotion: fear (confidence: 0.85)
2025-11-30 12:27:05 | INFO     | emotion_calibration | Matched emotion: neutral (similarity: 0.87)
2025-11-30 12:27:05 | INFO     | emotion_detector | Personalized match: neutral (confidence: 0.87)
2025-11-30 12:27:05 | INFO     | voice_tone | Voice tone analysis: angry (confidence: 0.67)
2025-11-30 12:27:07 | INFO     | ai_core | AI response generated: Awesome! What kind of sabji are you planning to ma...
2025-11-30 12:27:07 | INFO     | tts_output | Generating TTS with voice 'nova' for tone 'neutral' (speed: 1.0)
2025-11-30 12:27:11 | INFO     | tts_output | TTS audio saved: C:\Users\SHIVANSH\Desktop\ROOMie\backend\audio\tmp7whvwjlv.mp3
2025-11-30 12:27:15 | WARNING  | emotion_detector | Failed to capture frame from camera
2025-11-30 12:27:15 | INFO     | emotion_detector | Detected emotion: neutral (confidence: 0.74)
2025-11-30 12:27:16 | INFO     | emotion_calibration | Matched emotion: neutral (similarity: 0.94)
2025-11-30 12:27:16 | INFO     | emotion_detector | Personalized match: neutral (confidence: 0.94)
2025-11-30 12:27:25 | WARNING  | emotion_detector | Failed to capture frame from camera
2025-11-30 12:27:25 | INFO     | emotion_detector | Detected emotion: neutral (confidence: 0.99)
2025-11-30 12:27:26 | INFO     | emotion_calibration | Matched emotion: happy (similarity: 0.85)
2025-11-30 12:27:26 | INFO     | emotion_detector | Personalized match: happy (confidence: 0.85)
2025-11-30 12:27:27 | INFO     | voice_tone | Voice tone analysis: neutral (confidence: 0.50)
2025-11-30 12:27:31 | INFO     | ai_core | AI response generated: Yum, tomato sabji sounds delightful! Here’s a simp...
2025-11-30 12:27:31 | INFO     | tts_output | Generating TTS with voice 'nova' for tone 'happy' (speed: 1.1)
2025-11-30 12:27:37 | WARNING  | emotion_detector | Failed to capture frame from camera
2025-11-30 12:27:37 | WARNING  | emotion_detector | Failed to capture frame from camera
2025-11-30 12:27:37 | INFO     | tts_output | TTS audio saved: C:\Users\SHIVANSH\Desktop\ROOMie\backend\audio\tmpv5k8a0ze.mp3
2025-11-30 12:27:37 | INFO     | voice_tone | Voice tone analysis: neutral (confidence: 0.50)
2025-11-30 12:27:38 | INFO     | emotion_calibration | Matched emotion: neutral (similarity: 0.71)
2025-11-30 12:27:38 | INFO     | emotion_detector | Personalized match: neutral (confidence: 0.71)
2025-11-30 12:27:38 | INFO     | ai_core | AI response generated: It looks like I got a bit carried away with the re...
2025-11-30 12:27:39 | INFO     | tts_output | Generating TTS with voice 'nova' for tone 'happy' (speed: 1.1)
2025-11-30 12:27:41 | INFO     | tts_output | TTS audio saved: C:\Users\SHIVANSH\Desktop\ROOMie\backend\audio\tmpa7jkwzn0.mp3
2025-11-30 12:27:46 | WARNING  | emotion_detector | Failed to capture frame from camera
2025-11-30 12:27:46 | WARNING  | emotion_detector | Failed to capture frame from camera
2025-11-30 12:27:47 | INFO     | emotion_calibration | Matched emotion: neutral (similarity: 0.85)
2025-11-30 12:27:47 | INFO     | emotion_detector | Personalized match: neutral (confidence: 0.85)
2025-11-30 12:27:50 | INFO     | voice_tone | Voice tone analysis: neutral (confidence: 0.50)
2025-11-30 12:27:55 | INFO     | ai_core | AI response generated: Got it! Here's the final, simplified recipe for to...
2025-11-30 12:27:55 | INFO     | tts_output | Generating TTS with voice 'nova' for tone 'neutral' (speed: 1.0)
2025-11-30 12:27:58 | WARNING  | emotion_detector | Failed to capture frame from camera
2025-11-30 12:27:58 | INFO     | emotion_detector | Detected emotion: neutral (confidence: 0.89)
2025-11-30 12:27:59 | INFO     | emotion_detector | Detected emotion: neutral (confidence: 0.99)
2025-11-30 12:28:00 | INFO     | tts_output | TTS audio saved: C:\Users\SHIVANSH\Desktop\ROOMie\backend\audio\tmpvsxawbxq.mp3
2025-11-30 12:28:07 | INFO     | emotion_calibration | Matched emotion: neutral (similarity: 0.81)
2025-11-30 12:28:07 | INFO     | emotion_detector | Personalized match: neutral (confidence: 0.81)
2025-11-30 12:28:08 | INFO     | emotion_detector | Detected emotion: neutral (confidence: 0.99)
2025-11-30 12:28:09 | INFO     | emotion_detector | Detected emotion: neutral (confidence: 1.00)
2025-11-30 12:28:17 | INFO     | emotion_calibration | Matched emotion: neutral (similarity: 0.71)
2025-11-30 12:28:17 | INFO     | emotion_detector | Personalized match: neutral (confidence: 0.71)
2025-11-30 12:28:18 | INFO     | emotion_detector | Detected emotion: sad (confidence: 0.98)
2025-11-30 12:28:19 | INFO     | emotion_detector | Detected emotion: neutral (confidence: 0.98)
2025-11-30 12:28:24 | WARNING  | emotion_detector | Failed to capture frame from camera
2025-11-30 12:28:27 | WARNING  | emotion_detector | Failed to capture frame from camera
2025-11-30 12:28:27 | WARNING  | emotion_detector | Failed to capture frame from camera
2025-11-30 12:28:30 | WARNING  | emotion_detector | Failed to capture frame from camera
2025-11-30 12:28:36 | WARNING  | emotion_detector | Failed to capture frame from camera
2025-11-30 12:28:36 | WARNING  | emotion_detector | Failed to capture frame from camera
2025-11-30 12:28:38 | WARNING  | emotion_detector | Failed to capture frame from camera
2025-11-30 12:28:45 | WARNING  | emotion_detector | Failed to capture frame from camera
2025-11-30 12:28:46 | WARNING  | emotion_detector | Failed to capture frame from camera
2025-11-30 12:28:46 | INFO     | emotion_calibration | Saved calibration sample for user 1, emotion: happy
2025-11-30 12:28:46 | WARNING  | emotion_detector | Failed to capture frame from camera
2025-11-30 12:28:50 | INFO     | emotion_calibration | Saved calibration sample for user 1, emotion: happy
2025-11-30 12:28:55 | WARNING  | emotion_detector | Failed to capture frame from camera
2025-11-30 12:28:55 | WARNING  | emotion_detector | Failed to capture frame from camera
2025-11-30 12:28:55 | WARNING  | emotion_detector | Failed to capture frame from camera
2025-11-30 12:28:56 | INFO     | emotion_calibration | Saved calibration sample for user 1, emotion: happy
2025-11-30 12:29:00 | INFO     | emotion_calibration | Saved calibration sample for user 1, emotion: neutral
2025-11-30 12:29:04 | WARNING  | emotion_detector | Failed to capture frame from camera
2025-11-30 12:29:04 | INFO     | emotion_calibration | Saved calibration sample for user 1, emotion: neutral
2025-11-30 12:29:05 | WARNING  | emotion_detector | Failed to capture frame from camera
2025-11-30 12:29:05 | WARNING  | emotion_detector | Failed to capture frame from camera
2025-11-30 12:29:11 | WARNING  | emotion_detector | Failed to capture frame from camera
2025-11-30 12:29:14 | WARNING  | emotion_detector | Failed to capture frame from camera
2025-11-30 12:29:14 | WARNING  | emotion_detector | Failed to capture frame from camera
2025-11-30 12:29:18 | WARNING  | emotion_detector | Failed to capture frame from camera
2025-11-30 12:29:22 | WARNING  | emotion_detector | Failed to capture frame from camera
2025-11-30 12:29:23 | WARNING  | emotion_detector | Failed to capture frame from camera
2025-11-30 12:29:24 | INFO     | emotion_calibration | Saved calibration sample for user 1, emotion: neutral
2025-11-30 12:29:25 | WARNING  | emotion_detector | Failed to capture frame from camera
2025-11-30 12:29:29 | INFO     | emotion_calibration | Saved calibration sample for user 1, emotion: sad
2025-11-30 12:29:31 | WARNING  | emotion_detector | Failed to capture frame from camera
2025-11-30 12:29:32 | WARNING  | emotion_detector | Failed to capture frame from camera
2025-11-30 12:29:33 | WARNING  | emotion_detector | Failed to capture frame from camera
2025-11-30 12:29:41 | WARNING  | emotion_detector | Failed to capture frame from camera
2025-11-30 12:29:42 | WARNING  | emotion_detector | Failed to capture frame from camera
2025-11-30 12:29:42 | WARNING  | emotion_detector | Failed to capture frame from camera
2025-11-30 12:29:42 | INFO     | emotion_calibration | Saved calibration sample for user 1, emotion: sad
2025-11-30 12:29:47 | INFO     | emotion_calibration | Saved calibration sample for user 1, emotion: sad
2025-11-30 12:29:51 | WARNING  | emotion_detector | Failed to capture frame from camera
2025-11-30 12:29:51 | WARNING  | emotion_detector | Failed to capture frame from camera
2025-11-30 12:29:51 | INFO     | emotion_calibration | Saved calibration sample for user 1, emotion: angry
2025-11-30 12:29:52 | WARNING  | emotion_detector | Failed to capture frame from camera
2025-11-30 12:29:57 | INFO     | emotion_calibration | Saved calibration sample for user 1, emotion: angry
2025-11-30 12:30:00 | WARNING  | emotion_detector | Failed to capture frame from camera
2025-11-30 12:30:01 | WARNING  | emotion_detector | Failed to capture frame from camera
2025-11-30 12:30:02 | INFO     | emotion_calibration | Saved calibration sample for user 1, emotion: angry
2025-11-30 12:30:02 | WARNING  | emotion_detector | Failed to capture frame from camera
2025-11-30 12:30:07 | WARNING  | emotion_detector | Failed to capture frame from camera
2025-11-30 12:30:08 | INFO     | emotion_calibration | Saved calibration sample for user 1, emotion: surprised
2025-11-30 12:30:11 | WARNING  | emotion_detector | Failed to capture frame from camera
2025-11-30 12:30:12 | WARNING  | emotion_detector | Failed to capture frame from camera
2025-11-30 12:30:15 | WARNING  | emotion_detector | Failed to capture frame from camera
2025-11-30 12:30:21 | WARNING  | emotion_detector | Failed to capture frame from camera
2025-11-30 12:30:22 | WARNING  | emotion_detector | Failed to capture frame from camera
2025-11-30 12:30:24 | WARNING  | emotion_detector | Failed to capture frame from camera
2025-11-30 12:30:24 | INFO     | emotion_calibration | Saved calibration sample for user 1, emotion: surprised
2025-11-30 12:30:28 | INFO     | emotion_calibration | Saved calibration sample for user 1, emotion: surprised
2025-11-30 12:30:31 | WARNING  | emotion_detector | Failed to capture frame from camera
2025-11-30 12:30:33 | INFO     | emotion_detector | Bias correction: Switched from fear/sad to neutral (neutral score: 0.43)
2025-11-30 12:30:33 | INFO     | emotion_detector | Detected emotion: neutral (confidence: 0.43)
2025-11-30 12:30:35 | INFO     | emotion_calibration | Matched emotion: neutral (similarity: 0.80)
2025-11-30 12:30:35 | INFO     | emotion_detector | Personalized match: neutral (confidence: 0.80)
2025-11-30 12:30:41 | INFO     | emotion_detector | Detected emotion: happy (confidence: 1.00)
2025-11-30 12:30:41 | INFO     | emotion_detector | Detected emotion: neutral (confidence: 0.86)
2025-11-30 12:30:42 | INFO     | emotion_calibration | Matched emotion: angry (similarity: 0.68)
2025-11-30 12:30:42 | INFO     | emotion_detector | Personalized match: angry (confidence: 0.68)
2025-11-30 12:30:47 | INFO     | emotion_detector | Detected emotion: sad (confidence: 0.77)
2025-11-30 12:30:48 | INFO     | emotion_calibration | Matched emotion: sad (similarity: 0.90)
2025-11-30 12:30:48 | INFO     | emotion_detector | Personalized match: sad (confidence: 0.90)
2025-11-30 12:30:48 | INFO     | emotion_detector | Detected emotion: fear (confidence: 1.00)
2025-11-30 12:30:53 | WARNING  | emotion_detector | Failed to capture frame from camera
2025-11-30 12:30:54 | INFO     | emotion_detector | Detected emotion: sad (confidence: 0.90)
2025-11-30 12:30:55 | INFO     | emotion_detector | Detected emotion: neutral (confidence: 0.51)
2025-11-30 12:30:59 | INFO     | emotion_calibration | Matched emotion: sad (similarity: 0.90)
2025-11-30 12:30:59 | INFO     | emotion_detector | Personalized match: sad (confidence: 0.90)
2025-11-30 12:31:00 | INFO     | emotion_detector | Detected emotion: sad (confidence: 0.72)
2025-11-30 12:31:00 | INFO     | emotion_detector | Detected emotion: sad (confidence: 0.55)
2025-11-30 12:31:04 | INFO     | emotion_calibration | Matched emotion: happy (similarity: 0.63)
2025-11-30 12:31:04 | INFO     | emotion_detector | Personalized match: happy (confidence: 0.63)
2025-11-30 12:31:06 | INFO     | emotion_detector | Detected emotion: sad (confidence: 0.84)
2025-11-30 12:31:06 | INFO     | emotion_detector | Detected emotion: sad (confidence: 0.88)
2025-11-30 12:31:09 | INFO     | emotion_calibration | Matched emotion: sad (similarity: 0.62)
2025-11-30 12:31:09 | INFO     | emotion_detector | Personalized match: sad (confidence: 0.62)
2025-11-30 12:31:12 | INFO     | emotion_detector | Detected emotion: sad (confidence: 0.91)
2025-11-30 12:31:12 | INFO     | emotion_detector | Detected emotion: sad (confidence: 0.79)
2025-11-30 12:31:14 | INFO     | emotion_calibration | Matched emotion: happy (similarity: 0.69)
2025-11-30 12:31:14 | INFO     | emotion_detector | Personalized match: happy (confidence: 0.69)
2025-11-30 12:31:18 | INFO     | emotion_detector | Detected emotion: sad (confidence: 0.96)
2025-11-30 12:31:18 | INFO     | emotion_detector | Detected emotion: neutral (confidence: 0.96)
2025-11-30 12:31:20 | INFO     | emotion_calibration | Matched emotion: sad (similarity: 0.85)
2025-11-30 12:31:20 | INFO     | emotion_detector | Personalized match: sad (confidence: 0.85)
2025-11-30 12:31:25 | WARNING  | emotion_detector | Failed to capture frame from camera
2025-11-30 12:31:25 | INFO     | emotion_detector | Detected emotion: sad (confidence: 1.00)
2025-11-30 12:31:25 | INFO     | emotion_detector | Detected emotion: neutral (confidence: 0.53)
2025-11-30 12:31:34 | INFO     | emotion_calibration | Matched emotion: neutral (similarity: 0.74)
2025-11-30 12:31:34 | INFO     | emotion_detector | Personalized match: neutral (confidence: 0.74)
2025-11-30 12:31:36 | INFO     | emotion_detector | Bias correction: Switched from fear/sad to neutral (neutral score: 0.43)
2025-11-30 12:31:36 | INFO     | emotion_detector | Detected emotion: neutral (confidence: 0.43)
2025-11-30 12:31:37 | INFO     | emotion_detector | Detected emotion: sad (confidence: 0.57)
2025-11-30 12:31:43 | INFO     | emotion_calibration | Matched emotion: sad (similarity: 0.83)
2025-11-30 12:31:43 | INFO     | emotion_detector | Personalized match: sad (confidence: 0.83)
2025-11-30 12:31:45 | INFO     | emotion_detector | Detected emotion: sad (confidence: 0.79)
2025-11-30 12:31:46 | INFO     | emotion_detector | Bias correction: Switched from fear/sad to neutral (neutral score: 0.42)
2025-11-30 12:31:46 | INFO     | emotion_detector | Detected emotion: neutral (confidence: 0.42)
2025-11-30 12:31:51 | INFO     | emotion_calibration | Matched emotion: angry (similarity: 0.84)
2025-11-30 12:31:51 | INFO     | emotion_detector | Personalized match: angry (confidence: 0.84)
2025-11-30 12:31:54 | INFO     | emotion_detector | Detected emotion: angry (confidence: 0.54)
2025-11-30 12:31:55 | INFO     | emotion_detector | Detected emotion: angry (confidence: 0.76)
2025-11-30 12:32:00 | INFO     | emotion_calibration | Matched emotion: angry (similarity: 0.80)
2025-11-30 12:32:00 | INFO     | emotion_detector | Personalized match: angry (confidence: 0.80)
2025-11-30 12:32:03 | INFO     | emotion_detector | Detected emotion: sad (confidence: 0.88)
2025-11-30 12:32:03 | INFO     | emotion_detector | Detected emotion: neutral (confidence: 0.93)
2025-11-30 12:32:06 | INFO     | emotion_calibration | Matched emotion: angry (similarity: 0.76)
2025-11-30 12:32:06 | INFO     | emotion_detector | Personalized match: angry (confidence: 0.76)
2025-11-30 12:32:09 | INFO     | emotion_detector | Detected emotion: neutral (confidence: 0.99)
2025-11-30 12:32:09 | INFO     | emotion_detector | Detected emotion: fear (confidence: 1.00)
2025-11-30 12:32:11 | INFO     | emotion_calibration | Matched emotion: neutral (similarity: 0.98)
2025-11-30 12:32:11 | INFO     | emotion_detector | Personalized match: neutral (confidence: 0.98)
2025-11-30 12:32:15 | WARNING  | emotion_detector | Failed to capture frame from camera
2025-11-30 12:32:15 | INFO     | emotion_detector | Detected emotion: neutral (confidence: 0.70)
2025-11-30 12:32:17 | INFO     | emotion_calibration | Matched emotion: neutral (similarity: 0.90)
2025-11-30 12:32:17 | INFO     | emotion_detector | Personalized match: neutral (confidence: 0.90)
2025-11-30 12:32:22 | INFO     | emotion_detector | Detected emotion: neutral (confidence: 0.56)
2025-11-30 12:32:23 | INFO     | emotion_detector | Detected emotion: fear (confidence: 0.98)
2025-11-30 12:32:23 | INFO     | emotion_calibration | Matched emotion: neutral (similarity: 0.89)
2025-11-30 12:32:23 | INFO     | emotion_detector | Personalized match: neutral (confidence: 0.89)
2025-11-30 12:32:28 | WARNING  | emotion_detector | Failed to capture frame from camera
2025-11-30 12:32:29 | INFO     | emotion_detector | Detected emotion: fear (confidence: 0.99)
2025-11-30 12:32:29 | INFO     | emotion_detector | Detected emotion: fear (confidence: 0.67)
2025-11-30 12:32:34 | INFO     | emotion_calibration | Matched emotion: neutral (similarity: 0.88)
2025-11-30 12:32:34 | INFO     | emotion_detector | Personalized match: neutral (confidence: 0.88)
2025-11-30 12:32:35 | INFO     | emotion_detector | Detected emotion: fear (confidence: 0.83)
2025-11-30 12:32:36 | INFO     | emotion_detector | Detected emotion: surprise (confidence: 0.88)
2025-11-30 12:32:39 | INFO     | emotion_calibration | Matched emotion: neutral (similarity: 0.82)
2025-11-30 12:32:39 | INFO     | emotion_detector | Personalized match: neutral (confidence: 0.82)
2025-11-30 12:32:41 | INFO     | emotion_detector | Detected emotion: sad (confidence: 0.58)
2025-11-30 12:32:42 | INFO     | emotion_detector | Detected emotion: fear (confidence: 0.92)
2025-11-30 12:32:44 | INFO     | emotion_calibration | Matched emotion: neutral (similarity: 0.91)
2025-11-30 12:32:44 | INFO     | emotion_detector | Personalized match: neutral (confidence: 0.91)
2025-11-30 12:32:47 | INFO     | emotion_detector | Detected emotion: neutral (confidence: 0.80)
2025-11-30 12:32:48 | INFO     | emotion_detector | Detected emotion: neutral (confidence: 0.36)
2025-11-30 12:32:49 | INFO     | emotion_calibration | Matched emotion: neutral (similarity: 0.84)
2025-11-30 12:32:49 | INFO     | emotion_detector | Personalized match: neutral (confidence: 0.84)
2025-11-30 12:32:54 | INFO     | emotion_detector | Detected emotion: sad (confidence: 0.60)
2025-11-30 12:32:54 | INFO     | emotion_detector | Detected emotion: sad (confidence: 0.66)
2025-11-30 12:32:55 | INFO     | emotion_calibration | Matched emotion: neutral (similarity: 0.86)
2025-11-30 12:32:55 | INFO     | emotion_detector | Personalized match: neutral (confidence: 0.86)
2025-11-30 12:33:00 | WARNING  | emotion_detector | Failed to capture frame from camera
2025-11-30 12:33:00 | WARNING  | emotion_detector | Failed to capture frame from camera
2025-11-30 12:33:00 | INFO     | emotion_detector | Detected emotion: fear (confidence: 0.82)
2025-11-30 12:33:06 | INFO     | emotion_calibration | Matched emotion: sad (similarity: 0.81)
2025-11-30 12:33:06 | INFO     | emotion_detector | Personalized match: sad (confidence: 0.81)
2025-11-30 12:33:06 | INFO     | emotion_detector | Detected emotion: neutral (confidence: 0.97)
2025-11-30 12:33:07 | INFO     | emotion_detector | Detected emotion: surprise (confidence: 0.77)
2025-11-30 12:33:11 | INFO     | emotion_calibration | Matched emotion: neutral (similarity: 0.78)
2025-11-30 12:33:11 | INFO     | emotion_detector | Personalized match: neutral (confidence: 0.78)
2025-11-30 12:33:13 | INFO     | emotion_detector | Detected emotion: neutral (confidence: 0.78)
2025-11-30 12:33:13 | INFO     | emotion_detector | Detected emotion: sad (confidence: 0.59)
2025-11-30 12:33:17 | INFO     | emotion_calibration | Matched emotion: neutral (similarity: 0.86)
2025-11-30 12:33:17 | INFO     | emotion_detector | Personalized match: neutral (confidence: 0.86)
2025-11-30 12:33:19 | INFO     | emotion_detector | Detected emotion: fear (confidence: 1.00)
2025-11-30 12:33:19 | INFO     | emotion_detector | Detected emotion: neutral (confidence: 0.64)
2025-11-30 12:33:22 | INFO     | emotion_calibration | Matched emotion: neutral (similarity: 0.81)
2025-11-30 12:33:22 | INFO     | emotion_detector | Personalized match: neutral (confidence: 0.81)
2025-11-30 12:33:25 | INFO     | emotion_detector | Detected emotion: sad (confidence: 0.72)
2025-11-30 12:33:25 | INFO     | emotion_detector | Detected emotion: neutral (confidence: 0.98)
2025-11-30 12:33:27 | INFO     | emotion_calibration | Matched emotion: sad (similarity: 0.85)
2025-11-30 12:33:27 | INFO     | emotion_detector | Personalized match: sad (confidence: 0.85)
2025-11-30 12:33:32 | INFO     | emotion_detector | Detected emotion: neutral (confidence: 1.00)
2025-11-30 12:33:32 | INFO     | emotion_detector | Detected emotion: neutral (confidence: 0.64)
2025-11-30 12:33:33 | INFO     | emotion_calibration | Matched emotion: neutral (similarity: 0.89)
2025-11-30 12:33:33 | INFO     | emotion_detector | Personalized match: neutral (confidence: 0.89)
2025-11-30 12:33:39 | INFO     | emotion_detector | Detected emotion: neutral (confidence: 0.52)
2025-11-30 12:33:39 | WARNING  | emotion_detector | Failed to capture frame from camera
2025-11-30 12:33:40 | INFO     | emotion_detector | Detected emotion: neutral (confidence: 0.62)
2025-11-30 12:33:46 | INFO     | emotion_calibration | Matched emotion: neutral (similarity: 0.88)
2025-11-30 12:33:46 | INFO     | emotion_detector | Personalized match: neutral (confidence: 0.88)
2025-11-30 12:33:46 | INFO     | emotion_detector | Detected emotion: neutral (confidence: 0.83)
2025-11-30 12:33:47 | INFO     | emotion_detector | Detected emotion: neutral (confidence: 0.75)
2025-11-30 12:33:52 | INFO     | emotion_calibration | Matched emotion: sad (similarity: 0.84)
2025-11-30 12:33:52 | INFO     | emotion_detector | Personalized match: sad (confidence: 0.84)
2025-11-30 12:33:53 | INFO     | emotion_detector | Detected emotion: neutral (confidence: 0.87)
2025-11-30 12:33:53 | INFO     | emotion_detector | Detected emotion: neutral (confidence: 0.88)
2025-11-30 12:33:58 | INFO     | emotion_calibration | Matched emotion: neutral (similarity: 0.85)
2025-11-30 12:33:58 | INFO     | emotion_detector | Personalized match: neutral (confidence: 0.85)
2025-11-30 12:33:59 | INFO     | emotion_detector | Detected emotion: neutral (confidence: 0.99)
2025-11-30 12:34:00 | INFO     | emotion_detector | Detected emotion: neutral (confidence: 1.00)
2025-11-30 12:34:04 | INFO     | emotion_calibration | Matched emotion: sad (similarity: 0.86)
2025-11-30 12:34:04 | INFO     | emotion_detector | Personalized match: sad (confidence: 0.86)
2025-11-30 12:34:07 | INFO     | emotion_detector | Detected emotion: neutral (confidence: 0.94)
2025-11-30 12:34:07 | INFO     | emotion_detector | Detected emotion: neutral (confidence: 0.89)
2025-11-30 12:34:09 | INFO     | emotion_calibration | Matched emotion: neutral (similarity: 0.86)
2025-11-30 12:34:09 | INFO     | emotion_detector | Personalized match: neutral (confidence: 0.86)
2025-11-30 12:34:13 | INFO     | emotion_detector | Detected emotion: neutral (confidence: 0.72)
2025-11-30 12:34:14 | INFO     | emotion_detector | Detected emotion: sad (confidence: 0.61)
2025-11-30 12:34:16 | INFO     | emotion_calibration | Matched emotion: neutral (similarity: 0.87)
2025-11-30 12:34:16 | INFO     | emotion_detector | Personalized match: neutral (confidence: 0.87)
2025-11-30 12:34:23 | WARNING  | emotion_detector | Failed to capture frame from camera
2025-11-30 12:34:23 | INFO     | emotion_detector | Detected emotion: neutral (confidence: 0.95)
2025-11-30 12:34:25 | INFO     | emotion_calibration | Matched emotion: neutral (similarity: 0.88)
2025-11-30 12:34:25 | INFO     | emotion_detector | Personalized match: neutral (confidence: 0.88)
2025-11-30 12:34:27 | INFO     | emotion_detector | Emotion monitor updated for user: 1
2025-11-30 12:34:37 | INFO     | emotion_detector | Detected emotion: fear (confidence: 0.99)
2025-11-30 12:34:37 | INFO     | emotion_detector | Detected emotion: fear (confidence: 0.90)
2025-11-30 12:34:41 | INFO     | emotion_calibration | Matched emotion: neutral (similarity: 0.86)
2025-11-30 12:34:41 | INFO     | emotion_detector | Personalized match: neutral (confidence: 0.86)
2025-11-30 12:34:50 | INFO     | voice_tone | Voice tone analysis: neutral (confidence: 0.50)
2025-11-30 12:34:51 | INFO     | emotion_detector | Detected emotion: neutral (confidence: 1.00)
2025-11-30 12:34:51 | INFO     | emotion_detector | Detected emotion: neutral (confidence: 0.99)
2025-11-30 12:34:51 | INFO     | ai_core | AI response generated: Hey there! What’s up?...
2025-11-30 12:34:51 | INFO     | tts_output | Generating TTS with voice 'nova' for tone 'neutral' (speed: 1.0)
2025-11-30 12:34:53 | INFO     | tts_output | TTS audio saved: C:\Users\SHIVANSH\Desktop\ROOMie\backend\audio\tmplt64suqn.mp3
2025-11-30 12:34:55 | INFO     | emotion_calibration | Matched emotion: angry (similarity: 0.91)
2025-11-30 12:34:55 | INFO     | emotion_detector | Personalized match: angry (confidence: 0.91)
2025-11-30 12:35:07 | INFO     | voice_tone | Voice tone analysis: happy (confidence: 0.67)
2025-11-30 12:35:07 | WARNING  | emotion_detector | Failed to capture frame from camera
2025-11-30 12:35:08 | INFO     | ai_core | AI response generated: That’s wonderful to hear! What’s been making your ...
2025-11-30 12:35:08 | INFO     | emotion_detector | Bias correction: Switched from fear/sad to neutral (neutral score: 0.48)
2025-11-30 12:35:08 | INFO     | emotion_detector | Detected emotion: neutral (confidence: 0.48)
2025-11-30 12:35:08 | INFO     | tts_output | Generating TTS with voice 'nova' for tone 'sad' (speed: 0.85)
2025-11-30 12:35:11 | INFO     | tts_output | TTS audio saved: C:\Users\SHIVANSH\Desktop\ROOMie\backend\audio\tmpb60rjlnv.mp3
2025-11-30 12:35:12 | INFO     | emotion_calibration | Matched emotion: neutral (similarity: 0.85)
2025-11-30 12:35:12 | INFO     | emotion_detector | Personalized match: neutral (confidence: 0.85)
2025-11-30 12:35:21 | WARNING  | emotion_detector | Failed to capture frame from camera
2025-11-30 12:35:22 | INFO     | emotion_detector | Detected emotion: sad (confidence: 0.97)
2025-11-30 12:35:27 | INFO     | emotion_calibration | Matched emotion: neutral (similarity: 0.95)
2025-11-30 12:35:27 | INFO     | emotion_detector | Personalized match: neutral (confidence: 0.95)
2025-11-30 12:35:34 | INFO     | emotion_detector | Detected emotion: sad (confidence: 0.91)
2025-11-30 12:35:35 | INFO     | emotion_detector | Detected emotion: sad (confidence: 0.74)
2025-11-30 12:35:36 | INFO     | voice_tone | Voice tone analysis: angry (confidence: 0.65)
2025-11-30 12:35:37 | INFO     | ai_core | AI response generated: I’m glad to be here chatting with you! It’s always...
2025-11-30 12:35:37 | INFO     | tts_output | Generating TTS with voice 'nova' for tone 'neutral' (speed: 1.0)
2025-11-30 12:35:39 | INFO     | emotion_calibration | Matched emotion: neutral (similarity: 0.84)
2025-11-30 12:35:39 | INFO     | emotion_detector | Personalized match: neutral (confidence: 0.84)
2025-11-30 12:35:40 | INFO     | tts_output | TTS audio saved: C:\Users\SHIVANSH\Desktop\ROOMie\backend\audio\tmpio6omaje.mp3
2025-11-30 12:35:48 | INFO     | emotion_detector | Detected emotion: sad (confidence: 0.90)
2025-11-30 12:35:48 | INFO     | emotion_detector | Detected emotion: sad (confidence: 0.89)
2025-11-30 12:35:55 | INFO     | voice_tone | Voice tone analysis: neutral (confidence: 0.50)
2025-11-30 12:35:56 | INFO     | emotion_calibration | Matched emotion: neutral (similarity: 0.89)
2025-11-30 12:35:56 | INFO     | emotion_detector | Personalized match: neutral (confidence: 0.89)
2025-11-30 12:35:57 | INFO     | ai_core | AI response generated: Sure! I'm here to hang out. What’s on your mind?...
2025-11-30 12:35:57 | INFO     | tts_output | Generating TTS with voice 'nova' for tone 'neutral' (speed: 1.0)
2025-11-30 12:35:59 | INFO     | tts_output | TTS audio saved: C:\Users\SHIVANSH\Desktop\ROOMie\backend\audio\tmp60cdg_8v.mp3
2025-11-30 12:36:03 | WARNING  | emotion_detector | Failed to capture frame from camera
2025-11-30 12:36:03 | WARNING  | emotion_detector | Failed to capture frame from camera
2025-11-30 12:36:06 | INFO     | emotion_calibration | Matched emotion: neutral (similarity: 0.84)
2025-11-30 12:36:06 | INFO     | emotion_detector | Personalized match: neutral (confidence: 0.84)
2025-11-30 12:36:13 | INFO     | emotion_detector | Detected emotion: neutral (confidence: 1.00)
2025-11-30 12:36:14 | INFO     | emotion_detector | Detected emotion: neutral (confidence: 1.00)
2025-11-30 12:36:17 | INFO     | emotion_calibration | Matched emotion: neutral (similarity: 0.87)
2025-11-30 12:36:17 | INFO     | emotion_detector | Personalized match: neutral (confidence: 0.87)
2025-11-30 12:36:21 | INFO     | emotion_detector | Detected emotion: sad (confidence: 0.99)
2025-11-30 12:36:22 | INFO     | emotion_detector | Detected emotion: neutral (confidence: 0.99)
2025-11-30 12:36:23 | INFO     | voice_tone | Voice tone analysis: angry (confidence: 0.67)
2025-11-30 12:36:24 | INFO     | emotion_calibration | Matched emotion: neutral (similarity: 0.87)
2025-11-30 12:36:24 | INFO     | emotion_detector | Personalized match: neutral (confidence: 0.87)
2025-11-30 12:36:25 | INFO     | ai_core | AI response generated: It looks like you might be typing something. Are y...
2025-11-30 12:36:25 | INFO     | tts_output | Generating TTS with voice 'nova' for tone 'neutral' (speed: 1.0)
2025-11-30 12:36:28 | INFO     | tts_output | TTS audio saved: C:\Users\SHIVANSH\Desktop\ROOMie\backend\audio\tmpffmpjeb3.mp3
2025-11-30 12:36:31 | INFO     | emotion_detector | Detected emotion: neutral (confidence: 0.60)
2025-11-30 12:36:32 | INFO     | emotion_detector | Detected emotion: sad (confidence: 0.88)
2025-11-30 12:36:33 | INFO     | emotion_calibration | Matched emotion: happy (similarity: 0.81)
2025-11-30 12:36:33 | INFO     | emotion_detector | Personalized match: happy (confidence: 0.81)
2025-11-30 12:36:42 | INFO     | emotion_detector | Detected emotion: sad (confidence: 0.59)
2025-11-30 12:36:42 | WARNING  | emotion_detector | Failed to capture frame from camera
2025-11-30 12:36:43 | INFO     | emotion_calibration | Matched emotion: neutral (similarity: 0.85)
2025-11-30 12:36:43 | INFO     | emotion_detector | Personalized match: neutral (confidence: 0.85)
2025-11-30 12:36:49 | WARNING  | emotion_detector | Failed to capture frame from camera
2025-11-30 12:36:49 | INFO     | emotion_detector | Detected emotion: neutral (confidence: 0.85)
2025-11-30 12:36:49 | INFO     | emotion_calibration | Matched emotion: surprised (similarity: 0.93)
2025-11-30 12:36:49 | INFO     | emotion_detector | Personalized match: surprised (confidence: 0.93)
2025-11-30 12:36:55 | WARNING  | emotion_detector | Failed to capture frame from camera
2025-11-30 12:36:55 | WARNING  | emotion_detector | Failed to capture frame from camera
2025-11-30 12:36:56 | INFO     | emotion_detector | Detected emotion: neutral (confidence: 0.87)
2025-11-30 12:37:01 | INFO     | emotion_calibration | Matched emotion: neutral (similarity: 0.92)
2025-11-30 12:37:01 | INFO     | emotion_detector | Personalized match: neutral (confidence: 0.92)
2025-11-30 12:37:02 | INFO     | emotion_detector | Detected emotion: neutral (confidence: 0.93)
2025-11-30 12:37:02 | INFO     | emotion_detector | Detected emotion: neutral (confidence: 0.84)
2025-11-30 12:37:07 | INFO     | emotion_calibration | Matched emotion: neutral (similarity: 0.92)
2025-11-30 12:37:07 | INFO     | emotion_detector | Personalized match: neutral (confidence: 0.92)
2025-11-30 12:37:09 | INFO     | emotion_detector | Detected emotion: neutral (confidence: 1.00)
2025-11-30 12:37:09 | INFO     | emotion_detector | Detected emotion: neutral (confidence: 0.67)
2025-11-30 12:37:13 | INFO     | emotion_calibration | Matched emotion: sad (similarity: 0.89)
2025-11-30 12:37:13 | INFO     | emotion_detector | Personalized match: sad (confidence: 0.89)
2025-11-30 12:37:15 | INFO     | emotion_detector | Detected emotion: sad (confidence: 0.59)
2025-11-30 12:37:16 | INFO     | emotion_detector | Detected emotion: neutral (confidence: 0.77)
2025-11-30 12:37:20 | INFO     | emotion_calibration | Matched emotion: neutral (similarity: 0.91)
2025-11-30 12:37:20 | INFO     | emotion_detector | Personalized match: neutral (confidence: 0.91)
2025-11-30 12:37:26 | INFO     | emotion_detector | Detected emotion: neutral (confidence: 0.53)
2025-11-30 12:37:26 | INFO     | emotion_detector | Detected emotion: neutral (confidence: 0.98)
2025-11-30 12:37:29 | INFO     | emotion_calibration | Matched emotion: neutral (similarity: 0.90)
2025-11-30 12:37:29 | INFO     | emotion_detector | Personalized match: neutral (confidence: 0.90)
2025-11-30 12:37:35 | INFO     | emotion_detector | Emotion monitor updated for user: 1
2025-11-30 12:37:37 | INFO     | emotion_detector | Bias correction: Switched from fear/sad to neutral (neutral score: 0.26)
2025-11-30 12:37:37 | INFO     | emotion_detector | Detected emotion: neutral (confidence: 0.26)
2025-11-30 12:37:37 | INFO     | emotion_detector | Detected emotion: neutral (confidence: 0.61)
2025-11-30 12:37:40 | INFO     | emotion_calibration | Matched emotion: sad (similarity: 0.85)
2025-11-30 12:37:40 | INFO     | emotion_detector | Personalized match: sad (confidence: 0.85)
2025-11-30 12:37:49 | INFO     | voice_tone | Voice tone analysis: angry (confidence: 0.67)
2025-11-30 12:37:52 | INFO     | ai_core | AI response generated: That’s totally fine! If you want to chat about any...
2025-11-30 12:37:52 | INFO     | tts_output | Generating TTS with voice 'nova' for tone 'sad' (speed: 0.85)
2025-11-30 12:37:55 | INFO     | emotion_detector | Detected emotion: neutral (confidence: 0.94)
2025-11-30 12:37:55 | INFO     | emotion_detector | Detected emotion: angry (confidence: 0.66)
2025-11-30 12:37:56 | INFO     | tts_output | TTS audio saved: C:\Users\SHIVANSH\Desktop\ROOMie\backend\audio\tmpxz5tdczy.mp3
2025-11-30 12:37:58 | INFO     | emotion_calibration | Matched emotion: angry (similarity: 0.86)
2025-11-30 12:37:58 | INFO     | emotion_detector | Personalized match: angry (confidence: 0.86)
2025-11-30 12:38:07 | INFO     | emotion_detector | Detected emotion: neutral (confidence: 0.94)
2025-11-30 12:38:08 | INFO     | emotion_detector | Detected emotion: neutral (confidence: 0.82)
2025-11-30 12:38:12 | INFO     | emotion_calibration | Matched emotion: neutral (similarity: 0.91)
2025-11-30 12:38:12 | INFO     | emotion_detector | Personalized match: neutral (confidence: 0.91)
2025-11-30 12:38:17 | INFO     | voice_tone | Voice tone analysis: neutral (confidence: 0.50)
2025-11-30 12:38:18 | INFO     | ai_core | AI response generated: Tuesday! It’s a nice day to get things done. Do yo...
2025-11-30 12:38:19 | INFO     | tts_output | Generating TTS with voice 'nova' for tone 'neutral' (speed: 1.0)
2025-11-30 12:38:20 | WARNING  | emotion_detector | Failed to capture frame from camera
2025-11-30 12:38:21 | WARNING  | emotion_detector | Failed to capture frame from camera
2025-11-30 12:38:22 | INFO     | tts_output | TTS audio saved: C:\Users\SHIVANSH\Desktop\ROOMie\backend\audio\tmpsgbt1vfz.mp3
2025-11-30 12:38:23 | WARNING  | emotion_detector | Failed to capture frame from camera
2025-11-30 12:38:27 | INFO     | emotion_calibration | Saved calibration sample for user 1, emotion: happy
2025-11-30 12:38:30 | WARNING  | emotion_detector | Failed to capture frame from camera
2025-11-30 12:38:31 | WARNING  | emotion_detector | Failed to capture frame from camera
2025-11-30 12:38:32 | WARNING  | emotion_detector | Failed to capture frame from camera
2025-11-30 12:38:32 | INFO     | emotion_calibration | Saved calibration sample for user 1, emotion: happy
2025-11-30 12:38:34 | INFO     | emotion_calibration | Saved calibration sample for user 1, emotion: happy
2025-11-30 12:38:38 | INFO     | emotion_calibration | Saved calibration sample for user 1, emotion: neutral
2025-11-30 12:38:40 | WARNING  | emotion_detector | Failed to capture frame from camera
2025-11-30 12:38:41 | WARNING  | emotion_detector | Failed to capture frame from camera
2025-11-30 12:38:42 | WARNING  | emotion_detector | Failed to capture frame from camera
2025-11-30 12:38:43 | INFO     | emotion_calibration | Saved calibration sample for user 1, emotion: neutral
2025-11-30 12:38:46 | INFO     | emotion_calibration | Saved calibration sample for user 1, emotion: neutral
2025-11-30 12:38:50 | INFO     | emotion_calibration | Saved calibration sample for user 1, emotion: sad
2025-11-30 12:38:50 | WARNING  | emotion_detector | Failed to capture frame from camera
2025-11-30 12:38:51 | WARNING  | emotion_detector | Failed to capture frame from camera
2025-11-30 12:38:52 | WARNING  | emotion_detector | Failed to capture frame from camera
2025-11-30 12:38:54 | INFO     | emotion_calibration | Saved calibration sample for user 1, emotion: sad
2025-11-30 12:38:54 | INFO     | voice_tone | Voice tone analysis: neutral (confidence: 0.50)
2025-11-30 12:38:56 | INFO     | ai_core | AI response generated: Are you talking about flavors or something related...
2025-11-30 12:38:56 | INFO     | tts_output | Generating TTS with voice 'nova' for tone 'neutral' (speed: 1.0)
2025-11-30 12:38:59 | WARNING  | emotion_detector | Failed to capture frame from camera
2025-11-30 12:39:00 | INFO     | tts_output | TTS audio saved: C:\Users\SHIVANSH\Desktop\ROOMie\backend\audio\tmp1pbbgu9q.mp3
2025-11-30 12:39:00 | WARNING  | emotion_detector | Failed to capture frame from camera
2025-11-30 12:39:01 | INFO     | emotion_calibration | Saved calibration sample for user 1, emotion: sad
2025-11-30 12:39:01 | WARNING  | emotion_detector | Failed to capture frame from camera
2025-11-30 12:39:07 | WARNING  | emotion_detector | Failed to capture frame from camera
2025-11-30 12:39:08 | INFO     | emotion_calibration | Saved calibration sample for user 1, emotion: angry
2025-11-30 12:39:09 | WARNING  | emotion_detector | Failed to capture frame from camera
2025-11-30 12:39:10 | WARNING  | emotion_detector | Failed to capture frame from camera
2025-11-30 12:39:13 | INFO     | emotion_calibration | Saved calibration sample for user 1, emotion: angry
2025-11-30 12:39:16 | WARNING  | emotion_detector | Failed to capture frame from camera
2025-11-30 12:39:18 | INFO     | voice_tone | Voice tone analysis: angry (confidence: 0.67)
2025-11-30 12:39:20 | WARNING  | emotion_detector | Failed to capture frame from camera
2025-11-30 12:39:20 | INFO     | ai_core | AI response generated: It seems like you might be referring to something ...
2025-11-30 12:39:20 | INFO     | tts_output | Generating TTS with voice 'nova' for tone 'neutral' (speed: 1.0)
2025-11-30 12:39:21 | WARNING  | emotion_detector | Failed to capture frame from camera
2025-11-30 12:39:24 | WARNING  | emotion_detector | Failed to capture frame from camera
2025-11-30 12:39:24 | INFO     | tts_output | TTS audio saved: C:\Users\SHIVANSH\Desktop\ROOMie\backend\audio\tmp_2a5qvxa.mp3
2025-11-30 12:39:25 | INFO     | emotion_calibration | Saved calibration sample for user 1, emotion: angry
2025-11-30 12:39:25 | INFO     | voice_tone | Voice tone analysis: angry (confidence: 0.67)
2025-11-30 12:39:27 | INFO     | ai_core | AI response generated: Got it! Are you asking about TV shows or something...
2025-11-30 12:39:27 | INFO     | tts_output | Generating TTS with voice 'nova' for tone 'neutral' (speed: 1.0)
2025-11-30 12:39:29 | WARNING  | emotion_detector | Failed to capture frame from camera
2025-11-30 12:39:30 | WARNING  | emotion_detector | Failed to capture frame from camera
2025-11-30 12:39:30 | INFO     | tts_output | TTS audio saved: C:\Users\SHIVANSH\Desktop\ROOMie\backend\audio\tmpnrt6owri.mp3
2025-11-30 12:39:32 | WARNING  | emotion_detector | Failed to capture frame from camera
2025-11-30 12:39:33 | INFO     | emotion_calibration | Saved calibration sample for user 1, emotion: surprised
2025-11-30 12:39:35 | INFO     | emotion_calibration | Saved calibration sample for user 1, emotion: surprised
2025-11-30 12:39:39 | INFO     | emotion_calibration | Saved calibration sample for user 1, emotion: surprised
2025-11-30 12:39:40 | WARNING  | emotion_detector | Failed to capture frame from camera
2025-11-30 12:39:42 | INFO     | emotion_detector | Detected emotion: neutral (confidence: 0.99)
2025-11-30 12:39:45 | INFO     | emotion_calibration | Matched emotion: neutral (similarity: 0.88)
2025-11-30 12:39:45 | INFO     | emotion_detector | Personalized match: neutral (confidence: 0.88)
2025-11-30 12:39:49 | INFO     | voice_tone | Voice tone analysis: neutral (confidence: 0.50)
2025-11-30 12:39:50 | INFO     | ai_core | AI response generated: Got it! Sometimes it's good to just chat about wha...
2025-11-30 12:39:50 | INFO     | tts_output | Generating TTS with voice 'nova' for tone 'neutral' (speed: 1.0)
2025-11-30 12:39:53 | INFO     | emotion_detector | Bias correction: Switched from fear/sad to neutral (neutral score: 0.45)
2025-11-30 12:39:53 | INFO     | emotion_detector | Detected emotion: neutral (confidence: 0.45)
2025-11-30 12:39:55 | INFO     | tts_output | TTS audio saved: C:\Users\SHIVANSH\Desktop\ROOMie\backend\audio\tmpooddgl1_.mp3
2025-11-30 12:39:56 | INFO     | emotion_detector | Detected emotion: sad (confidence: 0.87)
2025-11-30 12:39:59 | INFO     | emotion_calibration | Matched emotion: angry (similarity: 0.84)
2025-11-30 12:39:59 | INFO     | emotion_detector | Personalized match: angry (confidence: 0.84)
2025-11-30 12:40:05 | INFO     | emotion_detector | Detected emotion: neutral (confidence: 0.61)
2025-11-30 12:40:08 | INFO     | voice_tone | Voice tone analysis: angry (confidence: 0.67)
2025-11-30 12:40:09 | INFO     | ai_core | AI response generated: Are you thinking about the TV show "It," or someth...
2025-11-30 12:40:09 | INFO     | tts_output | Generating TTS with voice 'nova' for tone 'sad' (speed: 0.85)
2025-11-30 12:40:09 | INFO     | emotion_detector | Detected emotion: neutral (confidence: 0.77)
2025-11-30 12:40:12 | INFO     | tts_output | TTS audio saved: C:\Users\SHIVANSH\Desktop\ROOMie\backend\audio\tmpbzqvsh63.mp3
2025-11-30 12:40:13 | INFO     | emotion_calibration | Matched emotion: neutral (similarity: 0.90)
2025-11-30 12:40:13 | INFO     | emotion_detector | Personalized match: neutral (confidence: 0.90)
2025-11-30 12:40:17 | INFO     | emotion_detector | Detected emotion: neutral (confidence: 0.74)
2025-11-30 12:40:20 | INFO     | emotion_detector | Detected emotion: neutral (confidence: 0.44)
2025-11-30 12:40:24 | INFO     | emotion_calibration | Matched emotion: neutral (similarity: 0.93)
2025-11-30 12:40:24 | INFO     | emotion_detector | Personalized match: neutral (confidence: 0.93)
2025-11-30 12:40:27 | INFO     | voice_tone | Voice tone analysis: happy (confidence: 0.67)
2025-11-30 12:40:28 | INFO     | emotion_detector | Detected emotion: sad (confidence: 0.58)
2025-11-30 12:40:28 | INFO     | ai_core | AI response generated: That’s awesome! What do you like most about it? Th...
2025-11-30 12:40:29 | INFO     | tts_output | Generating TTS with voice 'nova' for tone 'neutral' (speed: 1.0)
2025-11-30 12:40:31 | INFO     | emotion_detector | Detected emotion: sad (confidence: 0.75)
2025-11-30 12:40:31 | INFO     | tts_output | TTS audio saved: C:\Users\SHIVANSH\Desktop\ROOMie\backend\audio\tmphvx8ncle.mp3
2025-11-30 12:40:35 | INFO     | emotion_calibration | Matched emotion: neutral (similarity: 0.88)
2025-11-30 12:40:35 | INFO     | emotion_detector | Personalized match: neutral (confidence: 0.88)
2025-11-30 12:40:39 | INFO     | emotion_detector | Detected emotion: neutral (confidence: 0.81)
2025-11-30 12:40:42 | INFO     | emotion_detector | Detected emotion: neutral (confidence: 0.80)
2025-11-30 12:40:46 | INFO     | emotion_calibration | Matched emotion: neutral (similarity: 0.93)
2025-11-30 12:40:46 | INFO     | emotion_detector | Personalized match: neutral (confidence: 0.93)
2025-11-30 12:40:47 | INFO     | voice_tone | Voice tone analysis: happy (confidence: 0.67)
2025-11-30 12:40:49 | INFO     | ai_core | AI response generated: Absolutely! A captivating story can really draw yo...
2025-11-30 12:40:49 | INFO     | emotion_detector | Detected emotion: fear (confidence: 0.77)
2025-11-30 12:40:49 | INFO     | tts_output | Generating TTS with voice 'nova' for tone 'neutral' (speed: 1.0)
2025-11-30 12:40:52 | INFO     | tts_output | TTS audio saved: C:\Users\SHIVANSH\Desktop\ROOMie\backend\audio\tmpm8egrwvv.mp3
2025-11-30 12:40:54 | INFO     | emotion_detector | Detected emotion: neutral (confidence: 1.00)
2025-11-30 12:40:57 | INFO     | emotion_calibration | Matched emotion: neutral (similarity: 0.85)
2025-11-30 12:40:57 | INFO     | emotion_detector | Personalized match: neutral (confidence: 0.85)
2025-11-30 12:40:59 | INFO     | emotion_detector | Detected emotion: neutral (confidence: 0.91)
2025-11-30 12:41:03 | INFO     | voice_tone | Voice tone analysis: neutral (confidence: 0.50)
2025-11-30 12:41:05 | INFO     | emotion_detector | Bias correction: Switched from fear/sad to neutral (neutral score: 0.43)
2025-11-30 12:41:05 | INFO     | emotion_detector | Detected emotion: neutral (confidence: 0.43)
2025-11-30 12:41:05 | INFO     | ai_core | AI response generated: Are you asking what kind of stories or plots you e...
2025-11-30 12:41:05 | INFO     | tts_output | Generating TTS with voice 'nova' for tone 'neutral' (speed: 1.0)
2025-11-30 12:41:09 | INFO     | tts_output | TTS audio saved: C:\Users\SHIVANSH\Desktop\ROOMie\backend\audio\tmpl6kwywie.mp3
2025-11-30 12:41:10 | INFO     | emotion_calibration | Matched emotion: neutral (similarity: 0.90)
2025-11-30 12:41:10 | INFO     | emotion_detector | Personalized match: neutral (confidence: 0.90)
2025-11-30 12:41:11 | INFO     | emotion_detector | Detected emotion: neutral (confidence: 1.00)
2025-11-30 12:41:13 | INFO     | emotion_detector | Detected emotion: neutral (confidence: 0.99)
2025-11-30 12:41:16 | INFO     | emotion_calibration | Matched emotion: happy (similarity: 0.78)
2025-11-30 12:41:16 | INFO     | emotion_detector | Personalized match: happy (confidence: 0.78)
2025-11-30 12:41:18 | INFO     | emotion_detector | Detected emotion: neutral (confidence: 0.94)
2025-11-30 12:41:20 | INFO     | emotion_detector | Detected emotion: neutral (confidence: 0.89)
2025-11-30 12:41:22 | INFO     | emotion_calibration | Matched emotion: happy (similarity: 0.87)
2025-11-30 12:41:22 | INFO     | emotion_detector | Personalized match: happy (confidence: 0.87)
2025-11-30 12:41:24 | INFO     | emotion_detector | Detected emotion: neutral (confidence: 0.88)
2025-11-30 12:41:26 | INFO     | emotion_detector | Detected emotion: neutral (confidence: 0.99)
2025-11-30 12:41:27 | INFO     | emotion_calibration | Matched emotion: sad (similarity: 0.92)
2025-11-30 12:41:27 | INFO     | emotion_detector | Personalized match: sad (confidence: 0.92)
2025-11-30 12:41:31 | INFO     | emotion_detector | Detected emotion: neutral (confidence: 0.55)
2025-11-30 12:41:33 | WARNING  | emotion_detector | Failed to capture frame from camera
2025-11-30 12:41:33 | INFO     | emotion_calibration | Matched emotion: neutral (similarity: 0.88)
2025-11-30 12:41:33 | INFO     | emotion_detector | Personalized match: neutral (confidence: 0.88)
2025-11-30 12:41:42 | INFO     | emotion_detector | Detected emotion: sad (confidence: 0.59)
2025-11-30 12:41:45 | INFO     | emotion_detector | Detected emotion: sad (confidence: 0.60)
2025-11-30 12:41:46 | INFO     | emotion_calibration | Matched emotion: neutral (similarity: 0.93)
2025-11-30 12:41:46 | INFO     | emotion_detector | Personalized match: neutral (confidence: 0.93)
2025-11-30 12:41:54 | INFO     | emotion_detector | Detected emotion: sad (confidence: 0.71)
2025-11-30 12:41:56 | WARNING  | emotion_detector | Failed to capture frame from camera
2025-11-30 12:41:58 | INFO     | emotion_calibration | Matched emotion: neutral (similarity: 0.83)
2025-11-30 12:41:58 | INFO     | emotion_detector | Personalized match: neutral (confidence: 0.83)
2025-11-30 12:42:06 | INFO     | emotion_detector | Detected emotion: fear (confidence: 0.98)
2025-11-30 12:42:08 | INFO     | emotion_detector | Detected emotion: neutral (confidence: 0.59)
2025-11-30 12:42:10 | INFO     | emotion_calibration | Matched emotion: neutral (similarity: 0.88)
2025-11-30 12:42:10 | INFO     | emotion_detector | Personalized match: neutral (confidence: 0.88)
2025-11-30 12:42:14 | INFO     | emotion_detector | Detected emotion: neutral (confidence: 0.59)
2025-11-30 12:42:15 | INFO     | emotion_detector | Detected emotion: fear (confidence: 0.68)
2025-11-30 12:42:16 | INFO     | emotion_calibration | Matched emotion: neutral (similarity: 0.89)
2025-11-30 12:42:16 | INFO     | emotion_detector | Personalized match: neutral (confidence: 0.89)
2025-11-30 12:42:20 | INFO     | emotion_detector | Detected emotion: neutral (confidence: 0.84)
2025-11-30 12:42:23 | INFO     | emotion_calibration | Matched emotion: surprised (similarity: 0.83)
2025-11-30 12:42:23 | INFO     | emotion_detector | Personalized match: surprised (confidence: 0.83)
2025-11-30 12:42:23 | INFO     | emotion_detector | Detected emotion: fear (confidence: 1.00)
2025-11-30 12:42:28 | INFO     | emotion_detector | Detected emotion: sad (confidence: 0.72)
2025-11-30 12:42:29 | INFO     | emotion_calibration | Matched emotion: neutral (similarity: 0.85)
2025-11-30 12:42:29 | INFO     | emotion_detector | Personalized match: neutral (confidence: 0.85)
2025-11-30 12:42:30 | INFO     | emotion_detector | Detected emotion: angry (confidence: 0.99)
2025-11-30 12:42:34 | INFO     | emotion_detector | Detected emotion: neutral (confidence: 0.99)
2025-11-30 12:42:35 | INFO     | emotion_calibration | Matched emotion: happy (similarity: 0.85)
2025-11-30 12:42:35 | INFO     | emotion_detector | Personalized match: happy (confidence: 0.85)
2025-11-30 12:42:36 | INFO     | emotion_detector | Detected emotion: angry (confidence: 0.74)
2025-11-30 12:42:41 | WARNING  | emotion_detector | Failed to capture frame from camera
2025-11-30 12:42:41 | INFO     | emotion_calibration | Matched emotion: happy (similarity: 0.87)
2025-11-30 12:42:41 | INFO     | emotion_detector | Personalized match: happy (confidence: 0.87)
2025-11-30 12:42:43 | INFO     | emotion_detector | Detected emotion: neutral (confidence: 0.87)
2025-11-30 12:42:47 | WARNING  | emotion_detector | Failed to capture frame from camera
2025-11-30 12:42:47 | INFO     | emotion_calibration | Matched emotion: surprised (similarity: 0.70)
2025-11-30 12:42:47 | INFO     | emotion_detector | Personalized match: surprised (confidence: 0.70)
2025-11-30 12:42:49 | INFO     | emotion_detector | Detected emotion: happy (confidence: 0.94)
2025-11-30 12:42:53 | WARNING  | emotion_detector | Failed to capture frame from camera
2025-11-30 12:42:53 | INFO     | emotion_calibration | Matched emotion: surprised (similarity: 0.85)
2025-11-30 12:42:53 | INFO     | emotion_detector | Personalized match: surprised (confidence: 0.85)
2025-11-30 12:42:56 | INFO     | emotion_detector | Detected emotion: surprise (confidence: 1.00)
2025-11-30 12:42:59 | WARNING  | emotion_detector | Failed to capture frame from camera
2025-11-30 12:42:59 | INFO     | emotion_calibration | Matched emotion: happy (similarity: 0.81)
2025-11-30 12:42:59 | INFO     | emotion_detector | Personalized match: happy (confidence: 0.81)
2025-11-30 12:43:02 | INFO     | emotion_detector | Detected emotion: surprise (confidence: 1.00)
2025-11-30 12:43:05 | INFO     | emotion_calibration | Matched emotion: happy (similarity: 0.78)
2025-11-30 12:43:05 | INFO     | emotion_detector | Personalized match: happy (confidence: 0.78)
2025-11-30 12:43:05 | INFO     | emotion_detector | Detected emotion: surprise (confidence: 0.70)
2025-11-30 12:43:09 | INFO     | emotion_detector | Detected emotion: neutral (confidence: 0.97)
2025-11-30 12:43:12 | INFO     | emotion_calibration | Matched emotion: neutral (similarity: 0.87)
2025-11-30 12:43:12 | INFO     | emotion_detector | Personalized match: neutral (confidence: 0.87)
2025-11-30 12:43:12 | INFO     | emotion_detector | Detected emotion: neutral (confidence: 0.96)
2025-11-30 12:43:18 | INFO     | emotion_detector | Detected emotion: happy (confidence: 0.65)
2025-11-30 12:43:19 | INFO     | emotion_calibration | Matched emotion: happy (similarity: 0.78)
2025-11-30 12:43:19 | INFO     | emotion_detector | Personalized match: happy (confidence: 0.78)
2025-11-30 12:43:20 | INFO     | emotion_detector | Detected emotion: sad (confidence: 0.90)
2025-11-30 12:43:25 | INFO     | emotion_detector | Detected emotion: neutral (confidence: 0.94)
2025-11-30 12:43:26 | INFO     | emotion_calibration | Matched emotion: neutral (similarity: 0.88)
2025-11-30 12:43:26 | INFO     | emotion_detector | Personalized match: neutral (confidence: 0.88)
2025-11-30 12:43:27 | INFO     | emotion_detector | Detected emotion: neutral (confidence: 0.62)
2025-11-30 12:43:31 | WARNING  | emotion_detector | Failed to capture frame from camera
2025-11-30 12:43:32 | INFO     | emotion_detector | Detected emotion: neutral (confidence: 0.64)
2025-11-30 12:43:34 | INFO     | emotion_detector | Detected emotion: sad (confidence: 0.68)
2025-11-30 12:43:37 | INFO     | emotion_calibration | Matched emotion: neutral (similarity: 0.88)
2025-11-30 12:43:37 | INFO     | emotion_detector | Personalized match: neutral (confidence: 0.88)
2025-11-30 12:43:38 | INFO     | emotion_detector | Detected emotion: neutral (confidence: 0.83)
2025-11-30 12:43:41 | INFO     | emotion_detector | Detected emotion: sad (confidence: 0.82)
2025-11-30 12:43:44 | INFO     | emotion_calibration | Matched emotion: neutral (similarity: 0.92)
2025-11-30 12:43:44 | INFO     | emotion_detector | Personalized match: neutral (confidence: 0.92)
2025-11-30 12:43:45 | INFO     | emotion_detector | Bias correction: Switched from fear/sad to neutral (neutral score: 0.45)
2025-11-30 12:43:45 | INFO     | emotion_detector | Detected emotion: neutral (confidence: 0.45)
2025-11-30 12:43:47 | INFO     | emotion_detector | Bias correction: Switched from fear/sad to neutral (neutral score: 0.45)
2025-11-30 12:43:47 | INFO     | emotion_detector | Detected emotion: neutral (confidence: 0.45)
2025-11-30 12:43:49 | INFO     | emotion_calibration | Matched emotion: neutral (similarity: 0.78)
2025-11-30 12:43:49 | INFO     | emotion_detector | Personalized match: neutral (confidence: 0.78)
2025-11-30 12:43:52 | INFO     | emotion_detector | Detected emotion: angry (confidence: 0.85)
2025-11-30 12:43:54 | INFO     | emotion_detector | Detected emotion: fear (confidence: 0.71)
2025-11-30 12:43:55 | INFO     | emotion_calibration | Matched emotion: happy (similarity: 0.84)
2025-11-30 12:43:55 | INFO     | emotion_detector | Personalized match: happy (confidence: 0.84)
2025-11-30 12:43:58 | INFO     | emotion_detector | Detected emotion: neutral (confidence: 0.68)
2025-11-30 12:44:00 | INFO     | emotion_detector | Detected emotion: neutral (confidence: 0.70)
2025-11-30 12:44:01 | INFO     | emotion_calibration | Matched emotion: neutral (similarity: 0.86)
2025-11-30 12:44:01 | INFO     | emotion_detector | Personalized match: neutral (confidence: 0.86)
2025-11-30 12:44:05 | INFO     | emotion_detector | Detected emotion: neutral (confidence: 0.76)
2025-11-30 12:44:07 | WARNING  | emotion_detector | Failed to capture frame from camera
2025-11-30 12:44:08 | INFO     | emotion_calibration | Matched emotion: neutral (similarity: 0.86)
2025-11-30 12:44:08 | INFO     | emotion_detector | Personalized match: neutral (confidence: 0.86)
2025-11-30 12:44:12 | INFO     | emotion_detector | Detected emotion: angry (confidence: 0.96)
2025-11-30 12:44:13 | WARNING  | emotion_detector | Failed to capture frame from camera
2025-11-30 12:44:14 | INFO     | emotion_calibration | Matched emotion: neutral (similarity: 0.80)
2025-11-30 12:44:14 | INFO     | emotion_detector | Personalized match: neutral (confidence: 0.80)
2025-11-30 12:44:19 | INFO     | emotion_detector | Detected emotion: sad (confidence: 0.66)
2025-11-30 12:44:19 | WARNING  | emotion_detector | Failed to capture frame from camera
2025-11-30 12:44:20 | INFO     | emotion_calibration | Matched emotion: neutral (similarity: 0.87)
2025-11-30 12:44:20 | INFO     | emotion_detector | Personalized match: neutral (confidence: 0.87)
2025-11-30 12:44:26 | WARNING  | emotion_detector | Failed to capture frame from camera
2025-11-30 12:44:26 | WARNING  | emotion_detector | Failed to capture frame from camera
2025-11-30 12:44:27 | INFO     | emotion_calibration | Matched emotion: happy (similarity: 0.83)
2025-11-30 12:44:27 | INFO     | emotion_detector | Personalized match: happy (confidence: 0.83)
2025-11-30 12:44:33 | WARNING  | emotion_detector | Failed to capture frame from camera
2025-11-30 12:44:33 | WARNING  | emotion_detector | Failed to capture frame from camera
2025-11-30 12:44:33 | INFO     | emotion_detector | Detected emotion: fear (confidence: 1.00)
2025-11-30 12:44:39 | INFO     | emotion_calibration | Matched emotion: neutral (similarity: 0.81)
2025-11-30 12:44:39 | INFO     | emotion_detector | Personalized match: neutral (confidence: 0.81)
2025-11-30 12:44:39 | INFO     | emotion_detector | Detected emotion: fear (confidence: 1.00)
2025-11-30 12:44:40 | INFO     | emotion_detector | Detected emotion: fear (confidence: 1.00)
2025-11-30 12:44:45 | INFO     | emotion_calibration | Matched emotion: happy (similarity: 0.86)
2025-11-30 12:44:45 | INFO     | emotion_detector | Personalized match: happy (confidence: 0.86)
2025-11-30 12:44:46 | INFO     | emotion_detector | Detected emotion: fear (confidence: 0.99)
2025-11-30 12:44:46 | INFO     | emotion_detector | Detected emotion: fear (confidence: 0.99)
2025-11-30 12:44:50 | INFO     | emotion_calibration | Matched emotion: happy (similarity: 0.86)
2025-11-30 12:44:50 | INFO     | emotion_detector | Personalized match: happy (confidence: 0.86)
2025-11-30 12:44:53 | INFO     | emotion_detector | Detected emotion: fear (confidence: 1.00)
2025-11-30 12:44:53 | INFO     | emotion_detector | Detected emotion: fear (confidence: 1.00)
2025-11-30 12:44:56 | INFO     | emotion_calibration | Matched emotion: happy (similarity: 0.85)
2025-11-30 12:44:56 | INFO     | emotion_detector | Personalized match: happy (confidence: 0.85)
2025-11-30 12:44:59 | INFO     | emotion_detector | Detected emotion: fear (confidence: 0.99)
2025-11-30 12:45:00 | INFO     | emotion_detector | Detected emotion: fear (confidence: 0.99)
2025-11-30 12:45:01 | INFO     | emotion_calibration | Matched emotion: happy (similarity: 0.87)
2025-11-30 12:45:01 | INFO     | emotion_detector | Personalized match: happy (confidence: 0.87)
2025-11-30 12:45:06 | INFO     | emotion_detector | Detected emotion: fear (confidence: 0.99)
2025-11-30 12:45:06 | INFO     | emotion_detector | Detected emotion: fear (confidence: 1.00)
2025-11-30 12:45:07 | INFO     | emotion_calibration | Matched emotion: happy (similarity: 0.84)
2025-11-30 12:45:07 | INFO     | emotion_detector | Personalized match: happy (confidence: 0.84)
2025-11-30 12:45:13 | WARNING  | emotion_detector | Failed to capture frame from camera
2025-11-30 12:45:13 | INFO     | emotion_detector | Detected emotion: fear (confidence: 0.97)
2025-11-30 12:45:14 | INFO     | emotion_detector | Detected emotion: fear (confidence: 0.92)
2025-11-30 12:45:19 | INFO     | emotion_calibration | Matched emotion: happy (similarity: 0.88)
2025-11-30 12:45:19 | INFO     | emotion_detector | Personalized match: happy (confidence: 0.88)
2025-11-30 12:45:20 | INFO     | emotion_detector | Detected emotion: fear (confidence: 0.94)
2025-11-30 12:45:20 | INFO     | emotion_detector | Detected emotion: fear (confidence: 0.88)
2025-11-30 12:45:25 | INFO     | emotion_calibration | Matched emotion: happy (similarity: 0.88)
2025-11-30 12:45:25 | INFO     | emotion_detector | Personalized match: happy (confidence: 0.88)
2025-11-30 12:45:27 | INFO     | emotion_detector | Detected emotion: fear (confidence: 1.00)
2025-11-30 12:45:27 | INFO     | emotion_detector | Detected emotion: fear (confidence: 1.00)
2025-11-30 12:45:31 | INFO     | emotion_calibration | Matched emotion: happy (similarity: 0.87)
2025-11-30 12:45:31 | INFO     | emotion_detector | Personalized match: happy (confidence: 0.87)
2025-11-30 12:45:33 | INFO     | emotion_detector | Detected emotion: fear (confidence: 1.00)
2025-11-30 12:45:34 | INFO     | emotion_detector | Detected emotion: fear (confidence: 1.00)
2025-11-30 12:45:36 | INFO     | emotion_calibration | Matched emotion: happy (similarity: 0.85)
2025-11-30 12:45:36 | INFO     | emotion_detector | Personalized match: happy (confidence: 0.85)
2025-11-30 12:45:40 | INFO     | emotion_detector | Detected emotion: fear (confidence: 0.97)
2025-11-30 12:45:40 | INFO     | emotion_detector | Detected emotion: fear (confidence: 0.94)
2025-11-30 12:45:43 | INFO     | emotion_calibration | Matched emotion: sad (similarity: 0.96)
2025-11-30 12:45:43 | INFO     | emotion_detector | Personalized match: sad (confidence: 0.96)
2025-11-30 12:45:48 | INFO     | emotion_detector | Detected emotion: neutral (confidence: 0.68)
2025-11-30 12:45:48 | INFO     | emotion_detector | Detected emotion: neutral (confidence: 0.67)
2025-11-30 12:45:49 | INFO     | emotion_calibration | Matched emotion: happy (similarity: 0.73)
2025-11-30 12:45:49 | INFO     | emotion_detector | Personalized match: happy (confidence: 0.73)
2025-11-30 12:45:55 | WARNING  | emotion_detector | Failed to capture frame from camera
2025-11-30 12:45:55 | INFO     | emotion_detector | Detected emotion: neutral (confidence: 0.77)
2025-11-30 12:45:56 | INFO     | emotion_calibration | Matched emotion: neutral (similarity: 0.87)
2025-11-30 12:45:56 | INFO     | emotion_detector | Personalized match: neutral (confidence: 0.87)
2025-11-30 12:46:02 | WARNING  | emotion_detector | Failed to capture frame from camera
2025-11-30 12:46:02 | WARNING  | emotion_detector | Failed to capture frame from camera
2025-11-30 12:46:03 | INFO     | emotion_detector | Detected emotion: neutral (confidence: 0.95)
2025-11-30 12:46:09 | INFO     | emotion_calibration | Matched emotion: angry (similarity: 0.86)
2025-11-30 12:46:09 | INFO     | emotion_detector | Personalized match: angry (confidence: 0.86)
2025-11-30 12:46:10 | INFO     | emotion_detector | Detected emotion: neutral (confidence: 0.99)
2025-11-30 12:46:10 | INFO     | emotion_detector | Detected emotion: neutral (confidence: 0.84)
2025-11-30 12:46:15 | INFO     | emotion_calibration | Matched emotion: neutral (similarity: 0.81)
2025-11-30 12:46:15 | INFO     | emotion_detector | Personalized match: neutral (confidence: 0.81)
2025-11-30 12:46:17 | WARNING  | emotion_detector | Failed to capture frame from camera
2025-11-30 12:46:17 | INFO     | emotion_detector | Detected emotion: neutral (confidence: 0.98)
2025-11-30 12:46:21 | INFO     | emotion_calibration | Matched emotion: neutral (similarity: 0.84)
2025-11-30 12:46:21 | INFO     | emotion_detector | Personalized match: neutral (confidence: 0.84)
2025-11-30 12:46:24 | INFO     | emotion_detector | Detected emotion: neutral (confidence: 0.89)
2025-11-30 12:46:24 | INFO     | emotion_detector | Detected emotion: neutral (confidence: 0.85)
2025-11-30 12:46:27 | INFO     | emotion_calibration | Matched emotion: neutral (similarity: 0.89)
2025-11-30 12:46:27 | INFO     | emotion_detector | Personalized match: neutral (confidence: 0.89)
2025-11-30 12:46:31 | INFO     | emotion_detector | Detected emotion: neutral (confidence: 0.95)
2025-11-30 12:46:31 | INFO     | emotion_detector | Detected emotion: neutral (confidence: 0.98)
2025-11-30 12:46:34 | INFO     | emotion_calibration | Matched emotion: neutral (similarity: 0.86)
2025-11-30 12:46:34 | INFO     | emotion_detector | Personalized match: neutral (confidence: 0.86)
2025-11-30 12:46:39 | INFO     | emotion_detector | Detected emotion: neutral (confidence: 0.97)
2025-11-30 12:46:39 | INFO     | emotion_detector | Detected emotion: neutral (confidence: 1.00)
2025-11-30 12:46:40 | INFO     | emotion_calibration | Matched emotion: neutral (similarity: 0.93)
2025-11-30 12:46:40 | INFO     | emotion_detector | Personalized match: neutral (confidence: 0.93)
2025-11-30 12:46:47 | WARNING  | emotion_detector | Failed to capture frame from camera
2025-11-30 12:46:47 | INFO     | emotion_detector | Detected emotion: neutral (confidence: 0.79)
2025-11-30 12:46:47 | INFO     | emotion_calibration | Matched emotion: neutral (similarity: 0.82)
2025-11-30 12:46:47 | INFO     | emotion_detector | Personalized match: neutral (confidence: 0.82)
2025-11-30 12:46:54 | WARNING  | emotion_detector | Failed to capture frame from camera
2025-11-30 12:46:54 | WARNING  | emotion_detector | Failed to capture frame from camera
2025-11-30 12:46:54 | INFO     | emotion_detector | Detected emotion: neutral (confidence: 0.99)
2025-11-30 12:47:01 | INFO     | emotion_calibration | Matched emotion: angry (similarity: 0.85)
2025-11-30 12:47:01 | INFO     | emotion_detector | Personalized match: angry (confidence: 0.85)
2025-11-30 12:47:02 | INFO     | emotion_detector | Detected emotion: neutral (confidence: 0.98)
2025-11-30 12:47:02 | INFO     | emotion_detector | Detected emotion: neutral (confidence: 0.98)
2025-11-30 12:47:08 | INFO     | emotion_calibration | Matched emotion: neutral (similarity: 0.88)
2025-11-30 12:47:08 | INFO     | emotion_detector | Personalized match: neutral (confidence: 0.88)
2025-11-30 12:47:09 | WARNING  | emotion_detector | Failed to capture frame from camera
2025-11-30 12:47:09 | INFO     | emotion_detector | Detected emotion: fear (confidence: 1.00)
2025-11-30 12:47:14 | INFO     | emotion_calibration | Matched emotion: sad (similarity: 0.94)
2025-11-30 12:47:14 | INFO     | emotion_detector | Personalized match: sad (confidence: 0.94)
2025-11-30 12:47:16 | INFO     | emotion_detector | Detected emotion: angry (confidence: 0.58)
2025-11-30 12:47:16 | INFO     | emotion_detector | Detected emotion: sad (confidence: 0.76)
2025-11-30 12:47:20 | INFO     | emotion_calibration | Matched emotion: sad (similarity: 0.93)
2025-11-30 12:47:20 | INFO     | emotion_detector | Personalized match: sad (confidence: 0.93)
2025-11-30 12:47:22 | INFO     | emotion_detector | Bias correction: Switched from fear/sad to neutral (neutral score: 0.24)
2025-11-30 12:47:22 | INFO     | emotion_detector | Detected emotion: neutral (confidence: 0.24)
2025-11-30 12:47:23 | INFO     | emotion_detector | Detected emotion: neutral (confidence: 0.87)
2025-11-30 12:47:26 | INFO     | emotion_calibration | Matched emotion: sad (similarity: 0.94)
2025-11-30 12:47:26 | INFO     | emotion_detector | Personalized match: sad (confidence: 0.94)
2025-11-30 12:47:29 | INFO     | emotion_detector | Detected emotion: angry (confidence: 0.63)
2025-11-30 12:47:30 | INFO     | emotion_detector | Detected emotion: angry (confidence: 0.37)
2025-11-30 12:47:32 | INFO     | emotion_calibration | Matched emotion: sad (similarity: 0.92)
2025-11-30 12:47:32 | INFO     | emotion_detector | Personalized match: sad (confidence: 0.92)
2025-11-30 12:47:37 | INFO     | emotion_detector | Detected emotion: fear (confidence: 0.63)
2025-11-30 12:47:37 | INFO     | emotion_detector | Detected emotion: fear (confidence: 0.46)
2025-11-30 12:47:39 | INFO     | emotion_calibration | Matched emotion: sad (similarity: 0.92)
2025-11-30 12:47:39 | INFO     | emotion_detector | Personalized match: sad (confidence: 0.92)
2025-11-30 12:47:44 | WARNING  | emotion_detector | Failed to capture frame from camera
2025-11-30 12:47:45 | INFO     | emotion_detector | Detected emotion: neutral (confidence: 0.82)
2025-11-30 12:47:46 | INFO     | emotion_calibration | Matched emotion: neutral (similarity: 0.88)
2025-11-30 12:47:46 | INFO     | emotion_detector | Personalized match: neutral (confidence: 0.88)
2025-11-30 12:47:52 | WARNING  | emotion_detector | Failed to capture frame from camera
2025-11-30 12:47:52 | INFO     | emotion_detector | Detected emotion: happy (confidence: 0.67)
2025-11-30 12:47:52 | INFO     | emotion_detector | Detected emotion: happy (confidence: 0.99)
2025-11-30 12:47:59 | INFO     | emotion_calibration | Matched emotion: sad (similarity: 0.87)
2025-11-30 12:47:59 | INFO     | emotion_detector | Personalized match: sad (confidence: 0.87)
2025-11-30 12:47:59 | INFO     | emotion_detector | Detected emotion: sad (confidence: 0.99)
2025-11-30 12:48:00 | INFO     | emotion_detector | Detected emotion: sad (confidence: 0.99)
2025-11-30 12:48:05 | INFO     | emotion_calibration | Matched emotion: surprised (similarity: 0.87)
2025-11-30 12:48:05 | INFO     | emotion_detector | Personalized match: surprised (confidence: 0.87)
2025-11-30 12:48:06 | INFO     | emotion_detector | Detected emotion: sad (confidence: 0.99)
2025-11-30 12:48:07 | INFO     | emotion_detector | Detected emotion: sad (confidence: 0.96)
2025-11-30 12:48:11 | INFO     | emotion_calibration | Matched emotion: surprised (similarity: 0.89)
2025-11-30 12:48:11 | INFO     | emotion_detector | Personalized match: surprised (confidence: 0.89)
2025-11-30 12:48:13 | INFO     | emotion_detector | Detected emotion: happy (confidence: 0.96)
2025-11-30 12:48:14 | INFO     | emotion_detector | Detected emotion: sad (confidence: 0.73)
2025-11-30 12:48:17 | INFO     | emotion_calibration | Matched emotion: sad (similarity: 0.83)
2025-11-30 12:48:17 | INFO     | emotion_detector | Personalized match: sad (confidence: 0.83)
2025-11-30 12:48:20 | INFO     | emotion_detector | Detected emotion: fear (confidence: 0.95)
2025-11-30 12:48:21 | INFO     | emotion_detector | Detected emotion: happy (confidence: 0.67)
2025-11-30 12:48:23 | INFO     | emotion_calibration | Matched emotion: neutral (similarity: 0.89)
2025-11-30 12:48:23 | INFO     | emotion_detector | Personalized match: neutral (confidence: 0.89)
2025-11-30 12:48:27 | INFO     | emotion_detector | Detected emotion: neutral (confidence: 0.62)
2025-11-30 12:48:28 | INFO     | emotion_detector | Detected emotion: neutral (confidence: 0.86)
2025-11-30 12:48:29 | INFO     | emotion_calibration | Matched emotion: neutral (similarity: 0.89)
2025-11-30 12:48:29 | INFO     | emotion_detector | Personalized match: neutral (confidence: 0.89)
2025-11-30 12:48:35 | INFO     | emotion_detector | Detected emotion: neutral (confidence: 1.00)
2025-11-30 12:48:35 | INFO     | emotion_detector | Detected emotion: neutral (confidence: 1.00)
2025-11-30 12:48:36 | INFO     | emotion_calibration | Matched emotion: neutral (similarity: 0.89)
2025-11-30 12:48:36 | INFO     | emotion_detector | Personalized match: neutral (confidence: 0.89)
2025-11-30 12:48:43 | WARNING  | emotion_detector | Failed to capture frame from camera
2025-11-30 12:48:43 | INFO     | emotion_detector | Detected emotion: sad (confidence: 0.94)
2025-11-30 12:48:44 | INFO     | emotion_calibration | Matched emotion: sad (similarity: 0.90)
2025-11-30 12:48:44 | INFO     | emotion_detector | Personalized match: sad (confidence: 0.90)
2025-11-30 12:48:50 | WARNING  | emotion_detector | Failed to capture frame from camera
2025-11-30 12:48:50 | WARNING  | emotion_detector | Failed to capture frame from camera
2025-11-30 12:48:50 | INFO     | emotion_detector | Detected emotion: neutral (confidence: 0.67)
2025-11-30 12:48:57 | INFO     | emotion_calibration | Matched emotion: neutral (similarity: 0.85)
2025-11-30 12:48:57 | INFO     | emotion_detector | Personalized match: neutral (confidence: 0.85)
2025-11-30 12:48:58 | INFO     | emotion_detector | Detected emotion: neutral (confidence: 0.62)
2025-11-30 12:48:58 | INFO     | emotion_detector | Detected emotion: neutral (confidence: 0.67)
2025-11-30 12:49:03 | INFO     | emotion_calibration | Matched emotion: happy (similarity: 0.91)
2025-11-30 12:49:03 | INFO     | emotion_detector | Personalized match: happy (confidence: 0.91)
2025-11-30 12:49:05 | INFO     | emotion_detector | Detected emotion: fear (confidence: 0.90)
2025-11-30 12:49:05 | INFO     | emotion_detector | Detected emotion: fear (confidence: 0.88)
2025-11-30 12:49:10 | INFO     | emotion_calibration | Matched emotion: sad (similarity: 0.92)
2025-11-30 12:49:10 | INFO     | emotion_detector | Personalized match: sad (confidence: 0.92)
2025-11-30 12:49:12 | INFO     | emotion_detector | Detected emotion: fear (confidence: 0.94)
2025-11-30 12:49:12 | INFO     | emotion_detector | Detected emotion: fear (confidence: 0.91)
2025-11-30 12:49:16 | INFO     | emotion_calibration | Matched emotion: happy (similarity: 0.95)
2025-11-30 12:49:16 | INFO     | emotion_detector | Personalized match: happy (confidence: 0.95)
2025-11-30 12:49:19 | INFO     | emotion_detector | Detected emotion: fear (confidence: 0.85)
2025-11-30 12:49:19 | INFO     | emotion_detector | Detected emotion: fear (confidence: 0.87)
2025-11-30 12:49:21 | INFO     | emotion_calibration | Matched emotion: happy (similarity: 0.93)
2025-11-30 12:49:21 | INFO     | emotion_detector | Personalized match: happy (confidence: 0.93)
2025-11-30 12:49:25 | WARNING  | emotion_detector | Failed to capture frame from camera
2025-11-30 12:49:26 | INFO     | emotion_detector | Detected emotion: fear (confidence: 0.82)
2025-11-30 12:49:28 | INFO     | emotion_calibration | Matched emotion: happy (similarity: 0.93)
2025-11-30 12:49:28 | INFO     | emotion_detector | Personalized match: happy (confidence: 0.93)
2025-11-30 12:49:33 | INFO     | emotion_detector | Detected emotion: fear (confidence: 0.83)
2025-11-30 12:49:33 | INFO     | emotion_detector | Detected emotion: fear (confidence: 0.89)
2025-11-30 12:49:35 | INFO     | emotion_calibration | Matched emotion: happy (similarity: 0.93)
2025-11-30 12:49:35 | INFO     | emotion_detector | Personalized match: happy (confidence: 0.93)
2025-11-30 12:49:40 | INFO     | emotion_detector | Detected emotion: fear (confidence: 0.86)
2025-11-30 12:49:41 | INFO     | emotion_detector | Detected emotion: fear (confidence: 0.88)
2025-11-30 12:49:41 | INFO     | emotion_calibration | Matched emotion: happy (similarity: 0.94)
2025-11-30 12:49:41 | INFO     | emotion_detector | Personalized match: happy (confidence: 0.94)
2025-11-30 12:49:47 | WARNING  | emotion_detector | Failed to capture frame from camera
2025-11-30 12:49:48 | INFO     | emotion_detector | Detected emotion: fear (confidence: 0.91)
2025-11-30 12:49:48 | INFO     | emotion_detector | Detected emotion: fear (confidence: 0.93)
2025-11-30 12:49:54 | INFO     | emotion_calibration | Matched emotion: sad (similarity: 0.93)
2025-11-30 12:49:54 | INFO     | emotion_detector | Personalized match: sad (confidence: 0.93)
2025-11-30 12:49:55 | INFO     | emotion_detector | Detected emotion: fear (confidence: 0.94)
2025-11-30 12:49:55 | INFO     | emotion_detector | Detected emotion: fear (confidence: 0.95)
2025-11-30 12:50:01 | INFO     | emotion_calibration | Matched emotion: sad (similarity: 0.93)
2025-11-30 12:50:01 | INFO     | emotion_detector | Personalized match: sad (confidence: 0.93)
2025-11-30 12:50:02 | INFO     | emotion_detector | Detected emotion: fear (confidence: 0.93)
2025-11-30 12:50:02 | INFO     | emotion_detector | Detected emotion: fear (confidence: 0.92)
2025-11-30 12:50:07 | INFO     | emotion_calibration | Matched emotion: sad (similarity: 0.93)
2025-11-30 12:50:07 | INFO     | emotion_detector | Personalized match: sad (confidence: 0.93)
2025-11-30 12:50:09 | INFO     | emotion_detector | Detected emotion: fear (confidence: 0.94)
2025-11-30 12:50:09 | INFO     | emotion_detector | Detected emotion: fear (confidence: 0.91)
2025-11-30 12:50:13 | INFO     | emotion_calibration | Matched emotion: sad (similarity: 0.92)
2025-11-30 12:50:13 | INFO     | emotion_detector | Personalized match: sad (confidence: 0.92)
2025-11-30 12:50:16 | INFO     | emotion_detector | Detected emotion: fear (confidence: 0.71)
2025-11-30 12:50:16 | INFO     | emotion_detector | Detected emotion: fear (confidence: 0.76)
2025-11-30 12:50:19 | INFO     | emotion_calibration | Matched emotion: happy (similarity: 0.94)
2025-11-30 12:50:19 | INFO     | emotion_detector | Personalized match: happy (confidence: 0.94)
2025-11-30 12:50:23 | INFO     | emotion_detector | Detected emotion: fear (confidence: 0.71)
2025-11-30 12:50:23 | INFO     | emotion_detector | Detected emotion: fear (confidence: 0.74)
2025-11-30 12:50:25 | INFO     | emotion_calibration | Matched emotion: sad (similarity: 0.95)
2025-11-30 12:50:25 | INFO     | emotion_detector | Personalized match: sad (confidence: 0.95)
2025-11-30 12:50:31 | INFO     | emotion_detector | Detected emotion: sad (confidence: 0.91)
2025-11-30 12:50:31 | INFO     | emotion_detector | Detected emotion: sad (confidence: 0.63)
2025-11-30 12:50:32 | INFO     | emotion_calibration | Matched emotion: happy (similarity: 0.94)
2025-11-30 12:50:32 | INFO     | emotion_detector | Personalized match: happy (confidence: 0.94)
2025-11-30 12:50:38 | INFO     | emotion_detector | Detected emotion: sad (confidence: 0.52)
2025-11-30 12:50:38 | WARNING  | emotion_detector | Failed to capture frame from camera
2025-11-30 12:50:39 | INFO     | emotion_detector | Detected emotion: fear (confidence: 0.64)
2025-11-30 12:50:45 | INFO     | emotion_calibration | Matched emotion: happy (similarity: 0.95)
2025-11-30 12:50:45 | INFO     | emotion_detector | Personalized match: happy (confidence: 0.95)
2025-11-30 12:50:45 | INFO     | emotion_detector | Detected emotion: sad (confidence: 0.52)
2025-11-30 12:50:46 | INFO     | emotion_detector | Detected emotion: sad (confidence: 0.58)
2025-11-30 12:50:52 | INFO     | emotion_calibration | Matched emotion: sad (similarity: 0.93)
2025-11-30 12:50:52 | INFO     | emotion_detector | Personalized match: sad (confidence: 0.93)
2025-11-30 12:50:53 | INFO     | emotion_detector | Detected emotion: neutral (confidence: 0.92)
2025-11-30 12:50:53 | INFO     | emotion_detector | Detected emotion: surprise (confidence: 0.45)
2025-11-30 12:50:58 | INFO     | emotion_calibration | Matched emotion: happy (similarity: 0.95)
2025-11-30 12:50:58 | INFO     | emotion_detector | Personalized match: happy (confidence: 0.95)
2025-11-30 12:51:00 | INFO     | emotion_detector | Detected emotion: fear (confidence: 0.83)
2025-11-30 12:51:00 | INFO     | emotion_detector | Detected emotion: fear (confidence: 0.44)
2025-11-30 12:51:05 | INFO     | emotion_calibration | Matched emotion: sad (similarity: 0.92)
2025-11-30 12:51:05 | INFO     | emotion_detector | Personalized match: sad (confidence: 0.92)
2025-11-30 12:51:07 | INFO     | emotion_detector | Detected emotion: sad (confidence: 0.78)
2025-11-30 12:51:07 | INFO     | emotion_detector | Detected emotion: sad (confidence: 0.66)
2025-11-30 12:51:11 | INFO     | emotion_calibration | Matched emotion: happy (similarity: 0.95)
2025-11-30 12:51:11 | INFO     | emotion_detector | Personalized match: happy (confidence: 0.95)
2025-11-30 12:51:14 | WARNING  | emotion_detector | Failed to capture frame from camera
2025-11-30 12:51:14 | INFO     | emotion_detector | Detected emotion: sad (confidence: 0.65)
2025-11-30 12:51:17 | INFO     | emotion_calibration | Matched emotion: happy (similarity: 0.95)
2025-11-30 12:51:17 | INFO     | emotion_detector | Personalized match: happy (confidence: 0.95)
2025-11-30 12:51:20 | WARNING  | emotion_detector | Failed to capture frame from camera
2025-11-30 12:51:21 | INFO     | emotion_detector | Detected emotion: sad (confidence: 0.69)
2025-11-30 12:51:23 | INFO     | emotion_calibration | Matched emotion: happy (similarity: 0.95)
2025-11-30 12:51:23 | INFO     | emotion_detector | Personalized match: happy (confidence: 0.95)
2025-11-30 12:51:28 | INFO     | emotion_detector | Detected emotion: sad (confidence: 0.69)
2025-11-30 12:51:28 | INFO     | emotion_detector | Detected emotion: sad (confidence: 0.68)
2025-11-30 12:51:30 | INFO     | emotion_calibration | Matched emotion: happy (similarity: 0.95)
2025-11-30 12:51:30 | INFO     | emotion_detector | Personalized match: happy (confidence: 0.95)
2025-11-30 12:51:35 | INFO     | emotion_detector | Detected emotion: sad (confidence: 0.76)
2025-11-30 12:51:36 | INFO     | emotion_detector | Detected emotion: sad (confidence: 0.74)
2025-11-30 12:51:37 | INFO     | emotion_calibration | Matched emotion: happy (similarity: 0.95)
2025-11-30 12:51:37 | INFO     | emotion_detector | Personalized match: happy (confidence: 0.95)
2025-11-30 12:51:43 | WARNING  | emotion_detector | Failed to capture frame from camera
2025-11-30 12:51:43 | INFO     | emotion_detector | Detected emotion: sad (confidence: 0.70)
2025-11-30 12:51:43 | INFO     | emotion_detector | Detected emotion: sad (confidence: 0.63)
2025-11-30 12:51:50 | INFO     | emotion_calibration | Matched emotion: happy (similarity: 0.94)
2025-11-30 12:51:50 | INFO     | emotion_detector | Personalized match: happy (confidence: 0.94)
2025-11-30 12:51:50 | INFO     | emotion_detector | Detected emotion: sad (confidence: 0.59)
2025-11-30 12:51:51 | INFO     | emotion_detector | Detected emotion: sad (confidence: 0.61)
2025-11-30 12:51:57 | INFO     | emotion_calibration | Matched emotion: happy (similarity: 0.95)
2025-11-30 12:51:57 | INFO     | emotion_detector | Personalized match: happy (confidence: 0.95)
2025-11-30 12:51:57 | INFO     | emotion_detector | Detected emotion: sad (confidence: 0.57)
2025-11-30 12:51:58 | INFO     | emotion_detector | Detected emotion: sad (confidence: 0.65)
2025-11-30 12:52:03 | INFO     | emotion_calibration | Matched emotion: happy (similarity: 0.95)
2025-11-30 12:52:03 | INFO     | emotion_detector | Personalized match: happy (confidence: 0.95)
2025-11-30 12:52:04 | INFO     | emotion_detector | Detected emotion: sad (confidence: 0.57)
2025-11-30 12:52:05 | INFO     | emotion_detector | Detected emotion: sad (confidence: 0.58)
2025-11-30 12:52:09 | INFO     | emotion_calibration | Matched emotion: happy (similarity: 0.95)
2025-11-30 12:52:09 | INFO     | emotion_detector | Personalized match: happy (confidence: 0.95)
2025-11-30 12:52:11 | INFO     | emotion_detector | Detected emotion: sad (confidence: 0.62)
2025-11-30 12:52:12 | INFO     | emotion_detector | Detected emotion: sad (confidence: 0.57)
2025-11-30 12:52:15 | INFO     | emotion_calibration | Matched emotion: happy (similarity: 0.95)
2025-11-30 12:52:15 | INFO     | emotion_detector | Personalized match: happy (confidence: 0.95)
2025-11-30 12:52:18 | INFO     | emotion_detector | Bias correction: Switched from fear/sad to neutral (neutral score: 0.44)
2025-11-30 12:52:18 | INFO     | emotion_detector | Detected emotion: neutral (confidence: 0.44)
2025-11-30 12:52:18 | INFO     | emotion_detector | Bias correction: Switched from fear/sad to neutral (neutral score: 0.46)
2025-11-30 12:52:18 | INFO     | emotion_detector | Detected emotion: neutral (confidence: 0.46)
2025-11-30 12:52:21 | INFO     | emotion_calibration | Matched emotion: happy (similarity: 0.95)
2025-11-30 12:52:21 | INFO     | emotion_detector | Personalized match: happy (confidence: 0.95)
2025-11-30 12:52:25 | INFO     | emotion_detector | Bias correction: Switched from fear/sad to neutral (neutral score: 0.48)
2025-11-30 12:52:25 | INFO     | emotion_detector | Detected emotion: neutral (confidence: 0.48)
2025-11-30 12:52:25 | INFO     | emotion_detector | Detected emotion: neutral (confidence: 0.57)
2025-11-30 12:52:27 | INFO     | emotion_calibration | Matched emotion: happy (similarity: 0.95)
2025-11-30 12:52:27 | INFO     | emotion_detector | Personalized match: happy (confidence: 0.95)
2025-11-30 12:52:32 | INFO     | emotion_detector | Detected emotion: neutral (confidence: 0.57)
2025-11-30 12:52:32 | INFO     | emotion_detector | Detected emotion: neutral (confidence: 0.54)
2025-11-30 12:52:34 | INFO     | emotion_calibration | Matched emotion: happy (similarity: 0.95)
2025-11-30 12:52:34 | INFO     | emotion_detector | Personalized match: happy (confidence: 0.95)
2025-11-30 12:52:39 | INFO     | emotion_detector | Detected emotion: neutral (confidence: 0.61)
2025-11-30 12:52:39 | INFO     | emotion_detector | Detected emotion: neutral (confidence: 0.63)
2025-11-30 12:52:40 | INFO     | emotion_calibration | Matched emotion: happy (similarity: 0.95)
2025-11-30 12:52:40 | INFO     | emotion_detector | Personalized match: happy (confidence: 0.95)
2025-11-30 12:52:46 | WARNING  | emotion_detector | Failed to capture frame from camera
2025-11-30 12:52:47 | INFO     | emotion_detector | Detected emotion: neutral (confidence: 0.58)
2025-11-30 12:52:47 | INFO     | emotion_detector | Detected emotion: neutral (confidence: 0.59)
2025-11-30 12:52:53 | INFO     | emotion_calibration | Matched emotion: happy (similarity: 0.94)
2025-11-30 12:52:53 | INFO     | emotion_detector | Personalized match: happy (confidence: 0.94)
2025-11-30 12:52:54 | INFO     | emotion_detector | Detected emotion: neutral (confidence: 0.59)
2025-11-30 12:52:54 | INFO     | emotion_detector | Detected emotion: neutral (confidence: 0.52)
2025-11-30 12:53:00 | INFO     | emotion_calibration | Matched emotion: happy (similarity: 0.94)
2025-11-30 12:53:00 | INFO     | emotion_detector | Personalized match: happy (confidence: 0.94)
2025-11-30 12:53:01 | INFO     | emotion_detector | Bias correction: Switched from fear/sad to neutral (neutral score: 0.44)
2025-11-30 12:53:01 | INFO     | emotion_detector | Detected emotion: neutral (confidence: 0.44)
2025-11-30 12:53:02 | INFO     | emotion_detector | Detected emotion: neutral (confidence: 0.51)
2025-11-30 12:53:07 | INFO     | emotion_calibration | Matched emotion: happy (similarity: 0.95)
2025-11-30 12:53:07 | INFO     | emotion_detector | Personalized match: happy (confidence: 0.95)
2025-11-30 12:53:08 | INFO     | emotion_detector | Detected emotion: sad (confidence: 0.65)
2025-11-30 12:53:09 | INFO     | emotion_detector | Detected emotion: sad (confidence: 0.64)
2025-11-30 12:53:12 | INFO     | emotion_calibration | Matched emotion: happy (similarity: 0.95)
2025-11-30 12:53:12 | INFO     | emotion_detector | Personalized match: happy (confidence: 0.95)
2025-11-30 12:53:15 | INFO     | emotion_detector | Detected emotion: sad (confidence: 0.57)
2025-11-30 12:53:16 | INFO     | emotion_detector | Detected emotion: sad (confidence: 0.58)
2025-11-30 12:53:18 | INFO     | emotion_calibration | Matched emotion: happy (similarity: 0.95)
2025-11-30 12:53:18 | INFO     | emotion_detector | Personalized match: happy (confidence: 0.95)
2025-11-30 12:53:22 | INFO     | emotion_detector | Bias correction: Switched from fear/sad to neutral (neutral score: 0.42)
2025-11-30 12:53:22 | INFO     | emotion_detector | Detected emotion: neutral (confidence: 0.42)
2025-11-30 12:53:23 | INFO     | emotion_detector | Bias correction: Switched from fear/sad to neutral (neutral score: 0.45)
2025-11-30 12:53:23 | INFO     | emotion_detector | Detected emotion: neutral (confidence: 0.45)
2025-11-30 12:53:25 | INFO     | emotion_calibration | Matched emotion: happy (similarity: 0.95)
2025-11-30 12:53:25 | INFO     | emotion_detector | Personalized match: happy (confidence: 0.95)
2025-11-30 12:53:30 | INFO     | emotion_detector | Detected emotion: neutral (confidence: 0.52)
2025-11-30 12:53:30 | INFO     | emotion_detector | Detected emotion: neutral (confidence: 0.54)
2025-11-30 12:53:31 | INFO     | emotion_calibration | Matched emotion: happy (similarity: 0.95)
2025-11-30 12:53:31 | INFO     | emotion_detector | Personalized match: happy (confidence: 0.95)
2025-11-30 12:53:38 | WARNING  | emotion_detector | Failed to capture frame from camera
2025-11-30 12:53:38 | INFO     | emotion_detector | Bias correction: Switched from fear/sad to neutral (neutral score: 0.47)
2025-11-30 12:53:38 | INFO     | emotion_detector | Detected emotion: neutral (confidence: 0.47)
2025-11-30 12:53:38 | INFO     | emotion_detector | Detected emotion: neutral (confidence: 0.50)
2025-11-30 12:53:45 | INFO     | emotion_calibration | Matched emotion: happy (similarity: 0.94)
2025-11-30 12:53:45 | INFO     | emotion_detector | Personalized match: happy (confidence: 0.94)
2025-11-30 12:53:45 | INFO     | emotion_detector | Bias correction: Switched from fear/sad to neutral (neutral score: 0.48)
2025-11-30 12:53:45 | INFO     | emotion_detector | Detected emotion: neutral (confidence: 0.48)
2025-11-30 12:53:45 | INFO     | emotion_detector | Detected emotion: neutral (confidence: 0.51)
2025-11-30 12:53:51 | INFO     | emotion_calibration | Matched emotion: happy (similarity: 0.94)
2025-11-30 12:53:51 | INFO     | emotion_detector | Personalized match: happy (confidence: 0.94)
2025-11-30 12:53:52 | INFO     | emotion_detector | Bias correction: Switched from fear/sad to neutral (neutral score: 0.43)
2025-11-30 12:53:52 | INFO     | emotion_detector | Detected emotion: neutral (confidence: 0.43)
2025-11-30 12:53:53 | INFO     | emotion_detector | Detected emotion: sad (confidence: 0.62)
2025-11-30 12:53:58 | INFO     | emotion_calibration | Matched emotion: happy (similarity: 0.94)
2025-11-30 12:53:58 | INFO     | emotion_detector | Personalized match: happy (confidence: 0.94)
2025-11-30 12:53:59 | INFO     | emotion_detector | Detected emotion: neutral (confidence: 0.49)
2025-11-30 12:54:00 | INFO     | emotion_detector | Detected emotion: neutral (confidence: 0.59)
2025-11-30 12:54:04 | INFO     | emotion_calibration | Matched emotion: happy (similarity: 0.94)
2025-11-30 12:54:04 | INFO     | emotion_detector | Personalized match: happy (confidence: 0.94)
2025-11-30 12:54:06 | INFO     | emotion_detector | Detected emotion: neutral (confidence: 0.70)
2025-11-30 12:54:07 | INFO     | emotion_detector | Detected emotion: neutral (confidence: 0.60)
2025-11-30 12:54:10 | INFO     | emotion_calibration | Matched emotion: happy (similarity: 0.95)
2025-11-30 12:54:10 | INFO     | emotion_detector | Personalized match: happy (confidence: 0.95)
2025-11-30 12:54:13 | WARNING  | emotion_detector | Failed to capture frame from camera
2025-11-30 12:54:13 | INFO     | emotion_detector | Detected emotion: neutral (confidence: 0.69)
2025-11-30 12:54:16 | INFO     | emotion_calibration | Matched emotion: happy (similarity: 0.95)
2025-11-30 12:54:16 | INFO     | emotion_detector | Personalized match: happy (confidence: 0.95)
2025-11-30 12:54:20 | WARNING  | emotion_detector | Failed to capture frame from camera
2025-11-30 12:54:20 | INFO     | emotion_detector | Bias correction: Switched from fear/sad to neutral (neutral score: 0.44)
2025-11-30 12:54:20 | INFO     | emotion_detector | Detected emotion: neutral (confidence: 0.44)
2025-11-30 12:54:22 | INFO     | emotion_calibration | Matched emotion: happy (similarity: 0.95)
2025-11-30 12:54:22 | INFO     | emotion_detector | Personalized match: happy (confidence: 0.95)
2025-11-30 12:54:27 | INFO     | emotion_detector | Detected emotion: neutral (confidence: 0.54)
2025-11-30 12:54:28 | INFO     | emotion_detector | Detected emotion: neutral (confidence: 0.63)
2025-11-30 12:54:29 | INFO     | emotion_calibration | Matched emotion: happy (similarity: 0.95)
2025-11-30 12:54:29 | INFO     | emotion_detector | Personalized match: happy (confidence: 0.95)
2025-11-30 12:54:35 | WARNING  | emotion_detector | Failed to capture frame from camera
2025-11-30 12:54:35 | INFO     | emotion_detector | Detected emotion: sad (confidence: 1.00)
2025-11-30 12:54:36 | INFO     | emotion_calibration | Matched emotion: happy (similarity: 0.95)
2025-11-30 12:54:36 | INFO     | emotion_detector | Personalized match: happy (confidence: 0.95)
2025-11-30 12:54:42 | WARNING  | emotion_detector | Failed to capture frame from camera
2025-11-30 12:54:43 | INFO     | emotion_detector | Detected emotion: surprise (confidence: 0.97)
2025-11-30 12:54:43 | INFO     | emotion_detector | Detected emotion: neutral (confidence: 0.97)
2025-11-30 12:54:49 | INFO     | emotion_calibration | Matched emotion: happy (similarity: 0.95)
2025-11-30 12:54:49 | INFO     | emotion_detector | Personalized match: happy (confidence: 0.95)
2025-11-30 12:54:50 | INFO     | emotion_detector | Detected emotion: fear (confidence: 1.00)
2025-11-30 12:54:50 | INFO     | emotion_detector | Detected emotion: fear (confidence: 1.00)
2025-11-30 12:54:55 | INFO     | emotion_calibration | Matched emotion: angry (similarity: 0.81)
2025-11-30 12:54:55 | INFO     | emotion_detector | Personalized match: angry (confidence: 0.81)
2025-11-30 12:54:57 | INFO     | emotion_detector | Detected emotion: fear (confidence: 1.00)
2025-11-30 12:54:57 | INFO     | emotion_detector | Detected emotion: fear (confidence: 1.00)
2025-11-30 12:55:02 | INFO     | emotion_calibration | Matched emotion: angry (similarity: 0.81)
2025-11-30 12:55:02 | INFO     | emotion_detector | Personalized match: angry (confidence: 0.81)
2025-11-30 12:55:04 | INFO     | emotion_detector | Detected emotion: fear (confidence: 0.97)
2025-11-30 12:55:04 | INFO     | emotion_detector | Detected emotion: fear (confidence: 1.00)
2025-11-30 12:55:08 | INFO     | emotion_calibration | Matched emotion: angry (similarity: 0.82)
2025-11-30 12:55:08 | INFO     | emotion_detector | Personalized match: angry (confidence: 0.82)
2025-11-30 12:55:11 | INFO     | emotion_detector | Detected emotion: fear (confidence: 1.00)
2025-11-30 12:55:11 | INFO     | emotion_detector | Detected emotion: fear (confidence: 1.00)
2025-11-30 12:55:14 | INFO     | emotion_calibration | Matched emotion: angry (similarity: 0.82)
2025-11-30 12:55:14 | INFO     | emotion_detector | Personalized match: angry (confidence: 0.82)
2025-11-30 12:55:18 | INFO     | emotion_detector | Detected emotion: fear (confidence: 1.00)
2025-11-30 12:55:19 | INFO     | emotion_detector | Detected emotion: fear (confidence: 1.00)
2025-11-30 12:55:20 | INFO     | emotion_calibration | Matched emotion: sad (similarity: 0.83)
2025-11-30 12:55:20 | INFO     | emotion_detector | Personalized match: sad (confidence: 0.83)
2025-11-30 12:55:26 | INFO     | emotion_detector | Detected emotion: fear (confidence: 0.99)
2025-11-30 12:55:26 | INFO     | emotion_detector | Detected emotion: fear (confidence: 1.00)
2025-11-30 12:55:27 | INFO     | emotion_calibration | Matched emotion: sad (similarity: 0.88)
2025-11-30 12:55:27 | INFO     | emotion_detector | Personalized match: sad (confidence: 0.88)
2025-11-30 12:55:33 | WARNING  | emotion_detector | Failed to capture frame from camera
2025-11-30 12:55:34 | INFO     | emotion_detector | Detected emotion: fear (confidence: 1.00)
2025-11-30 12:55:34 | INFO     | emotion_detector | Detected emotion: fear (confidence: 1.00)
2025-11-30 12:55:40 | INFO     | emotion_calibration | Matched emotion: sad (similarity: 0.88)
2025-11-30 12:55:40 | INFO     | emotion_detector | Personalized match: sad (confidence: 0.88)
2025-11-30 12:55:41 | INFO     | emotion_detector | Detected emotion: fear (confidence: 1.00)
2025-11-30 12:55:41 | INFO     | emotion_detector | Detected emotion: fear (confidence: 0.97)
2025-11-30 12:55:47 | INFO     | emotion_calibration | Matched emotion: sad (similarity: 0.91)
2025-11-30 12:55:47 | INFO     | emotion_detector | Personalized match: sad (confidence: 0.91)
2025-11-30 12:55:48 | INFO     | emotion_detector | Detected emotion: fear (confidence: 1.00)
2025-11-30 12:55:49 | INFO     | emotion_detector | Detected emotion: fear (confidence: 1.00)
2025-11-30 12:55:53 | INFO     | emotion_calibration | Matched emotion: sad (similarity: 0.87)
2025-11-30 12:55:53 | INFO     | emotion_detector | Personalized match: sad (confidence: 0.87)
2025-11-30 12:55:55 | INFO     | emotion_detector | Detected emotion: fear (confidence: 1.00)
2025-11-30 12:55:55 | INFO     | emotion_detector | Detected emotion: fear (confidence: 1.00)
2025-11-30 12:55:59 | INFO     | emotion_calibration | Matched emotion: sad (similarity: 0.87)
2025-11-30 12:55:59 | INFO     | emotion_detector | Personalized match: sad (confidence: 0.87)
2025-11-30 12:56:02 | INFO     | emotion_detector | Detected emotion: fear (confidence: 1.00)
2025-11-30 12:56:03 | INFO     | emotion_detector | Detected emotion: fear (confidence: 1.00)
2025-11-30 12:56:05 | INFO     | emotion_calibration | Matched emotion: sad (similarity: 0.88)
2025-11-30 12:56:05 | INFO     | emotion_detector | Personalized match: sad (confidence: 0.88)
2025-11-30 12:56:10 | INFO     | emotion_detector | Detected emotion: fear (confidence: 1.00)
2025-11-30 12:56:10 | INFO     | emotion_detector | Detected emotion: fear (confidence: 1.00)
2025-11-30 12:56:11 | INFO     | emotion_calibration | Matched emotion: sad (similarity: 0.86)
2025-11-30 12:56:11 | INFO     | emotion_detector | Personalized match: sad (confidence: 0.86)
2025-11-30 12:56:17 | WARNING  | emotion_detector | Failed to capture frame from camera
2025-11-30 12:56:17 | INFO     | emotion_detector | Detected emotion: fear (confidence: 1.00)
2025-11-30 12:56:18 | INFO     | emotion_calibration | Matched emotion: sad (similarity: 0.85)
2025-11-30 12:56:18 | INFO     | emotion_detector | Personalized match: sad (confidence: 0.85)
2025-11-30 12:56:24 | WARNING  | emotion_detector | Failed to capture frame from camera
2025-11-30 12:56:24 | WARNING  | emotion_detector | Failed to capture frame from camera
2025-11-30 12:56:25 | INFO     | emotion_calibration | Matched emotion: sad (similarity: 0.86)
2025-11-30 12:56:25 | INFO     | emotion_detector | Personalized match: sad (confidence: 0.86)
2025-11-30 12:56:32 | WARNING  | emotion_detector | Failed to capture frame from camera
2025-11-30 12:56:32 | WARNING  | emotion_detector | Failed to capture frame from camera
2025-11-30 12:56:32 | INFO     | emotion_detector | Detected emotion: fear (confidence: 1.00)
2025-11-30 12:56:38 | INFO     | emotion_calibration | Matched emotion: sad (similarity: 0.88)
2025-11-30 12:56:38 | INFO     | emotion_detector | Personalized match: sad (confidence: 0.88)
2025-11-30 12:56:39 | INFO     | emotion_detector | Detected emotion: fear (confidence: 1.00)
2025-11-30 12:56:39 | INFO     | emotion_detector | Detected emotion: fear (confidence: 1.00)
2025-11-30 12:56:45 | INFO     | emotion_calibration | Matched emotion: sad (similarity: 0.84)
2025-11-30 12:56:45 | INFO     | emotion_detector | Personalized match: sad (confidence: 0.84)
2025-11-30 12:56:46 | INFO     | emotion_detector | Detected emotion: fear (confidence: 1.00)
2025-11-30 12:56:47 | INFO     | emotion_detector | Detected emotion: fear (confidence: 1.00)
2025-11-30 12:56:51 | INFO     | emotion_calibration | Matched emotion: sad (similarity: 0.83)
2025-11-30 12:56:51 | INFO     | emotion_detector | Personalized match: sad (confidence: 0.83)
2025-11-30 12:56:53 | INFO     | emotion_detector | Detected emotion: fear (confidence: 1.00)
2025-11-30 12:56:53 | INFO     | emotion_detector | Detected emotion: fear (confidence: 1.00)
2025-11-30 12:56:58 | INFO     | emotion_calibration | Matched emotion: sad (similarity: 0.84)
2025-11-30 12:56:58 | INFO     | emotion_detector | Personalized match: sad (confidence: 0.84)
2025-11-30 12:57:00 | INFO     | emotion_detector | Detected emotion: fear (confidence: 1.00)
2025-11-30 12:57:00 | INFO     | emotion_detector | Detected emotion: fear (confidence: 1.00)
2025-11-30 12:57:04 | INFO     | emotion_calibration | Matched emotion: sad (similarity: 0.84)
2025-11-30 12:57:04 | INFO     | emotion_detector | Personalized match: sad (confidence: 0.84)
2025-11-30 12:57:07 | INFO     | emotion_detector | Detected emotion: fear (confidence: 1.00)
2025-11-30 12:57:07 | INFO     | emotion_detector | Detected emotion: fear (confidence: 1.00)
2025-11-30 12:57:10 | INFO     | emotion_calibration | Matched emotion: sad (similarity: 0.83)
2025-11-30 12:57:10 | INFO     | emotion_detector | Personalized match: sad (confidence: 0.83)
2025-11-30 12:57:14 | INFO     | emotion_detector | Detected emotion: fear (confidence: 0.99)
2025-11-30 12:57:14 | INFO     | emotion_detector | Detected emotion: fear (confidence: 1.00)
2025-11-30 12:57:16 | INFO     | emotion_calibration | Matched emotion: sad (similarity: 0.84)
2025-11-30 12:57:16 | INFO     | emotion_detector | Personalized match: sad (confidence: 0.84)
2025-11-30 12:57:21 | WARNING  | emotion_detector | Failed to capture frame from camera
2025-11-30 12:57:21 | INFO     | emotion_detector | Detected emotion: fear (confidence: 0.99)
2025-11-30 12:57:23 | INFO     | emotion_calibration | Matched emotion: sad (similarity: 0.82)
2025-11-30 12:57:23 | INFO     | emotion_detector | Personalized match: sad (confidence: 0.82)
2025-11-30 12:57:28 | INFO     | emotion_detector | Detected emotion: fear (confidence: 1.00)
2025-11-30 12:57:29 | INFO     | emotion_detector | Detected emotion: fear (confidence: 1.00)
2025-11-30 12:57:30 | INFO     | emotion_calibration | Matched emotion: sad (similarity: 0.84)
2025-11-30 12:57:30 | INFO     | emotion_detector | Personalized match: sad (confidence: 0.84)
2025-11-30 12:57:36 | INFO     | emotion_detector | Detected emotion: fear (confidence: 1.00)
2025-11-30 12:57:36 | WARNING  | emotion_detector | Failed to capture frame from camera
2025-11-30 12:57:37 | INFO     | emotion_calibration | Matched emotion: sad (similarity: 0.85)
2025-11-30 12:57:37 | INFO     | emotion_detector | Personalized match: sad (confidence: 0.85)
2025-11-30 12:57:43 | WARNING  | emotion_detector | Failed to capture frame from camera
2025-11-30 12:57:44 | INFO     | emotion_detector | Detected emotion: fear (confidence: 1.00)
2025-11-30 12:57:44 | INFO     | emotion_detector | Detected emotion: fear (confidence: 1.00)
2025-11-30 12:57:50 | INFO     | emotion_calibration | Matched emotion: sad (similarity: 0.85)
2025-11-30 12:57:50 | INFO     | emotion_detector | Personalized match: sad (confidence: 0.85)
2025-11-30 12:57:51 | INFO     | emotion_detector | Detected emotion: fear (confidence: 1.00)
2025-11-30 12:57:51 | INFO     | emotion_detector | Detected emotion: fear (confidence: 1.00)
2025-11-30 12:57:56 | INFO     | emotion_calibration | Matched emotion: sad (similarity: 0.88)
2025-11-30 12:57:56 | INFO     | emotion_detector | Personalized match: sad (confidence: 0.88)
2025-11-30 12:57:58 | INFO     | emotion_detector | Detected emotion: fear (confidence: 1.00)
2025-11-30 12:57:58 | INFO     | emotion_detector | Detected emotion: fear (confidence: 0.99)
2025-11-30 12:58:02 | INFO     | emotion_calibration | Matched emotion: sad (similarity: 0.86)
2025-11-30 12:58:02 | INFO     | emotion_detector | Personalized match: sad (confidence: 0.86)
2025-11-30 12:58:06 | INFO     | emotion_detector | Detected emotion: fear (confidence: 1.00)
2025-11-30 12:58:06 | INFO     | emotion_detector | Detected emotion: fear (confidence: 1.00)
2025-11-30 12:58:09 | INFO     | emotion_calibration | Matched emotion: sad (similarity: 0.86)
2025-11-30 12:58:09 | INFO     | emotion_detector | Personalized match: sad (confidence: 0.86)
2025-11-30 12:58:15 | INFO     | emotion_detector | Detected emotion: fear (confidence: 1.00)
2025-11-30 12:58:15 | INFO     | emotion_detector | Detected emotion: fear (confidence: 1.00)
2025-11-30 12:58:18 | INFO     | emotion_calibration | Matched emotion: sad (similarity: 0.86)
2025-11-30 12:58:18 | INFO     | emotion_detector | Personalized match: sad (confidence: 0.86)
2025-11-30 12:58:23 | INFO     | emotion_detector | Detected emotion: fear (confidence: 0.61)
2025-11-30 12:58:23 | INFO     | emotion_detector | Detected emotion: angry (confidence: 0.51)
2025-11-30 12:58:26 | INFO     | emotion_calibration | Matched emotion: sad (similarity: 0.87)
2025-11-30 12:58:26 | INFO     | emotion_detector | Personalized match: sad (confidence: 0.87)
2025-11-30 12:58:33 | INFO     | emotion_detector | Detected emotion: fear (confidence: 0.60)
2025-11-30 12:58:34 | INFO     | emotion_detector | Detected emotion: fear (confidence: 0.99)
2025-11-30 12:58:35 | INFO     | emotion_calibration | Matched emotion: sad (similarity: 0.84)
2025-11-30 12:58:35 | INFO     | emotion_detector | Personalized match: sad (confidence: 0.84)
2025-11-30 12:58:40 | INFO     | emotion_detector | Detected emotion: fear (confidence: 0.99)
2025-11-30 12:58:42 | INFO     | emotion_detector | Detected emotion: fear (confidence: 0.99)
2025-11-30 12:58:43 | INFO     | emotion_calibration | Matched emotion: sad (similarity: 0.88)
2025-11-30 12:58:43 | INFO     | emotion_detector | Personalized match: sad (confidence: 0.88)
2025-11-30 12:58:51 | INFO     | emotion_detector | Detected emotion: fear (confidence: 1.00)
2025-11-30 12:58:52 | WARNING  | emotion_detector | Failed to capture frame from camera
2025-11-30 12:58:53 | INFO     | emotion_detector | Detected emotion: fear (confidence: 0.99)
2025-11-30 12:59:02 | WARNING  | emotion_detector | Failed to capture frame from camera
2025-11-30 12:59:03 | INFO     | emotion_detector | Detected emotion: fear (confidence: 0.99)
2025-11-30 12:59:03 | INFO     | emotion_calibration | Matched emotion: sad (similarity: 0.86)
2025-11-30 12:59:03 | INFO     | emotion_detector | Personalized match: sad (confidence: 0.86)
2025-11-30 12:59:12 | WARNING  | emotion_detector | Failed to capture frame from camera
2025-11-30 12:59:12 | INFO     | emotion_detector | Detected emotion: fear (confidence: 0.98)
2025-11-30 12:59:13 | INFO     | emotion_detector | Detected emotion: fear (confidence: 0.98)
2025-11-30 12:59:19 | INFO     | emotion_calibration | Matched emotion: sad (similarity: 0.87)
2025-11-30 12:59:19 | INFO     | emotion_detector | Personalized match: sad (confidence: 0.87)
2025-11-30 12:59:21 | INFO     | emotion_detector | Detected emotion: fear (confidence: 0.99)
2025-11-30 12:59:23 | INFO     | emotion_detector | Detected emotion: fear (confidence: 1.00)
2025-11-30 12:59:27 | INFO     | emotion_calibration | Matched emotion: angry (similarity: 0.81)
2025-11-30 12:59:27 | INFO     | emotion_detector | Personalized match: angry (confidence: 0.81)
2025-11-30 12:59:29 | INFO     | emotion_detector | Detected emotion: fear (confidence: 0.75)
2025-11-30 12:59:31 | INFO     | emotion_detector | Detected emotion: fear (confidence: 0.65)
2025-11-30 12:59:36 | INFO     | emotion_calibration | Matched emotion: sad (similarity: 0.85)
2025-11-30 12:59:36 | INFO     | emotion_detector | Personalized match: sad (confidence: 0.85)
2025-11-30 12:59:37 | INFO     | emotion_detector | Detected emotion: fear (confidence: 0.90)
2025-11-30 12:59:39 | INFO     | emotion_detector | Detected emotion: fear (confidence: 1.00)
2025-11-30 12:59:42 | INFO     | emotion_calibration | Matched emotion: sad (similarity: 0.85)
2025-11-30 12:59:42 | INFO     | emotion_detector | Personalized match: sad (confidence: 0.85)
2025-11-30 12:59:48 | INFO     | emotion_detector | Detected emotion: angry (confidence: 0.92)
2025-11-30 12:59:50 | INFO     | emotion_detector | Detected emotion: fear (confidence: 0.99)
2025-11-30 12:59:51 | INFO     | emotion_calibration | Matched emotion: sad (similarity: 0.87)
2025-11-30 12:59:51 | INFO     | emotion_detector | Personalized match: sad (confidence: 0.87)
2025-11-30 12:59:56 | INFO     | emotion_detector | Detected emotion: fear (confidence: 0.99)
2025-11-30 13:00:00 | WARNING  | emotion_detector | Failed to capture frame from camera
2025-11-30 13:00:00 | INFO     | emotion_detector | Detected emotion: fear (confidence: 0.93)
2025-11-30 13:00:05 | INFO     | emotion_detector | Detected emotion: fear (confidence: 0.86)
2025-11-30 13:00:10 | INFO     | emotion_calibration | Matched emotion: sad (similarity: 0.86)
2025-11-30 13:00:10 | INFO     | emotion_detector | Personalized match: sad (confidence: 0.86)
2025-11-30 13:00:11 | INFO     | emotion_detector | Detected emotion: fear (confidence: 1.00)
2025-11-30 13:00:14 | INFO     | emotion_detector | Detected emotion: fear (confidence: 0.99)
2025-11-30 13:00:16 | INFO     | emotion_calibration | Matched emotion: sad (similarity: 0.87)
2025-11-30 13:00:16 | INFO     | emotion_detector | Personalized match: sad (confidence: 0.87)
2025-11-30 13:00:18 | INFO     | emotion_detector | Detected emotion: fear (confidence: 0.99)
2025-11-30 13:00:21 | INFO     | emotion_detector | Detected emotion: fear (confidence: 0.98)
2025-11-30 13:00:24 | INFO     | emotion_calibration | Matched emotion: sad (similarity: 0.85)
2025-11-30 13:00:24 | INFO     | emotion_detector | Personalized match: sad (confidence: 0.85)
2025-11-30 13:00:28 | INFO     | emotion_detector | Detected emotion: fear (confidence: 0.99)
2025-11-30 13:00:30 | INFO     | emotion_detector | Detected emotion: fear (confidence: 1.00)
2025-11-30 13:00:31 | INFO     | emotion_calibration | Matched emotion: sad (similarity: 0.87)
2025-11-30 13:00:31 | INFO     | emotion_detector | Personalized match: sad (confidence: 0.87)
2025-11-30 13:00:35 | INFO     | emotion_detector | Detected emotion: fear (confidence: 1.00)
2025-11-30 13:00:38 | INFO     | emotion_detector | Detected emotion: fear (confidence: 0.98)
2025-11-30 13:00:39 | INFO     | emotion_calibration | Matched emotion: sad (similarity: 0.89)
2025-11-30 13:00:39 | INFO     | emotion_detector | Personalized match: sad (confidence: 0.89)
2025-11-30 13:00:42 | INFO     | emotion_detector | Detected emotion: fear (confidence: 0.99)
2025-11-30 13:00:47 | WARNING  | emotion_detector | Failed to capture frame from camera
2025-11-30 13:00:47 | INFO     | emotion_detector | Detected emotion: fear (confidence: 0.89)
2025-11-30 13:00:51 | INFO     | emotion_detector | Detected emotion: fear (confidence: 1.00)
2025-11-30 13:00:54 | INFO     | emotion_calibration | Matched emotion: sad (similarity: 0.83)
2025-11-30 13:00:54 | INFO     | emotion_detector | Personalized match: sad (confidence: 0.83)
2025-11-30 13:00:56 | INFO     | emotion_detector | Detected emotion: fear (confidence: 1.00)
2025-11-30 13:00:58 | INFO     | emotion_detector | Detected emotion: fear (confidence: 0.96)
2025-11-30 13:01:00 | INFO     | emotion_calibration | Matched emotion: sad (similarity: 0.86)
2025-11-30 13:01:00 | INFO     | emotion_detector | Personalized match: sad (confidence: 0.86)
2025-11-30 13:01:05 | INFO     | emotion_detector | Detected emotion: fear (confidence: 0.98)
2025-11-30 13:01:07 | INFO     | emotion_detector | Detected emotion: fear (confidence: 0.99)
2025-11-30 13:01:08 | INFO     | emotion_calibration | Matched emotion: sad (similarity: 0.88)
2025-11-30 13:01:08 | INFO     | emotion_detector | Personalized match: sad (confidence: 0.88)
2025-11-30 13:01:12 | INFO     | emotion_detector | Detected emotion: fear (confidence: 1.00)
2025-11-30 13:01:15 | WARNING  | emotion_detector | Failed to capture frame from camera
2025-11-30 13:01:15 | INFO     | emotion_detector | Detected emotion: fear (confidence: 0.98)
2025-11-30 13:01:24 | INFO     | emotion_detector | Detected emotion: fear (confidence: 0.97)
2025-11-30 13:01:26 | INFO     | emotion_detector | Detected emotion: fear (confidence: 0.98)
2025-11-30 13:01:26 | INFO     | emotion_calibration | Matched emotion: happy (similarity: 0.87)
2025-11-30 13:01:26 | INFO     | emotion_detector | Personalized match: happy (confidence: 0.87)
2025-11-30 13:01:33 | INFO     | emotion_detector | Detected emotion: fear (confidence: 0.77)
2025-11-30 13:01:35 | INFO     | emotion_calibration | Matched emotion: sad (similarity: 0.83)
2025-11-30 13:01:35 | INFO     | emotion_detector | Personalized match: sad (confidence: 0.83)
2025-11-30 13:01:36 | INFO     | emotion_detector | Detected emotion: fear (confidence: 0.99)
2025-11-30 13:01:41 | INFO     | emotion_detector | Detected emotion: fear (confidence: 0.81)
2025-11-30 13:01:42 | INFO     | emotion_calibration | Matched emotion: sad (similarity: 0.86)
2025-11-30 13:01:42 | INFO     | emotion_detector | Personalized match: sad (confidence: 0.86)
2025-11-30 13:01:44 | INFO     | emotion_detector | Detected emotion: fear (confidence: 1.00)
2025-11-30 13:01:52 | WARNING  | emotion_detector | Failed to capture frame from camera
2025-11-30 13:01:53 | INFO     | emotion_detector | Detected emotion: fear (confidence: 1.00)
2025-11-30 13:01:54 | INFO     | emotion_detector | Detected emotion: fear (confidence: 1.00)
2025-11-30 13:02:01 | INFO     | emotion_calibration | Matched emotion: sad (similarity: 0.86)
2025-11-30 13:02:01 | INFO     | emotion_detector | Personalized match: sad (confidence: 0.86)
2025-11-30 13:02:03 | INFO     | emotion_detector | Detected emotion: fear (confidence: 1.00)
2025-11-30 13:02:05 | INFO     | emotion_detector | Detected emotion: fear (confidence: 1.00)
2025-11-30 13:02:08 | INFO     | emotion_calibration | Matched emotion: sad (similarity: 0.86)
2025-11-30 13:02:08 | INFO     | emotion_detector | Personalized match: sad (confidence: 0.86)
2025-11-30 13:02:10 | INFO     | emotion_detector | Detected emotion: fear (confidence: 1.00)
2025-11-30 13:02:12 | INFO     | emotion_detector | Detected emotion: fear (confidence: 1.00)
2025-11-30 13:02:14 | INFO     | emotion_calibration | Matched emotion: sad (similarity: 0.87)
2025-11-30 13:02:14 | INFO     | emotion_detector | Personalized match: sad (confidence: 0.87)
2025-11-30 13:02:18 | INFO     | emotion_detector | Detected emotion: fear (confidence: 1.00)
2025-11-30 13:02:19 | INFO     | emotion_detector | Detected emotion: fear (confidence: 1.00)
2025-11-30 13:02:22 | INFO     | emotion_calibration | Matched emotion: sad (similarity: 0.87)
2025-11-30 13:02:22 | INFO     | emotion_detector | Personalized match: sad (confidence: 0.87)
2025-11-30 13:02:28 | INFO     | emotion_detector | Detected emotion: fear (confidence: 1.00)
2025-11-30 13:02:29 | INFO     | emotion_detector | Detected emotion: fear (confidence: 1.00)
2025-11-30 13:02:30 | INFO     | emotion_calibration | Matched emotion: sad (similarity: 0.87)
2025-11-30 13:02:30 | INFO     | emotion_detector | Personalized match: sad (confidence: 0.87)
2025-11-30 13:02:37 | INFO     | emotion_detector | Detected emotion: fear (confidence: 1.00)
2025-11-30 13:02:39 | WARNING  | emotion_detector | Failed to capture frame from camera
2025-11-30 13:02:40 | INFO     | emotion_calibration | Matched emotion: happy (similarity: 0.88)
2025-11-30 13:02:40 | INFO     | emotion_detector | Personalized match: happy (confidence: 0.88)
2025-11-30 13:02:45 | INFO     | emotion_detector | Detected emotion: fear (confidence: 1.00)
2025-11-30 13:02:49 | WARNING  | emotion_detector | Failed to capture frame from camera
2025-11-30 13:02:50 | INFO     | emotion_detector | Detected emotion: fear (confidence: 0.86)
2025-11-30 13:02:54 | INFO     | emotion_detector | Detected emotion: fear (confidence: 0.83)
2025-11-30 13:02:57 | INFO     | emotion_calibration | Matched emotion: sad (similarity: 0.85)
2025-11-30 13:02:57 | INFO     | emotion_detector | Personalized match: sad (confidence: 0.85)
2025-11-30 13:02:59 | INFO     | emotion_detector | Detected emotion: fear (confidence: 1.00)
2025-11-30 13:03:05 | INFO     | emotion_detector | Detected emotion: fear (confidence: 1.00)
2025-11-30 13:03:07 | INFO     | emotion_calibration | Matched emotion: sad (similarity: 0.82)
2025-11-30 13:03:07 | INFO     | emotion_detector | Personalized match: sad (confidence: 0.82)
2025-11-30 13:03:08 | INFO     | emotion_detector | Detected emotion: fear (confidence: 1.00)
2025-11-30 13:03:14 | INFO     | emotion_detector | Detected emotion: fear (confidence: 1.00)
2025-11-30 13:03:16 | INFO     | emotion_calibration | Matched emotion: sad (similarity: 0.87)
2025-11-30 13:03:16 | INFO     | emotion_detector | Personalized match: sad (confidence: 0.87)
2025-11-30 13:03:18 | INFO     | emotion_detector | Detected emotion: fear (confidence: 1.00)
2025-11-30 13:03:24 | INFO     | emotion_detector | Detected emotion: fear (confidence: 1.00)
2025-11-30 13:03:25 | INFO     | emotion_calibration | Matched emotion: sad (similarity: 0.85)
2025-11-30 13:03:25 | INFO     | emotion_detector | Personalized match: sad (confidence: 0.85)
2025-11-30 13:03:27 | INFO     | emotion_detector | Detected emotion: fear (confidence: 1.00)
2025-11-30 13:03:34 | INFO     | emotion_detector | Detected emotion: fear (confidence: 1.00)
2025-11-30 13:03:36 | INFO     | emotion_calibration | Matched emotion: sad (similarity: 0.86)
2025-11-30 13:03:36 | INFO     | emotion_detector | Personalized match: sad (confidence: 0.86)
2025-11-30 13:03:40 | INFO     | emotion_detector | Detected emotion: fear (confidence: 1.00)
2025-11-30 13:03:44 | INFO     | emotion_detector | Detected emotion: fear (confidence: 0.63)
2025-11-30 13:03:50 | INFO     | emotion_calibration | Matched emotion: angry (similarity: 0.96)
2025-11-30 13:03:50 | INFO     | emotion_detector | Personalized match: angry (confidence: 0.96)
2025-11-30 13:03:55 | INFO     | emotion_detector | Detected emotion: fear (confidence: 0.59)
2025-11-30 13:03:56 | INFO     | emotion_detector | Detected emotion: fear (confidence: 1.00)
2025-11-30 13:04:04 | ERROR    | emotion_calibration | Error matching emotion: 'cv2.UMat' object has no attribute 'shape'
2025-11-30 13:04:04 | INFO     | emotion_detector | Detected emotion: fear (confidence: 0.59)
2025-11-30 13:04:07 | INFO     | emotion_detector | Detected emotion: fear (confidence: 1.00)
2025-11-30 13:04:15 | WARNING  | emotion_detector | Failed to capture frame from camera
2025-11-30 13:04:39 | WARNING  | emotion_detector | Failed to capture frame from camera
2025-11-30 13:04:58 | WARNING  | emotion_detector | Failed to capture frame from camera
2025-11-30 13:05:15 | INFO     | emotion_detector | Detected emotion: fear (confidence: 0.99)
2025-11-30 13:05:16 | WARNING  | emotion_detector | Failed to capture frame from camera
2025-11-30 13:05:16 | WARNING  | emotion_detector | Failed to capture frame from camera
2025-11-30 13:05:23 | WARNING  | emotion_detector | Failed to capture frame from camera
2025-11-30 13:05:23 | WARNING  | emotion_detector | Failed to capture frame from camera
2025-11-30 13:05:24 | INFO     | emotion_detector | Detected emotion: fear (confidence: 1.00)
2025-11-30 13:05:32 | INFO     | emotion_detector | Detected emotion: fear (confidence: 1.00)
2025-11-30 13:05:32 | INFO     | emotion_calibration | Matched emotion: sad (similarity: 0.90)
2025-11-30 13:05:32 | INFO     | emotion_detector | Personalized match: sad (confidence: 0.90)
2025-11-30 13:05:33 | INFO     | emotion_detector | Detected emotion: fear (confidence: 1.00)
2025-11-30 13:05:42 | WARNING  | emotion_detector | Failed to capture frame from camera
2025-11-30 13:05:43 | INFO     | emotion_calibration | Matched emotion: sad (similarity: 0.88)
2025-11-30 13:05:43 | INFO     | emotion_detector | Personalized match: sad (confidence: 0.88)
2025-11-30 13:05:43 | INFO     | emotion_detector | Detected emotion: fear (confidence: 1.00)
2025-11-30 13:05:52 | WARNING  | emotion_detector | Failed to capture frame from camera
2025-11-30 13:05:52 | INFO     | emotion_detector | Detected emotion: fear (confidence: 1.00)
2025-11-30 13:05:53 | INFO     | emotion_detector | Detected emotion: fear (confidence: 1.00)
2025-11-30 13:06:00 | INFO     | emotion_calibration | Matched emotion: sad (similarity: 0.90)
2025-11-30 13:06:00 | INFO     | emotion_detector | Personalized match: sad (confidence: 0.90)
2025-11-30 13:06:02 | INFO     | emotion_detector | Detected emotion: fear (confidence: 1.00)
2025-11-30 13:06:03 | INFO     | emotion_detector | Detected emotion: fear (confidence: 1.00)
2025-11-30 13:06:08 | INFO     | emotion_calibration | Matched emotion: surprised (similarity: 0.83)
2025-11-30 13:06:08 | INFO     | emotion_detector | Personalized match: surprised (confidence: 0.83)
2025-11-30 13:06:11 | INFO     | emotion_detector | Detected emotion: surprise (confidence: 0.73)
2025-11-30 13:06:12 | INFO     | emotion_detector | Detected emotion: fear (confidence: 0.99)
2025-11-30 13:06:15 | INFO     | emotion_calibration | Matched emotion: sad (similarity: 0.85)
2025-11-30 13:06:15 | INFO     | emotion_detector | Personalized match: sad (confidence: 0.85)
2025-11-30 13:06:21 | INFO     | emotion_detector | Detected emotion: fear (confidence: 1.00)
2025-11-30 13:06:22 | INFO     | emotion_detector | Detected emotion: fear (confidence: 1.00)
2025-11-30 13:06:24 | INFO     | emotion_calibration | Matched emotion: sad (similarity: 0.87)
2025-11-30 13:06:24 | INFO     | emotion_detector | Personalized match: sad (confidence: 0.87)
2025-11-30 13:06:30 | INFO     | emotion_detector | Detected emotion: fear (confidence: 1.00)
2025-11-30 13:06:31 | INFO     | emotion_detector | Detected emotion: fear (confidence: 1.00)
2025-11-30 13:06:32 | INFO     | emotion_calibration | Matched emotion: sad (similarity: 0.88)
2025-11-30 13:06:32 | INFO     | emotion_detector | Personalized match: sad (confidence: 0.88)
2025-11-30 13:06:39 | WARNING  | emotion_detector | Failed to capture frame from camera
2025-11-30 13:06:40 | INFO     | emotion_detector | Detected emotion: fear (confidence: 1.00)
2025-11-30 13:06:41 | INFO     | emotion_calibration | Matched emotion: sad (similarity: 0.88)
2025-11-30 13:06:41 | INFO     | emotion_detector | Personalized match: sad (confidence: 0.88)
2025-11-30 13:06:50 | INFO     | emotion_detector | Detected emotion: fear (confidence: 1.00)
2025-11-30 13:06:50 | WARNING  | emotion_detector | Failed to capture frame from camera
2025-11-30 13:06:50 | INFO     | emotion_detector | Detected emotion: fear (confidence: 1.00)
2025-11-30 13:06:58 | WARNING  | emotion_detector | Failed to capture frame from camera
2025-11-30 13:06:59 | INFO     | emotion_detector | Detected emotion: fear (confidence: 1.00)
2025-11-30 13:06:59 | INFO     | emotion_calibration | Matched emotion: sad (similarity: 0.87)
2025-11-30 13:06:59 | INFO     | emotion_detector | Personalized match: sad (confidence: 0.87)
2025-11-30 13:07:07 | WARNING  | emotion_detector | Failed to capture frame from camera
2025-11-30 13:07:07 | WARNING  | emotion_detector | Failed to capture frame from camera
2025-11-30 13:07:07 | INFO     | emotion_detector | Detected emotion: fear (confidence: 1.00)
2025-11-30 13:07:16 | INFO     | emotion_calibration | Matched emotion: sad (similarity: 0.88)
2025-11-30 13:07:16 | INFO     | emotion_detector | Personalized match: sad (confidence: 0.88)
2025-11-30 13:07:16 | WARNING  | emotion_detector | Failed to capture frame from camera
2025-11-30 13:07:17 | INFO     | emotion_detector | Detected emotion: fear (confidence: 1.00)
2025-11-30 13:07:24 | INFO     | emotion_calibration | Matched emotion: sad (similarity: 0.87)
2025-11-30 13:07:24 | INFO     | emotion_detector | Personalized match: sad (confidence: 0.87)
2025-11-30 13:07:25 | INFO     | emotion_detector | Detected emotion: happy (confidence: 0.60)
2025-11-30 13:07:25 | INFO     | emotion_detector | Detected emotion: fear (confidence: 1.00)
2025-11-30 13:07:35 | INFO     | emotion_calibration | Matched emotion: sad (similarity: 0.88)
2025-11-30 13:07:35 | INFO     | emotion_detector | Personalized match: sad (confidence: 0.88)
2025-11-30 13:07:36 | WARNING  | emotion_detector | Failed to capture frame from camera
2025-11-30 13:07:36 | INFO     | emotion_detector | Detected emotion: fear (confidence: 1.00)
2025-11-30 13:07:46 | INFO     | emotion_calibration | Matched emotion: sad (similarity: 0.89)
2025-11-30 13:07:46 | INFO     | emotion_detector | Personalized match: sad (confidence: 0.89)
2025-11-30 13:07:51 | WARNING  | emotion_detector | Failed to capture frame from camera
2025-11-30 13:07:53 | INFO     | emotion_detector | Detected emotion: fear (confidence: 1.00)
2025-11-30 13:07:57 | INFO     | emotion_calibration | Matched emotion: sad (similarity: 0.88)
2025-11-30 13:07:57 | INFO     | emotion_detector | Personalized match: sad (confidence: 0.88)
2025-11-30 13:08:00 | INFO     | emotion_detector | Detected emotion: fear (confidence: 1.00)
2025-11-30 13:08:03 | INFO     | emotion_detector | Detected emotion: fear (confidence: 0.98)
2025-11-30 13:08:06 | INFO     | emotion_calibration | Matched emotion: sad (similarity: 0.89)
2025-11-30 13:08:06 | INFO     | emotion_detector | Personalized match: sad (confidence: 0.89)
2025-11-30 13:08:09 | INFO     | emotion_detector | Detected emotion: fear (confidence: 1.00)
2025-11-30 13:08:11 | INFO     | emotion_detector | Detected emotion: fear (confidence: 1.00)
2025-11-30 13:08:13 | INFO     | emotion_calibration | Matched emotion: sad (similarity: 0.90)
2025-11-30 13:08:13 | INFO     | emotion_detector | Personalized match: sad (confidence: 0.90)
2025-11-30 13:08:17 | INFO     | emotion_detector | Detected emotion: fear (confidence: 1.00)
2025-11-30 13:08:19 | INFO     | emotion_detector | Detected emotion: fear (confidence: 0.99)
2025-11-30 13:08:20 | INFO     | emotion_calibration | Matched emotion: sad (similarity: 0.89)
2025-11-30 13:08:20 | INFO     | emotion_detector | Personalized match: sad (confidence: 0.89)
2025-11-30 13:08:24 | INFO     | emotion_detector | Detected emotion: fear (confidence: 0.99)
2025-11-30 13:08:27 | WARNING  | emotion_detector | Failed to capture frame from camera
2025-11-30 13:08:28 | INFO     | emotion_calibration | Matched emotion: sad (similarity: 0.89)
2025-11-30 13:08:28 | INFO     | emotion_detector | Personalized match: sad (confidence: 0.89)
2025-11-30 13:08:33 | INFO     | emotion_detector | Detected emotion: fear (confidence: 1.00)
2025-11-30 13:08:35 | WARNING  | emotion_detector | Failed to capture frame from camera
2025-11-30 13:08:36 | INFO     | emotion_calibration | Matched emotion: sad (similarity: 0.85)
2025-11-30 13:08:36 | INFO     | emotion_detector | Personalized match: sad (confidence: 0.85)
2025-11-30 13:08:40 | INFO     | emotion_detector | Detected emotion: fear (confidence: 1.00)
2025-11-30 13:08:43 | INFO     | emotion_calibration | Matched emotion: sad (similarity: 0.88)
2025-11-30 13:08:43 | INFO     | emotion_detector | Personalized match: sad (confidence: 0.88)
2025-11-30 13:08:43 | INFO     | emotion_detector | Detected emotion: fear (confidence: 0.96)
2025-11-30 13:08:49 | INFO     | emotion_detector | Detected emotion: fear (confidence: 1.00)
2025-11-30 13:08:51 | INFO     | emotion_calibration | Matched emotion: sad (similarity: 0.89)
2025-11-30 13:08:51 | INFO     | emotion_detector | Personalized match: sad (confidence: 0.89)
2025-11-30 13:08:51 | INFO     | emotion_detector | Detected emotion: fear (confidence: 0.99)
2025-11-30 13:08:56 | INFO     | emotion_detector | Detected emotion: fear (confidence: 1.00)
2025-11-30 13:08:59 | INFO     | emotion_calibration | Matched emotion: sad (similarity: 0.88)
2025-11-30 13:08:59 | INFO     | emotion_detector | Personalized match: sad (confidence: 0.88)
2025-11-30 13:09:01 | INFO     | emotion_detector | Detected emotion: fear (confidence: 0.99)
2025-11-30 13:09:05 | INFO     | emotion_detector | Detected emotion: fear (confidence: 0.99)
2025-11-30 13:09:06 | INFO     | emotion_calibration | Matched emotion: sad (similarity: 0.89)
2025-11-30 13:09:06 | INFO     | emotion_detector | Personalized match: sad (confidence: 0.89)
2025-11-30 13:09:07 | INFO     | emotion_detector | Detected emotion: fear (confidence: 1.00)
2025-11-30 13:09:11 | WARNING  | emotion_detector | Failed to capture frame from camera
2025-11-30 13:09:12 | INFO     | emotion_calibration | Matched emotion: sad (similarity: 0.90)
2025-11-30 13:09:12 | INFO     | emotion_detector | Personalized match: sad (confidence: 0.90)
2025-11-30 13:09:16 | INFO     | emotion_detector | Detected emotion: fear (confidence: 0.99)
2025-11-30 13:09:20 | WARNING  | emotion_detector | Failed to capture frame from camera
2025-11-30 13:09:20 | INFO     | emotion_detector | Detected emotion: fear (confidence: 1.00)
2025-11-30 13:09:23 | INFO     | emotion_detector | Detected emotion: fear (confidence: 1.00)
2025-11-30 13:09:26 | INFO     | emotion_calibration | Matched emotion: sad (similarity: 0.88)
2025-11-30 13:09:26 | INFO     | emotion_detector | Personalized match: sad (confidence: 0.88)
2025-11-30 13:09:27 | INFO     | emotion_detector | Detected emotion: fear (confidence: 1.00)
2025-11-30 13:09:32 | INFO     | emotion_detector | Detected emotion: fear (confidence: 1.00)
2025-11-30 13:09:34 | INFO     | emotion_calibration | Matched emotion: sad (similarity: 0.88)
2025-11-30 13:09:34 | INFO     | emotion_detector | Personalized match: sad (confidence: 0.88)
2025-11-30 13:09:35 | INFO     | emotion_detector | Detected emotion: fear (confidence: 1.00)
2025-11-30 13:09:40 | INFO     | emotion_detector | Detected emotion: fear (confidence: 1.00)
2025-11-30 13:09:42 | INFO     | emotion_calibration | Matched emotion: sad (similarity: 0.89)
2025-11-30 13:09:42 | INFO     | emotion_detector | Personalized match: sad (confidence: 0.89)
2025-11-30 13:09:43 | INFO     | emotion_detector | Detected emotion: fear (confidence: 0.99)
2025-11-30 13:09:48 | INFO     | emotion_detector | Detected emotion: fear (confidence: 0.98)
2025-11-30 13:09:50 | INFO     | emotion_calibration | Matched emotion: sad (similarity: 0.89)
2025-11-30 13:09:50 | INFO     | emotion_detector | Personalized match: sad (confidence: 0.89)
2025-11-30 13:09:51 | INFO     | emotion_detector | Detected emotion: fear (confidence: 1.00)
2025-11-30 13:09:55 | INFO     | emotion_detector | Detected emotion: fear (confidence: 0.99)
2025-11-30 13:09:57 | INFO     | emotion_calibration | Matched emotion: sad (similarity: 0.90)
2025-11-30 13:09:57 | INFO     | emotion_detector | Personalized match: sad (confidence: 0.90)
2025-11-30 13:10:00 | INFO     | emotion_detector | Detected emotion: fear (confidence: 1.00)
2025-11-30 13:10:05 | INFO     | emotion_detector | Detected emotion: fear (confidence: 1.00)
2025-11-30 13:10:06 | INFO     | emotion_calibration | Matched emotion: sad (similarity: 0.89)
2025-11-30 13:10:06 | INFO     | emotion_detector | Personalized match: sad (confidence: 0.89)
2025-11-30 13:10:07 | INFO     | emotion_detector | Detected emotion: fear (confidence: 1.00)
2025-11-30 13:10:12 | WARNING  | emotion_detector | Failed to capture frame from camera
2025-11-30 13:10:13 | INFO     | emotion_calibration | Matched emotion: sad (similarity: 0.89)
2025-11-30 13:10:13 | INFO     | emotion_detector | Personalized match: sad (confidence: 0.89)
2025-11-30 13:10:15 | INFO     | emotion_detector | Detected emotion: fear (confidence: 1.00)
2025-11-30 13:10:20 | WARNING  | emotion_detector | Failed to capture frame from camera
2025-11-30 13:10:20 | INFO     | emotion_calibration | Matched emotion: sad (similarity: 0.89)
2025-11-30 13:10:20 | INFO     | emotion_detector | Personalized match: sad (confidence: 0.89)
2025-11-30 13:10:23 | INFO     | emotion_detector | Detected emotion: fear (confidence: 1.00)
2025-11-30 13:10:26 | WARNING  | emotion_detector | Failed to capture frame from camera
2025-11-30 13:10:27 | INFO     | emotion_calibration | Matched emotion: sad (similarity: 0.89)
2025-11-30 13:10:27 | INFO     | emotion_detector | Personalized match: sad (confidence: 0.89)
2025-11-30 13:10:30 | INFO     | emotion_detector | Detected emotion: fear (confidence: 1.00)
2025-11-30 13:10:36 | INFO     | emotion_calibration | Matched emotion: sad (similarity: 0.89)
2025-11-30 13:10:36 | INFO     | emotion_detector | Personalized match: sad (confidence: 0.89)
2025-11-30 13:10:36 | INFO     | emotion_detector | Detected emotion: fear (confidence: 0.96)
2025-11-30 13:10:40 | INFO     | emotion_detector | Detected emotion: fear (confidence: 0.99)
2025-11-30 13:10:44 | INFO     | emotion_calibration | Matched emotion: happy (similarity: 0.89)
2025-11-30 13:10:44 | INFO     | emotion_detector | Personalized match: happy (confidence: 0.89)
2025-11-30 13:10:45 | INFO     | emotion_detector | Detected emotion: fear (confidence: 1.00)
2025-11-30 13:10:48 | INFO     | emotion_detector | Detected emotion: fear (confidence: 0.98)
2025-11-30 13:10:52 | INFO     | emotion_calibration | Matched emotion: happy (similarity: 0.89)
2025-11-30 13:10:52 | INFO     | emotion_detector | Personalized match: happy (confidence: 0.89)
2025-11-30 13:10:53 | INFO     | emotion_detector | Detected emotion: fear (confidence: 0.96)
2025-11-30 13:10:57 | INFO     | emotion_detector | Detected emotion: fear (confidence: 0.93)
2025-11-30 13:11:05 | INFO     | emotion_calibration | Matched emotion: angry (similarity: 0.96)
2025-11-30 13:11:05 | INFO     | emotion_detector | Personalized match: angry (confidence: 0.96)
2025-11-30 13:11:12 | WARNING  | emotion_detector | Failed to capture frame from camera
2025-11-30 13:11:19 | WARNING  | emotion_detector | Failed to capture frame from camera
2025-11-30 13:11:25 | WARNING  | emotion_detector | Failed to capture frame from camera
2025-11-30 13:11:54 | WARNING  | emotion_detector | Failed to capture frame from camera
2025-11-30 13:12:13 | WARNING  | emotion_detector | Failed to capture frame from camera
2025-11-30 13:12:13 | WARNING  | emotion_detector | Failed to capture frame from camera
2025-11-30 13:12:36 | INFO     | emotion_detector | Detected emotion: fear (confidence: 1.00)
2025-11-30 13:12:36 | WARNING  | emotion_detector | Failed to capture frame from camera
2025-11-30 13:12:38 | INFO     | emotion_calibration | Matched emotion: happy (similarity: 0.90)
2025-11-30 13:12:38 | INFO     | emotion_detector | Personalized match: happy (confidence: 0.90)
2025-11-30 13:13:16 | WARNING  | emotion_detector | Failed to capture frame from camera
2025-11-30 13:13:20 | ERROR    | emotion_detector | Emotion detection error: <built-in function copyMakeBorder> returned a result with an exception set
2025-11-30 13:13:23 | WARNING  | emotion_detector | Failed to capture frame from camera
2025-11-30 13:13:32 | WARNING  | emotion_detector | Failed to capture frame from camera
2025-11-30 13:13:37 | WARNING  | emotion_detector | Failed to capture frame from camera
2025-11-30 13:13:56 | WARNING  | emotion_detector | Failed to capture frame from camera
2025-11-30 13:14:05 | ERROR    | emotion_detector | Emotion detection error: OpenCV(4.12.0) :-1: error: (-5:Bad argument) in function 'resize'
> Overload resolution failed:
>  - Conversion error: src
>  - Expected Ptr<cv::UMat> for argument 'src'

2025-11-30 13:14:09 | ERROR    | emotion_detector | Emotion detection error: OpenCV(4.12.0) :-1: error: (-5:Bad argument) in function 'resize'
> Overload resolution failed:
>  - Conversion error: src
>  - Expected Ptr<cv::UMat> for argument 'src'

2025-11-30 13:14:29 | WARNING  | emotion_detector | Failed to capture frame from camera
2025-11-30 13:14:56 | WARNING  | emotion_detector | Failed to capture frame from camera
2025-11-30 13:15:48 | WARNING  | emotion_detector | Failed to capture frame from camera
2025-11-30 21:48:59 | INFO     | emotion_detector | Background emotion monitoring started
2025-11-30 21:48:59 | INFO     | app | Background emotion monitor started
2025-11-30 21:48:59 | INFO     | conversation_memory | Database initialized successfully
2025-11-30 21:48:59 | INFO     | app | Database and audio directory initialized
2025-11-30 21:48:59 | INFO     | app | ROOMie Backend v3.0 starting...
2025-11-30 21:48:59 | INFO     | app | Server: http://127.0.0.1:5000
2025-11-30 21:48:59 | INFO     | app | WebSocket: ws://127.0.0.1:5000
2025-11-30 21:49:04 | INFO     | emotion_detector | Detected emotion: angry (confidence: 0.82)
2025-11-30 21:49:07 | INFO     | emotion_detector | Background emotion monitoring started
2025-11-30 21:49:07 | INFO     | app | Background emotion monitor started
2025-11-30 21:49:07 | INFO     | conversation_memory | Database initialized successfully
2025-11-30 21:49:07 | INFO     | app | Database and audio directory initialized
2025-11-30 21:49:07 | INFO     | app | ROOMie Backend v3.0 starting...
2025-11-30 21:49:07 | INFO     | app | Server: http://127.0.0.1:5000
2025-11-30 21:49:07 | INFO     | app | WebSocket: ws://127.0.0.1:5000
2025-11-30 21:49:10 | WARNING  | emotion_detector | Failed to capture frame from camera
2025-11-30 21:49:10 | INFO     | emotion_detector | Detected emotion: neutral (confidence: 0.90)
2025-11-30 21:49:16 | INFO     | emotion_detector | Detected emotion: neutral (confidence: 0.92)
2025-11-30 21:49:17 | INFO     | emotion_detector | Detected emotion: neutral (confidence: 0.87)
2025-11-30 21:49:22 | WARNING  | emotion_detector | Failed to capture frame from camera
2025-11-30 21:49:22 | INFO     | emotion_detector | Detected emotion: neutral (confidence: 0.64)
2025-11-30 21:49:28 | INFO     | emotion_detector | Detected emotion: neutral (confidence: 0.83)
2025-11-30 21:49:28 | INFO     | emotion_detector | Detected emotion: sad (confidence: 0.55)
2025-11-30 21:49:34 | WARNING  | emotion_detector | Failed to capture frame from camera
2025-11-30 21:49:34 | INFO     | emotion_detector | Detected emotion: neutral (confidence: 0.89)
2025-11-30 21:49:39 | WARNING  | emotion_detector | Failed to capture frame from camera
2025-11-30 21:49:40 | INFO     | emotion_detector | Detected emotion: neutral (confidence: 0.79)
2025-11-30 21:49:45 | INFO     | emotion_detector | Detected emotion: neutral (confidence: 0.94)
2025-11-30 21:49:46 | INFO     | emotion_detector | Bias correction: Switched from fear/sad to neutral (neutral score: 0.47)
2025-11-30 21:49:46 | INFO     | emotion_detector | Detected emotion: neutral (confidence: 0.47)
2025-11-30 21:49:52 | INFO     | emotion_detector | Detected emotion: neutral (confidence: 0.54)
2025-11-30 21:49:52 | INFO     | emotion_detector | Detected emotion: sad (confidence: 0.69)
2025-11-30 21:49:57 | WARNING  | emotion_detector | Failed to capture frame from camera
2025-11-30 21:49:58 | INFO     | emotion_detector | Detected emotion: neutral (confidence: 0.99)
2025-11-30 21:50:03 | WARNING  | emotion_detector | Failed to capture frame from camera
2025-11-30 21:50:03 | INFO     | emotion_detector | Detected emotion: sad (confidence: 0.61)
2025-11-30 21:50:09 | WARNING  | emotion_detector | Failed to capture frame from camera
2025-11-30 21:50:09 | INFO     | emotion_detector | Detected emotion: neutral (confidence: 0.93)
2025-11-30 21:50:14 | WARNING  | emotion_detector | Failed to capture frame from camera
2025-11-30 21:50:15 | INFO     | emotion_detector | Detected emotion: neutral (confidence: 0.75)
2025-11-30 21:50:20 | WARNING  | emotion_detector | Failed to capture frame from camera
2025-11-30 21:50:20 | INFO     | emotion_detector | Detected emotion: neutral (confidence: 0.79)
2025-11-30 21:50:26 | WARNING  | emotion_detector | Failed to capture frame from camera
2025-11-30 21:50:26 | INFO     | emotion_detector | Detected emotion: neutral (confidence: 0.91)
2025-11-30 21:50:31 | WARNING  | emotion_detector | Failed to capture frame from camera
2025-11-30 21:50:32 | INFO     | emotion_detector | Detected emotion: neutral (confidence: 0.74)
2025-11-30 21:50:37 | WARNING  | emotion_detector | Failed to capture frame from camera
2025-11-30 21:50:37 | INFO     | emotion_detector | Detected emotion: neutral (confidence: 0.94)
2025-11-30 21:50:43 | WARNING  | emotion_detector | Failed to capture frame from camera
2025-11-30 21:50:43 | INFO     | emotion_detector | Detected emotion: neutral (confidence: 0.98)
2025-11-30 21:50:48 | WARNING  | emotion_detector | Failed to capture frame from camera
2025-11-30 21:50:49 | INFO     | emotion_detector | Detected emotion: neutral (confidence: 0.83)
2025-11-30 21:50:54 | WARNING  | emotion_detector | Failed to capture frame from camera
2025-11-30 21:50:54 | INFO     | emotion_detector | Detected emotion: neutral (confidence: 0.94)
2025-11-30 21:51:00 | WARNING  | emotion_detector | Failed to capture frame from camera
2025-11-30 21:51:00 | INFO     | emotion_detector | Detected emotion: neutral (confidence: 0.95)
2025-11-30 21:51:05 | WARNING  | emotion_detector | Failed to capture frame from camera
2025-11-30 21:51:06 | INFO     | emotion_detector | Detected emotion: neutral (confidence: 0.94)
2025-11-30 21:51:11 | WARNING  | emotion_detector | Failed to capture frame from camera
2025-11-30 21:51:11 | INFO     | emotion_detector | Detected emotion: neutral (confidence: 0.91)
2025-11-30 21:51:16 | WARNING  | emotion_detector | Failed to capture frame from camera
2025-11-30 21:51:17 | INFO     | emotion_detector | Detected emotion: neutral (confidence: 0.95)
2025-11-30 21:51:22 | WARNING  | emotion_detector | Failed to capture frame from camera
2025-11-30 21:51:23 | INFO     | emotion_detector | Detected emotion: neutral (confidence: 0.80)
2025-11-30 21:51:28 | WARNING  | emotion_detector | Failed to capture frame from camera
2025-11-30 21:51:28 | INFO     | emotion_detector | Detected emotion: neutral (confidence: 0.73)
2025-11-30 21:51:34 | WARNING  | emotion_detector | Failed to capture frame from camera
2025-11-30 21:51:34 | INFO     | emotion_detector | Detected emotion: neutral (confidence: 0.96)
2025-11-30 21:51:39 | WARNING  | emotion_detector | Failed to capture frame from camera
2025-11-30 21:51:40 | INFO     | emotion_detector | Detected emotion: neutral (confidence: 0.98)
2025-11-30 21:51:45 | WARNING  | emotion_detector | Failed to capture frame from camera
2025-11-30 21:51:45 | INFO     | emotion_detector | Detected emotion: neutral (confidence: 0.85)
2025-11-30 21:51:50 | WARNING  | emotion_detector | Failed to capture frame from camera
2025-11-30 21:51:51 | INFO     | emotion_detector | Detected emotion: neutral (confidence: 0.80)
2025-11-30 21:51:56 | WARNING  | emotion_detector | Failed to capture frame from camera
2025-11-30 21:51:56 | INFO     | emotion_detector | Detected emotion: sad (confidence: 0.71)
2025-11-30 21:52:02 | WARNING  | emotion_detector | Failed to capture frame from camera
2025-11-30 21:52:02 | INFO     | emotion_detector | Detected emotion: neutral (confidence: 0.53)
2025-11-30 21:52:07 | WARNING  | emotion_detector | Failed to capture frame from camera
2025-11-30 21:52:08 | INFO     | emotion_detector | Detected emotion: neutral (confidence: 0.97)
2025-11-30 21:52:13 | WARNING  | emotion_detector | Failed to capture frame from camera
2025-11-30 21:52:13 | INFO     | emotion_detector | Detected emotion: neutral (confidence: 0.99)
2025-11-30 21:52:19 | WARNING  | emotion_detector | Failed to capture frame from camera
2025-11-30 21:52:19 | INFO     | emotion_detector | Detected emotion: neutral (confidence: 0.98)
2025-11-30 21:52:24 | WARNING  | emotion_detector | Failed to capture frame from camera
2025-11-30 21:52:25 | INFO     | emotion_detector | Detected emotion: neutral (confidence: 0.97)
2025-11-30 21:52:30 | WARNING  | emotion_detector | Failed to capture frame from camera
2025-11-30 21:52:30 | INFO     | emotion_detector | Detected emotion: neutral (confidence: 0.85)
2025-11-30 21:52:36 | WARNING  | emotion_detector | Failed to capture frame from camera
2025-11-30 21:52:36 | INFO     | emotion_detector | Detected emotion: neutral (confidence: 0.85)
2025-11-30 21:52:41 | WARNING  | emotion_detector | Failed to capture frame from camera
2025-11-30 21:52:42 | INFO     | emotion_detector | Detected emotion: neutral (confidence: 0.91)
2025-11-30 21:52:47 | WARNING  | emotion_detector | Failed to capture frame from camera
2025-11-30 21:52:47 | INFO     | emotion_detector | Detected emotion: neutral (confidence: 0.94)
2025-11-30 21:52:53 | INFO     | emotion_detector | Detected emotion: neutral (confidence: 0.84)
2025-11-30 21:52:54 | INFO     | emotion_detector | Detected emotion: neutral (confidence: 0.97)
2025-11-30 21:52:59 | WARNING  | emotion_detector | Failed to capture frame from camera
2025-11-30 21:53:00 | INFO     | emotion_detector | Detected emotion: neutral (confidence: 0.96)
2025-11-30 21:53:05 | WARNING  | emotion_detector | Failed to capture frame from camera
2025-11-30 21:53:06 | INFO     | emotion_detector | Detected emotion: neutral (confidence: 0.97)
2025-11-30 21:53:11 | WARNING  | emotion_detector | Failed to capture frame from camera
2025-11-30 21:53:11 | INFO     | emotion_detector | Detected emotion: neutral (confidence: 0.94)
2025-11-30 21:53:18 | INFO     | emotion_detector | Detected emotion: neutral (confidence: 0.85)
2025-11-30 21:53:18 | INFO     | emotion_detector | Detected emotion: neutral (confidence: 0.80)
2025-11-30 21:53:24 | INFO     | emotion_detector | Detected emotion: sad (confidence: 0.65)
2025-11-30 21:53:25 | INFO     | emotion_detector | Detected emotion: neutral (confidence: 0.99)
2025-11-30 21:53:30 | WARNING  | emotion_detector | Failed to capture frame from camera
2025-11-30 21:53:31 | INFO     | emotion_detector | Detected emotion: neutral (confidence: 0.90)
2025-11-30 21:53:37 | WARNING  | emotion_detector | Failed to capture frame from camera
2025-11-30 21:53:37 | INFO     | emotion_detector | Detected emotion: neutral (confidence: 0.59)
2025-11-30 21:53:43 | WARNING  | emotion_detector | Failed to capture frame from camera
2025-11-30 21:53:43 | INFO     | emotion_detector | Detected emotion: neutral (confidence: 0.96)
2025-11-30 21:53:49 | INFO     | emotion_detector | Detected emotion: neutral (confidence: 0.94)
2025-11-30 21:53:50 | INFO     | emotion_detector | Detected emotion: neutral (confidence: 0.86)
2025-11-30 21:53:56 | INFO     | emotion_detector | Detected emotion: neutral (confidence: 0.97)
2025-11-30 21:53:56 | INFO     | emotion_detector | Detected emotion: neutral (confidence: 0.98)
2025-11-30 21:54:03 | INFO     | emotion_detector | Detected emotion: neutral (confidence: 0.97)
2025-11-30 21:54:03 | INFO     | emotion_detector | Detected emotion: neutral (confidence: 0.94)
2025-11-30 21:54:09 | INFO     | emotion_detector | Detected emotion: neutral (confidence: 0.96)
2025-11-30 21:54:10 | INFO     | emotion_detector | Detected emotion: neutral (confidence: 0.88)
2025-11-30 21:54:15 | WARNING  | emotion_detector | Failed to capture frame from camera
2025-11-30 21:54:16 | INFO     | emotion_detector | Detected emotion: neutral (confidence: 0.97)
2025-11-30 21:54:21 | WARNING  | emotion_detector | Failed to capture frame from camera
2025-11-30 21:54:22 | INFO     | emotion_detector | Detected emotion: neutral (confidence: 0.98)
2025-11-30 21:54:28 | INFO     | emotion_detector | Detected emotion: neutral (confidence: 0.98)
2025-11-30 21:54:28 | INFO     | emotion_detector | Detected emotion: neutral (confidence: 0.99)
2025-11-30 21:54:34 | INFO     | emotion_detector | Detected emotion: neutral (confidence: 0.99)
2025-11-30 21:54:35 | INFO     | emotion_detector | Detected emotion: neutral (confidence: 0.98)
2025-11-30 21:54:40 | WARNING  | emotion_detector | Failed to capture frame from camera
2025-11-30 21:54:41 | INFO     | emotion_detector | Detected emotion: neutral (confidence: 0.85)
2025-11-30 21:54:46 | WARNING  | emotion_detector | Failed to capture frame from camera
2025-11-30 21:54:47 | INFO     | emotion_detector | Detected emotion: neutral (confidence: 0.96)
2025-11-30 21:54:52 | WARNING  | emotion_detector | Failed to capture frame from camera
2025-11-30 21:54:53 | INFO     | emotion_detector | Detected emotion: neutral (confidence: 0.77)
2025-11-30 21:54:58 | WARNING  | emotion_detector | Failed to capture frame from camera
2025-11-30 21:54:59 | INFO     | emotion_detector | Detected emotion: neutral (confidence: 0.95)
2025-11-30 21:55:05 | WARNING  | emotion_detector | Failed to capture frame from camera
2025-11-30 21:55:05 | INFO     | emotion_detector | Detected emotion: neutral (confidence: 0.97)
2025-11-30 21:55:11 | INFO     | emotion_detector | Detected emotion: neutral (confidence: 0.98)
2025-11-30 21:55:11 | INFO     | emotion_detector | Detected emotion: neutral (confidence: 0.96)
2025-11-30 21:55:17 | WARNING  | emotion_detector | Failed to capture frame from camera
2025-11-30 21:55:18 | INFO     | emotion_detector | Detected emotion: neutral (confidence: 0.92)
2025-11-30 21:55:23 | WARNING  | emotion_detector | Failed to capture frame from camera
2025-11-30 21:55:24 | INFO     | emotion_detector | Detected emotion: neutral (confidence: 0.86)
2025-11-30 21:55:29 | WARNING  | emotion_detector | Failed to capture frame from camera
2025-11-30 21:55:30 | INFO     | emotion_detector | Detected emotion: neutral (confidence: 0.98)
2025-11-30 21:55:35 | WARNING  | emotion_detector | Failed to capture frame from camera
2025-11-30 21:55:36 | INFO     | emotion_detector | Detected emotion: neutral (confidence: 0.97)
2025-11-30 21:55:41 | WARNING  | emotion_detector | Failed to capture frame from camera
2025-11-30 21:55:42 | INFO     | emotion_detector | Detected emotion: neutral (confidence: 0.94)
2025-11-30 21:55:47 | WARNING  | emotion_detector | Failed to capture frame from camera
2025-11-30 21:55:48 | INFO     | emotion_detector | Detected emotion: neutral (confidence: 0.92)
2025-11-30 21:55:54 | INFO     | emotion_detector | Detected emotion: neutral (confidence: 0.80)
2025-11-30 21:55:54 | INFO     | emotion_detector | Detected emotion: sad (confidence: 0.58)
2025-11-30 21:56:00 | WARNING  | emotion_detector | Failed to capture frame from camera
2025-11-30 21:56:00 | INFO     | emotion_detector | Detected emotion: neutral (confidence: 0.92)
2025-11-30 21:56:06 | WARNING  | emotion_detector | Failed to capture frame from camera
2025-11-30 21:56:06 | INFO     | emotion_detector | Detected emotion: neutral (confidence: 0.89)
2025-11-30 21:56:12 | WARNING  | emotion_detector | Failed to capture frame from camera
2025-11-30 21:56:12 | INFO     | emotion_detector | Detected emotion: neutral (confidence: 0.97)
2025-11-30 21:56:17 | WARNING  | emotion_detector | Failed to capture frame from camera
2025-11-30 21:56:18 | INFO     | emotion_detector | Detected emotion: neutral (confidence: 0.90)
2025-11-30 21:56:24 | WARNING  | emotion_detector | Failed to capture frame from camera
2025-11-30 21:56:24 | INFO     | emotion_detector | Detected emotion: neutral (confidence: 0.95)
2025-11-30 21:56:30 | WARNING  | emotion_detector | Failed to capture frame from camera
2025-11-30 21:56:30 | INFO     | emotion_detector | Detected emotion: neutral (confidence: 0.94)
2025-11-30 21:56:36 | INFO     | emotion_detector | Detected emotion: neutral (confidence: 0.91)
2025-11-30 21:56:36 | INFO     | emotion_detector | Detected emotion: neutral (confidence: 0.88)
2025-11-30 21:56:42 | WARNING  | emotion_detector | Failed to capture frame from camera
2025-11-30 21:56:42 | INFO     | emotion_detector | Detected emotion: neutral (confidence: 0.83)
2025-11-30 21:56:48 | WARNING  | emotion_detector | Failed to capture frame from camera
2025-11-30 21:56:48 | INFO     | emotion_detector | Detected emotion: neutral (confidence: 0.98)
2025-11-30 21:56:54 | WARNING  | emotion_detector | Failed to capture frame from camera
2025-11-30 21:56:54 | INFO     | emotion_detector | Detected emotion: neutral (confidence: 0.91)
2025-11-30 21:57:00 | INFO     | emotion_detector | Detected emotion: neutral (confidence: 0.94)
2025-11-30 21:57:01 | INFO     | emotion_detector | Detected emotion: neutral (confidence: 0.68)
2025-11-30 21:57:06 | WARNING  | emotion_detector | Failed to capture frame from camera
2025-11-30 21:57:07 | INFO     | emotion_detector | Detected emotion: sad (confidence: 0.61)
2025-11-30 21:57:12 | WARNING  | emotion_detector | Failed to capture frame from camera
2025-11-30 21:57:13 | INFO     | emotion_detector | Detected emotion: neutral (confidence: 0.88)
2025-11-30 21:57:18 | WARNING  | emotion_detector | Failed to capture frame from camera
2025-11-30 21:57:19 | INFO     | emotion_detector | Detected emotion: neutral (confidence: 0.97)
2025-11-30 21:57:24 | WARNING  | emotion_detector | Failed to capture frame from camera
2025-11-30 21:57:25 | INFO     | emotion_detector | Detected emotion: neutral (confidence: 0.86)
2025-11-30 21:57:31 | INFO     | emotion_detector | Detected emotion: neutral (confidence: 0.87)
2025-11-30 21:57:31 | INFO     | emotion_detector | Detected emotion: neutral (confidence: 0.72)
2025-11-30 21:57:36 | WARNING  | emotion_detector | Failed to capture frame from camera
2025-11-30 21:57:37 | INFO     | emotion_detector | Detected emotion: neutral (confidence: 0.82)
2025-11-30 21:57:42 | WARNING  | emotion_detector | Failed to capture frame from camera
2025-11-30 21:57:43 | INFO     | emotion_detector | Detected emotion: neutral (confidence: 0.94)
2025-11-30 21:57:48 | WARNING  | emotion_detector | Failed to capture frame from camera
2025-11-30 21:57:49 | INFO     | emotion_detector | Detected emotion: neutral (confidence: 0.97)
2025-11-30 21:57:54 | WARNING  | emotion_detector | Failed to capture frame from camera
2025-11-30 21:57:55 | INFO     | emotion_detector | Detected emotion: neutral (confidence: 0.98)
2025-11-30 21:58:00 | WARNING  | emotion_detector | Failed to capture frame from camera
2025-11-30 21:58:01 | INFO     | emotion_detector | Detected emotion: neutral (confidence: 0.89)
2025-11-30 21:58:06 | WARNING  | emotion_detector | Failed to capture frame from camera
2025-11-30 21:58:07 | INFO     | emotion_detector | Detected emotion: neutral (confidence: 0.95)
2025-11-30 21:58:12 | WARNING  | emotion_detector | Failed to capture frame from camera
2025-11-30 21:58:13 | INFO     | emotion_detector | Detected emotion: neutral (confidence: 0.52)
2025-11-30 21:58:18 | WARNING  | emotion_detector | Failed to capture frame from camera
2025-11-30 21:58:19 | INFO     | emotion_detector | Detected emotion: neutral (confidence: 0.98)
2025-11-30 21:58:24 | WARNING  | emotion_detector | Failed to capture frame from camera
2025-11-30 21:58:24 | INFO     | emotion_detector | Detected emotion: neutral (confidence: 0.77)
2025-11-30 21:58:30 | WARNING  | emotion_detector | Failed to capture frame from camera
2025-11-30 21:58:30 | INFO     | emotion_detector | Detected emotion: neutral (confidence: 0.89)
2025-11-30 21:58:36 | WARNING  | emotion_detector | Failed to capture frame from camera
2025-11-30 21:58:36 | INFO     | emotion_detector | Detected emotion: neutral (confidence: 0.78)
2025-11-30 21:58:42 | WARNING  | emotion_detector | Failed to capture frame from camera
2025-11-30 21:58:42 | INFO     | emotion_detector | Detected emotion: neutral (confidence: 0.73)
2025-11-30 21:58:48 | INFO     | emotion_detector | Detected emotion: neutral (confidence: 0.65)
2025-11-30 21:58:49 | INFO     | emotion_detector | Detected emotion: neutral (confidence: 0.91)
2025-11-30 21:58:54 | WARNING  | emotion_detector | Failed to capture frame from camera
2025-11-30 21:58:54 | INFO     | emotion_detector | Detected emotion: neutral (confidence: 0.73)
2025-11-30 21:59:00 | WARNING  | emotion_detector | Failed to capture frame from camera
2025-11-30 21:59:00 | INFO     | emotion_detector | Detected emotion: neutral (confidence: 0.91)
2025-11-30 21:59:06 | INFO     | emotion_detector | Detected emotion: neutral (confidence: 0.89)
2025-11-30 21:59:07 | INFO     | emotion_detector | Detected emotion: neutral (confidence: 0.92)
2025-11-30 21:59:12 | WARNING  | emotion_detector | Failed to capture frame from camera
2025-11-30 21:59:12 | INFO     | emotion_detector | Detected emotion: neutral (confidence: 0.88)
2025-11-30 21:59:18 | WARNING  | emotion_detector | Failed to capture frame from camera
2025-11-30 21:59:18 | INFO     | emotion_detector | Detected emotion: neutral (confidence: 0.78)
2025-11-30 21:59:24 | WARNING  | emotion_detector | Failed to capture frame from camera
2025-11-30 21:59:24 | INFO     | emotion_detector | Detected emotion: neutral (confidence: 0.97)
2025-11-30 21:59:30 | WARNING  | emotion_detector | Failed to capture frame from camera
2025-11-30 21:59:31 | INFO     | emotion_detector | Detected emotion: neutral (confidence: 0.85)
2025-11-30 21:59:36 | INFO     | emotion_detector | Detected emotion: neutral (confidence: 0.96)
2025-11-30 21:59:37 | INFO     | emotion_detector | Detected emotion: neutral (confidence: 0.97)
2025-11-30 21:59:42 | WARNING  | emotion_detector | Failed to capture frame from camera
2025-11-30 21:59:43 | INFO     | emotion_detector | Detected emotion: neutral (confidence: 0.84)
2025-11-30 21:59:48 | WARNING  | emotion_detector | Failed to capture frame from camera
2025-11-30 21:59:49 | INFO     | emotion_detector | Detected emotion: neutral (confidence: 0.73)
2025-11-30 21:59:54 | WARNING  | emotion_detector | Failed to capture frame from camera
2025-11-30 21:59:55 | INFO     | emotion_detector | Detected emotion: neutral (confidence: 0.98)
2025-11-30 22:00:00 | WARNING  | emotion_detector | Failed to capture frame from camera
2025-11-30 22:00:01 | INFO     | emotion_detector | Detected emotion: neutral (confidence: 0.92)
2025-11-30 22:00:07 | INFO     | emotion_detector | Detected emotion: neutral (confidence: 0.95)
2025-11-30 22:00:07 | INFO     | emotion_detector | Detected emotion: neutral (confidence: 0.96)
2025-11-30 22:00:13 | INFO     | emotion_detector | Detected emotion: neutral (confidence: 0.73)
2025-11-30 22:00:14 | INFO     | emotion_detector | Detected emotion: neutral (confidence: 0.89)
2025-11-30 22:00:19 | WARNING  | emotion_detector | Failed to capture frame from camera
2025-11-30 22:00:19 | INFO     | emotion_detector | Detected emotion: neutral (confidence: 0.69)
2025-11-30 22:00:25 | WARNING  | emotion_detector | Failed to capture frame from camera
2025-11-30 22:00:25 | INFO     | emotion_detector | Detected emotion: neutral (confidence: 0.98)
2025-11-30 22:00:31 | WARNING  | emotion_detector | Failed to capture frame from camera
2025-11-30 22:00:31 | INFO     | emotion_detector | Detected emotion: neutral (confidence: 0.85)
2025-11-30 22:00:37 | WARNING  | emotion_detector | Failed to capture frame from camera
2025-11-30 22:00:37 | INFO     | emotion_detector | Detected emotion: neutral (confidence: 0.91)
2025-11-30 22:00:43 | WARNING  | emotion_detector | Failed to capture frame from camera
2025-11-30 22:00:44 | INFO     | emotion_detector | Detected emotion: neutral (confidence: 0.93)
2025-11-30 22:00:49 | WARNING  | emotion_detector | Failed to capture frame from camera
2025-11-30 22:00:50 | INFO     | emotion_detector | Detected emotion: neutral (confidence: 0.97)
2025-11-30 22:00:55 | WARNING  | emotion_detector | Failed to capture frame from camera
2025-11-30 22:00:56 | INFO     | emotion_detector | Detected emotion: sad (confidence: 0.68)
2025-11-30 22:01:01 | WARNING  | emotion_detector | Failed to capture frame from camera
2025-11-30 22:01:01 | INFO     | emotion_detector | Detected emotion: neutral (confidence: 0.91)
2025-11-30 22:01:07 | WARNING  | emotion_detector | Failed to capture frame from camera
2025-11-30 22:01:08 | INFO     | emotion_detector | Detected emotion: sad (confidence: 0.94)
2025-11-30 22:01:13 | WARNING  | emotion_detector | Failed to capture frame from camera
2025-11-30 22:01:13 | INFO     | emotion_detector | Detected emotion: neutral (confidence: 0.96)
2025-11-30 22:01:19 | WARNING  | emotion_detector | Failed to capture frame from camera
2025-11-30 22:01:20 | INFO     | emotion_detector | Detected emotion: neutral (confidence: 0.96)
2025-11-30 22:01:25 | INFO     | emotion_detector | Detected emotion: neutral (confidence: 0.68)
2025-11-30 22:01:26 | INFO     | emotion_detector | Detected emotion: neutral (confidence: 0.97)
2025-11-30 22:01:31 | WARNING  | emotion_detector | Failed to capture frame from camera
2025-11-30 22:01:32 | INFO     | emotion_detector | Detected emotion: neutral (confidence: 0.82)
2025-11-30 22:01:37 | WARNING  | emotion_detector | Failed to capture frame from camera
2025-11-30 22:01:38 | INFO     | emotion_detector | Detected emotion: neutral (confidence: 0.95)
2025-11-30 22:01:43 | WARNING  | emotion_detector | Failed to capture frame from camera
2025-11-30 22:01:43 | INFO     | emotion_detector | Detected emotion: neutral (confidence: 0.95)
2025-11-30 22:01:49 | WARNING  | emotion_detector | Failed to capture frame from camera
2025-11-30 22:01:49 | INFO     | emotion_detector | Detected emotion: neutral (confidence: 0.96)
2025-11-30 22:01:55 | WARNING  | emotion_detector | Failed to capture frame from camera
2025-11-30 22:01:55 | INFO     | emotion_detector | Detected emotion: neutral (confidence: 0.92)
2025-11-30 22:02:01 | WARNING  | emotion_detector | Failed to capture frame from camera
2025-11-30 22:02:02 | INFO     | emotion_detector | Detected emotion: neutral (confidence: 0.79)
2025-11-30 22:02:08 | INFO     | emotion_detector | Detected emotion: neutral (confidence: 0.99)
2025-11-30 22:02:08 | INFO     | emotion_detector | Detected emotion: neutral (confidence: 0.82)
2025-11-30 22:02:14 | WARNING  | emotion_detector | Failed to capture frame from camera
2025-11-30 22:02:14 | INFO     | emotion_detector | Detected emotion: neutral (confidence: 0.99)
2025-11-30 22:02:20 | WARNING  | emotion_detector | Failed to capture frame from camera
2025-11-30 22:02:20 | INFO     | emotion_detector | Detected emotion: neutral (confidence: 0.92)
2025-11-30 22:02:26 | WARNING  | emotion_detector | Failed to capture frame from camera
2025-11-30 22:02:26 | INFO     | emotion_detector | Detected emotion: neutral (confidence: 0.98)
2025-11-30 22:02:31 | WARNING  | emotion_detector | Failed to capture frame from camera
2025-11-30 22:02:32 | INFO     | emotion_detector | Detected emotion: neutral (confidence: 0.96)
2025-11-30 22:02:38 | INFO     | emotion_detector | Detected emotion: neutral (confidence: 0.99)
2025-11-30 22:02:38 | INFO     | emotion_detector | Detected emotion: neutral (confidence: 0.91)
2025-11-30 22:02:44 | WARNING  | emotion_detector | Failed to capture frame from camera
2025-11-30 22:02:44 | INFO     | emotion_detector | Detected emotion: neutral (confidence: 0.91)
2025-11-30 22:02:50 | WARNING  | emotion_detector | Failed to capture frame from camera
2025-11-30 22:02:50 | INFO     | emotion_detector | Detected emotion: neutral (confidence: 0.96)
2025-11-30 22:02:56 | WARNING  | emotion_detector | Failed to capture frame from camera
2025-11-30 22:02:56 | INFO     | emotion_detector | Detected emotion: neutral (confidence: 0.71)
2025-11-30 22:03:02 | WARNING  | emotion_detector | Failed to capture frame from camera
2025-11-30 22:03:02 | INFO     | emotion_detector | Detected emotion: neutral (confidence: 0.84)
2025-11-30 22:03:08 | WARNING  | emotion_detector | Failed to capture frame from camera
2025-11-30 22:03:08 | INFO     | emotion_detector | Detected emotion: neutral (confidence: 0.62)
2025-11-30 22:03:14 | WARNING  | emotion_detector | Failed to capture frame from camera
2025-11-30 22:03:14 | INFO     | emotion_detector | Detected emotion: neutral (confidence: 0.88)
2025-11-30 22:03:20 | WARNING  | emotion_detector | Failed to capture frame from camera
2025-11-30 22:03:20 | INFO     | emotion_detector | Detected emotion: neutral (confidence: 0.86)
2025-11-30 22:03:26 | WARNING  | emotion_detector | Failed to capture frame from camera
2025-11-30 22:03:26 | INFO     | emotion_detector | Detected emotion: neutral (confidence: 0.83)
2025-11-30 22:03:32 | WARNING  | emotion_detector | Failed to capture frame from camera
2025-11-30 22:03:32 | INFO     | emotion_detector | Detected emotion: neutral (confidence: 0.98)
2025-11-30 22:03:38 | WARNING  | emotion_detector | Failed to capture frame from camera
2025-11-30 22:03:38 | INFO     | emotion_detector | Detected emotion: neutral (confidence: 0.77)
2025-11-30 22:03:44 | WARNING  | emotion_detector | Failed to capture frame from camera
2025-11-30 22:03:44 | INFO     | emotion_detector | Detected emotion: neutral (confidence: 0.70)
2025-11-30 22:03:50 | WARNING  | emotion_detector | Failed to capture frame from camera
2025-11-30 22:03:50 | INFO     | emotion_detector | Detected emotion: neutral (confidence: 0.88)
2025-11-30 22:03:55 | WARNING  | emotion_detector | Failed to capture frame from camera
2025-11-30 22:03:56 | INFO     | emotion_detector | Detected emotion: neutral (confidence: 0.94)
2025-11-30 22:04:01 | WARNING  | emotion_detector | Failed to capture frame from camera
2025-11-30 22:04:02 | INFO     | emotion_detector | Detected emotion: sad (confidence: 0.64)
2025-11-30 22:04:07 | WARNING  | emotion_detector | Failed to capture frame from camera
2025-11-30 22:04:08 | INFO     | emotion_detector | Detected emotion: neutral (confidence: 0.93)
2025-11-30 22:04:13 | WARNING  | emotion_detector | Failed to capture frame from camera
2025-11-30 22:04:14 | INFO     | emotion_detector | Detected emotion: neutral (confidence: 0.95)
2025-11-30 22:04:19 | INFO     | emotion_detector | Detected emotion: neutral (confidence: 0.95)
2025-11-30 22:04:20 | INFO     | emotion_detector | Detected emotion: neutral (confidence: 0.96)
2025-11-30 22:04:25 | WARNING  | emotion_detector | Failed to capture frame from camera
2025-11-30 22:04:26 | INFO     | emotion_detector | Detected emotion: neutral (confidence: 0.91)
2025-11-30 22:04:31 | WARNING  | emotion_detector | Failed to capture frame from camera
2025-11-30 22:04:32 | INFO     | emotion_detector | Detected emotion: neutral (confidence: 0.98)
2025-11-30 22:04:37 | WARNING  | emotion_detector | Failed to capture frame from camera
2025-11-30 22:04:38 | INFO     | emotion_detector | Detected emotion: neutral (confidence: 0.88)
2025-11-30 22:04:43 | WARNING  | emotion_detector | Failed to capture frame from camera
2025-11-30 22:04:43 | INFO     | emotion_detector | Detected emotion: neutral (confidence: 0.97)
2025-11-30 22:04:49 | WARNING  | emotion_detector | Failed to capture frame from camera
2025-11-30 22:04:49 | INFO     | emotion_detector | Detected emotion: neutral (confidence: 0.96)
2025-11-30 22:04:55 | WARNING  | emotion_detector | Failed to capture frame from camera
2025-11-30 22:04:56 | INFO     | emotion_detector | Detected emotion: neutral (confidence: 0.80)
2025-11-30 22:05:01 | INFO     | emotion_detector | Detected emotion: neutral (confidence: 0.69)
2025-11-30 22:05:02 | INFO     | emotion_detector | Detected emotion: neutral (confidence: 0.64)
2025-11-30 22:05:07 | WARNING  | emotion_detector | Failed to capture frame from camera
2025-11-30 22:05:08 | INFO     | emotion_detector | Detected emotion: neutral (confidence: 0.97)
2025-11-30 22:05:13 | WARNING  | emotion_detector | Failed to capture frame from camera
2025-11-30 22:05:14 | INFO     | emotion_detector | Detected emotion: neutral (confidence: 0.91)
2025-11-30 22:05:19 | WARNING  | emotion_detector | Failed to capture frame from camera
2025-11-30 22:05:20 | INFO     | emotion_detector | Detected emotion: neutral (confidence: 0.89)
2025-11-30 22:05:25 | WARNING  | emotion_detector | Failed to capture frame from camera
2025-11-30 22:05:26 | INFO     | emotion_detector | Detected emotion: neutral (confidence: 0.95)
2025-11-30 22:05:31 | WARNING  | emotion_detector | Failed to capture frame from camera
2025-11-30 22:05:32 | INFO     | emotion_detector | Detected emotion: neutral (confidence: 0.80)
2025-11-30 22:05:37 | WARNING  | emotion_detector | Failed to capture frame from camera
2025-11-30 22:05:38 | INFO     | emotion_detector | Detected emotion: sad (confidence: 0.90)
2025-11-30 22:05:44 | INFO     | emotion_detector | Detected emotion: neutral (confidence: 0.80)
2025-11-30 22:05:44 | INFO     | emotion_detector | Detected emotion: neutral (confidence: 0.63)
2025-11-30 22:05:50 | WARNING  | emotion_detector | Failed to capture frame from camera
2025-11-30 22:05:50 | INFO     | emotion_detector | Detected emotion: neutral (confidence: 0.83)
2025-11-30 22:05:56 | WARNING  | emotion_detector | Failed to capture frame from camera
2025-11-30 22:05:56 | INFO     | emotion_detector | Detected emotion: neutral (confidence: 0.86)
2025-11-30 22:06:02 | WARNING  | emotion_detector | Failed to capture frame from camera
2025-11-30 22:06:02 | INFO     | emotion_detector | Detected emotion: neutral (confidence: 0.90)
2025-11-30 22:06:08 | WARNING  | emotion_detector | Failed to capture frame from camera
2025-11-30 22:06:09 | INFO     | emotion_detector | Detected emotion: neutral (confidence: 0.63)
2025-11-30 22:06:15 | INFO     | emotion_detector | Detected emotion: neutral (confidence: 0.84)
2025-11-30 22:06:15 | INFO     | emotion_detector | Detected emotion: neutral (confidence: 0.65)
2025-11-30 22:06:21 | INFO     | emotion_detector | Detected emotion: neutral (confidence: 0.76)
2025-11-30 22:06:22 | INFO     | emotion_detector | Detected emotion: neutral (confidence: 0.84)
2025-11-30 22:06:27 | WARNING  | emotion_detector | Failed to capture frame from camera
2025-11-30 22:06:28 | INFO     | emotion_detector | Detected emotion: neutral (confidence: 0.65)
2025-11-30 22:06:33 | WARNING  | emotion_detector | Failed to capture frame from camera
2025-11-30 22:06:34 | INFO     | emotion_detector | Detected emotion: neutral (confidence: 0.65)
2025-11-30 22:06:39 | WARNING  | emotion_detector | Failed to capture frame from camera
2025-11-30 22:06:40 | INFO     | emotion_detector | Detected emotion: neutral (confidence: 0.76)
2025-11-30 22:06:45 | WARNING  | emotion_detector | Failed to capture frame from camera
2025-11-30 22:06:46 | INFO     | emotion_detector | Detected emotion: neutral (confidence: 0.97)
2025-11-30 22:06:52 | INFO     | emotion_detector | Detected emotion: neutral (confidence: 0.77)
2025-11-30 22:06:52 | INFO     | emotion_detector | Detected emotion: neutral (confidence: 0.91)
2025-11-30 22:06:58 | WARNING  | emotion_detector | Failed to capture frame from camera
2025-11-30 22:06:58 | INFO     | emotion_detector | Detected emotion: neutral (confidence: 0.89)
2025-11-30 22:07:04 | WARNING  | emotion_detector | Failed to capture frame from camera
2025-11-30 22:07:04 | INFO     | emotion_detector | Detected emotion: neutral (confidence: 0.87)
2025-11-30 22:07:10 | WARNING  | emotion_detector | Failed to capture frame from camera
2025-11-30 22:07:10 | INFO     | emotion_detector | Detected emotion: neutral (confidence: 0.91)
2025-11-30 22:07:16 | WARNING  | emotion_detector | Failed to capture frame from camera
2025-11-30 22:07:16 | INFO     | emotion_detector | Detected emotion: neutral (confidence: 0.98)
2025-11-30 22:07:22 | WARNING  | emotion_detector | Failed to capture frame from camera
2025-11-30 22:07:22 | INFO     | emotion_detector | Detected emotion: neutral (confidence: 0.89)
2025-11-30 22:07:28 | WARNING  | emotion_detector | Failed to capture frame from camera
2025-11-30 22:07:28 | INFO     | emotion_detector | Detected emotion: neutral (confidence: 0.97)
2025-11-30 22:07:34 | WARNING  | emotion_detector | Failed to capture frame from camera
2025-11-30 22:07:34 | INFO     | emotion_detector | Detected emotion: neutral (confidence: 0.67)
2025-11-30 22:07:40 | WARNING  | emotion_detector | Failed to capture frame from camera
2025-11-30 22:07:40 | INFO     | emotion_detector | Detected emotion: neutral (confidence: 0.91)
2025-11-30 22:07:46 | INFO     | emotion_detector | Detected emotion: neutral (confidence: 0.93)
2025-11-30 22:07:46 | INFO     | emotion_detector | Detected emotion: neutral (confidence: 0.74)
2025-11-30 22:07:52 | INFO     | emotion_detector | Detected emotion: neutral (confidence: 0.83)
2025-11-30 22:07:53 | INFO     | emotion_detector | Detected emotion: neutral (confidence: 0.89)
2025-11-30 22:07:58 | WARNING  | emotion_detector | Failed to capture frame from camera
2025-11-30 22:07:59 | INFO     | emotion_detector | Detected emotion: neutral (confidence: 0.95)
2025-11-30 22:08:04 | WARNING  | emotion_detector | Failed to capture frame from camera
2025-11-30 22:08:05 | INFO     | emotion_detector | Detected emotion: neutral (confidence: 0.91)
2025-11-30 22:08:11 | INFO     | emotion_detector | Detected emotion: neutral (confidence: 0.96)
2025-11-30 22:08:11 | INFO     | emotion_detector | Detected emotion: neutral (confidence: 0.96)
2025-11-30 22:08:17 | WARNING  | emotion_detector | Failed to capture frame from camera
2025-11-30 22:08:17 | INFO     | emotion_detector | Detected emotion: neutral (confidence: 0.82)
2025-11-30 22:08:23 | WARNING  | emotion_detector | Failed to capture frame from camera
2025-11-30 22:08:23 | INFO     | emotion_detector | Detected emotion: neutral (confidence: 0.58)
2025-11-30 22:08:28 | WARNING  | emotion_detector | Failed to capture frame from camera
2025-11-30 22:08:29 | INFO     | emotion_detector | Detected emotion: neutral (confidence: 0.74)
2025-11-30 22:08:34 | WARNING  | emotion_detector | Failed to capture frame from camera
2025-11-30 22:08:35 | INFO     | emotion_detector | Detected emotion: neutral (confidence: 0.88)
2025-11-30 22:08:40 | WARNING  | emotion_detector | Failed to capture frame from camera
2025-11-30 22:08:41 | INFO     | emotion_detector | Detected emotion: neutral (confidence: 0.89)
2025-11-30 22:08:46 | WARNING  | emotion_detector | Failed to capture frame from camera
2025-11-30 22:08:47 | INFO     | emotion_detector | Detected emotion: neutral (confidence: 0.95)
2025-11-30 22:08:52 | WARNING  | emotion_detector | Failed to capture frame from camera
2025-11-30 22:08:52 | INFO     | emotion_detector | Detected emotion: neutral (confidence: 0.94)
2025-11-30 22:08:58 | WARNING  | emotion_detector | Failed to capture frame from camera
2025-11-30 22:08:58 | INFO     | emotion_detector | Detected emotion: neutral (confidence: 0.97)
2025-11-30 22:09:04 | WARNING  | emotion_detector | Failed to capture frame from camera
2025-11-30 22:09:04 | INFO     | emotion_detector | Detected emotion: neutral (confidence: 0.93)
2025-11-30 22:09:09 | WARNING  | emotion_detector | Failed to capture frame from camera
2025-11-30 22:09:10 | INFO     | emotion_detector | Detected emotion: neutral (confidence: 0.98)
2025-11-30 22:09:15 | WARNING  | emotion_detector | Failed to capture frame from camera
2025-11-30 22:09:16 | INFO     | emotion_detector | Detected emotion: neutral (confidence: 0.89)
2025-11-30 22:09:21 | WARNING  | emotion_detector | Failed to capture frame from camera
2025-11-30 22:09:22 | INFO     | emotion_detector | Detected emotion: neutral (confidence: 0.98)
2025-11-30 22:09:27 | WARNING  | emotion_detector | Failed to capture frame from camera
2025-11-30 22:09:27 | INFO     | emotion_detector | Detected emotion: neutral (confidence: 0.68)
2025-11-30 22:09:33 | WARNING  | emotion_detector | Failed to capture frame from camera
2025-11-30 22:09:33 | INFO     | emotion_detector | Detected emotion: neutral (confidence: 0.97)
2025-11-30 22:09:39 | WARNING  | emotion_detector | Failed to capture frame from camera
2025-11-30 22:09:39 | INFO     | emotion_detector | Detected emotion: neutral (confidence: 0.96)
2025-11-30 22:09:45 | WARNING  | emotion_detector | Failed to capture frame from camera
2025-11-30 22:09:45 | INFO     | emotion_detector | Detected emotion: neutral (confidence: 0.98)
2025-11-30 22:09:51 | WARNING  | emotion_detector | Failed to capture frame from camera
2025-11-30 22:09:51 | INFO     | emotion_detector | Detected emotion: neutral (confidence: 0.80)
2025-11-30 22:09:57 | WARNING  | emotion_detector | Failed to capture frame from camera
2025-11-30 22:09:57 | INFO     | emotion_detector | Detected emotion: neutral (confidence: 0.98)
2025-11-30 22:10:03 | WARNING  | emotion_detector | Failed to capture frame from camera
2025-11-30 22:10:03 | INFO     | emotion_detector | Detected emotion: neutral (confidence: 0.95)
2025-11-30 22:10:09 | WARNING  | emotion_detector | Failed to capture frame from camera
2025-11-30 22:10:09 | INFO     | emotion_detector | Detected emotion: neutral (confidence: 0.98)
2025-11-30 22:10:15 | INFO     | emotion_detector | Detected emotion: neutral (confidence: 0.91)
2025-11-30 22:10:15 | INFO     | emotion_detector | Detected emotion: neutral (confidence: 0.72)
2025-11-30 22:10:21 | WARNING  | emotion_detector | Failed to capture frame from camera
2025-11-30 22:10:21 | INFO     | emotion_detector | Detected emotion: neutral (confidence: 0.95)
2025-11-30 22:10:27 | WARNING  | emotion_detector | Failed to capture frame from camera
2025-11-30 22:10:27 | INFO     | emotion_detector | Detected emotion: neutral (confidence: 0.91)
2025-11-30 22:10:33 | WARNING  | emotion_detector | Failed to capture frame from camera
2025-11-30 22:10:33 | INFO     | emotion_detector | Detected emotion: neutral (confidence: 0.85)
2025-11-30 22:10:39 | WARNING  | emotion_detector | Failed to capture frame from camera
2025-11-30 22:10:39 | INFO     | emotion_detector | Detected emotion: neutral (confidence: 0.99)
2025-11-30 22:10:45 | WARNING  | emotion_detector | Failed to capture frame from camera
2025-11-30 22:10:45 | INFO     | emotion_detector | Detected emotion: neutral (confidence: 0.98)
2025-11-30 22:10:51 | WARNING  | emotion_detector | Failed to capture frame from camera
2025-11-30 22:10:51 | INFO     | emotion_detector | Detected emotion: neutral (confidence: 0.92)
2025-11-30 22:10:57 | INFO     | emotion_detector | Detected emotion: neutral (confidence: 0.95)
2025-11-30 22:10:57 | INFO     | emotion_detector | Detected emotion: neutral (confidence: 0.78)
2025-11-30 22:11:03 | INFO     | emotion_detector | Detected emotion: neutral (confidence: 0.89)
2025-11-30 22:11:04 | INFO     | emotion_detector | Detected emotion: neutral (confidence: 0.95)
2025-11-30 22:11:09 | WARNING  | emotion_detector | Failed to capture frame from camera
2025-11-30 22:11:10 | INFO     | emotion_detector | Detected emotion: neutral (confidence: 0.92)
2025-11-30 22:11:15 | WARNING  | emotion_detector | Failed to capture frame from camera
2025-11-30 22:11:15 | INFO     | emotion_detector | Detected emotion: neutral (confidence: 0.90)
2025-11-30 22:11:21 | INFO     | emotion_detector | Detected emotion: neutral (confidence: 0.90)
2025-11-30 22:11:22 | INFO     | emotion_detector | Detected emotion: neutral (confidence: 0.88)
2025-11-30 22:11:28 | INFO     | emotion_detector | Detected emotion: neutral (confidence: 0.83)
2025-11-30 22:11:28 | INFO     | emotion_detector | Detected emotion: neutral (confidence: 0.81)
2025-11-30 22:11:34 | WARNING  | emotion_detector | Failed to capture frame from camera
2025-11-30 22:11:34 | INFO     | emotion_detector | Detected emotion: neutral (confidence: 0.99)
2025-11-30 22:11:40 | WARNING  | emotion_detector | Failed to capture frame from camera
2025-11-30 22:11:40 | INFO     | emotion_detector | Detected emotion: neutral (confidence: 0.95)
2025-11-30 22:11:46 | WARNING  | emotion_detector | Failed to capture frame from camera
2025-11-30 22:11:46 | INFO     | emotion_detector | Detected emotion: neutral (confidence: 0.93)
2025-11-30 22:11:51 | WARNING  | emotion_detector | Failed to capture frame from camera
2025-11-30 22:11:52 | INFO     | emotion_detector | Detected emotion: neutral (confidence: 0.96)
2025-11-30 22:11:58 | INFO     | emotion_detector | Detected emotion: neutral (confidence: 0.90)
2025-11-30 22:11:58 | INFO     | emotion_detector | Detected emotion: neutral (confidence: 0.87)
2025-11-30 22:12:04 | WARNING  | emotion_detector | Failed to capture frame from camera
2025-11-30 22:12:04 | INFO     | emotion_detector | Detected emotion: neutral (confidence: 0.98)
2025-11-30 22:12:10 | WARNING  | emotion_detector | Failed to capture frame from camera
2025-11-30 22:12:10 | INFO     | emotion_detector | Detected emotion: neutral (confidence: 0.87)
2025-11-30 22:12:15 | WARNING  | emotion_detector | Failed to capture frame from camera
2025-11-30 22:12:16 | INFO     | emotion_detector | Detected emotion: neutral (confidence: 0.92)
2025-11-30 22:12:21 | WARNING  | emotion_detector | Failed to capture frame from camera
2025-11-30 22:12:22 | INFO     | emotion_detector | Detected emotion: neutral (confidence: 0.99)
2025-11-30 22:12:28 | INFO     | emotion_detector | Detected emotion: neutral (confidence: 0.91)
2025-11-30 22:12:28 | INFO     | emotion_detector | Detected emotion: neutral (confidence: 0.89)
2025-11-30 22:12:34 | WARNING  | emotion_detector | Failed to capture frame from camera
2025-11-30 22:12:34 | INFO     | emotion_detector | Detected emotion: neutral (confidence: 0.97)
2025-11-30 22:12:39 | WARNING  | emotion_detector | Failed to capture frame from camera
2025-11-30 22:12:40 | INFO     | emotion_detector | Detected emotion: neutral (confidence: 0.90)
2025-11-30 22:12:45 | WARNING  | emotion_detector | Failed to capture frame from camera
2025-11-30 22:12:46 | INFO     | emotion_detector | Detected emotion: neutral (confidence: 0.98)
2025-11-30 22:12:51 | WARNING  | emotion_detector | Failed to capture frame from camera
2025-11-30 22:12:52 | INFO     | emotion_detector | Detected emotion: neutral (confidence: 0.95)
2025-11-30 22:12:57 | WARNING  | emotion_detector | Failed to capture frame from camera
2025-11-30 22:12:57 | INFO     | emotion_detector | Detected emotion: neutral (confidence: 0.85)
2025-11-30 22:13:03 | WARNING  | emotion_detector | Failed to capture frame from camera
2025-11-30 22:13:03 | INFO     | emotion_detector | Detected emotion: neutral (confidence: 0.91)
2025-11-30 22:13:09 | WARNING  | emotion_detector | Failed to capture frame from camera
2025-11-30 22:13:09 | INFO     | emotion_detector | Detected emotion: neutral (confidence: 0.99)
2025-11-30 22:13:15 | WARNING  | emotion_detector | Failed to capture frame from camera
2025-11-30 22:13:15 | INFO     | emotion_detector | Detected emotion: neutral (confidence: 0.65)
2025-11-30 22:13:20 | WARNING  | emotion_detector | Failed to capture frame from camera
2025-11-30 22:13:21 | INFO     | emotion_detector | Detected emotion: neutral (confidence: 0.85)
2025-11-30 22:13:27 | INFO     | emotion_detector | Detected emotion: neutral (confidence: 0.96)
2025-11-30 22:13:27 | INFO     | emotion_detector | Detected emotion: neutral (confidence: 0.95)
2025-11-30 22:13:33 | INFO     | emotion_detector | Detected emotion: neutral (confidence: 0.94)
2025-11-30 22:13:33 | INFO     | emotion_detector | Bias correction: Switched from fear/sad to neutral (neutral score: 0.44)
2025-11-30 22:13:33 | INFO     | emotion_detector | Detected emotion: neutral (confidence: 0.44)
2025-11-30 22:13:39 | WARNING  | emotion_detector | Failed to capture frame from camera
2025-11-30 22:13:39 | INFO     | emotion_detector | Detected emotion: neutral (confidence: 0.97)
2025-11-30 22:13:45 | WARNING  | emotion_detector | Failed to capture frame from camera
2025-11-30 22:13:45 | INFO     | emotion_detector | Detected emotion: neutral (confidence: 0.61)
2025-11-30 22:13:51 | WARNING  | emotion_detector | Failed to capture frame from camera
2025-11-30 22:13:51 | INFO     | emotion_detector | Detected emotion: neutral (confidence: 0.97)
2025-11-30 22:13:57 | WARNING  | emotion_detector | Failed to capture frame from camera
2025-11-30 22:13:57 | INFO     | emotion_detector | Detected emotion: neutral (confidence: 0.93)
2025-11-30 22:14:02 | WARNING  | emotion_detector | Failed to capture frame from camera
2025-11-30 22:14:03 | INFO     | emotion_detector | Detected emotion: neutral (confidence: 0.71)
2025-11-30 22:14:08 | WARNING  | emotion_detector | Failed to capture frame from camera
2025-11-30 22:14:09 | INFO     | emotion_detector | Detected emotion: neutral (confidence: 0.95)
2025-11-30 22:14:14 | WARNING  | emotion_detector | Failed to capture frame from camera
2025-11-30 22:14:15 | INFO     | emotion_detector | Detected emotion: neutral (confidence: 0.98)
2025-11-30 22:14:20 | WARNING  | emotion_detector | Failed to capture frame from camera
2025-11-30 22:14:21 | INFO     | emotion_detector | Detected emotion: neutral (confidence: 0.96)
2025-11-30 22:14:26 | WARNING  | emotion_detector | Failed to capture frame from camera
2025-11-30 22:14:27 | INFO     | emotion_detector | Detected emotion: neutral (confidence: 0.94)
2025-11-30 22:14:32 | WARNING  | emotion_detector | Failed to capture frame from camera
2025-11-30 22:14:33 | INFO     | emotion_detector | Detected emotion: neutral (confidence: 0.90)
2025-11-30 22:14:39 | INFO     | emotion_detector | Detected emotion: neutral (confidence: 0.95)
2025-11-30 22:14:39 | INFO     | emotion_detector | Detected emotion: neutral (confidence: 0.97)
2025-11-30 22:14:44 | WARNING  | emotion_detector | Failed to capture frame from camera
2025-11-30 22:14:45 | INFO     | emotion_detector | Detected emotion: neutral (confidence: 0.99)
2025-11-30 22:14:50 | WARNING  | emotion_detector | Failed to capture frame from camera
2025-11-30 22:14:51 | INFO     | emotion_detector | Detected emotion: neutral (confidence: 0.96)
2025-11-30 22:14:57 | INFO     | emotion_detector | Detected emotion: neutral (confidence: 0.94)
2025-11-30 22:14:57 | INFO     | emotion_detector | Detected emotion: neutral (confidence: 0.81)
2025-11-30 22:15:03 | WARNING  | emotion_detector | Failed to capture frame from camera
2025-11-30 22:15:03 | INFO     | emotion_detector | Detected emotion: neutral (confidence: 0.96)
2025-11-30 22:15:09 | WARNING  | emotion_detector | Failed to capture frame from camera
2025-11-30 22:15:09 | INFO     | emotion_detector | Detected emotion: neutral (confidence: 0.92)
2025-11-30 22:15:14 | WARNING  | emotion_detector | Failed to capture frame from camera
2025-11-30 22:15:15 | INFO     | emotion_detector | Detected emotion: neutral (confidence: 0.95)
2025-11-30 22:15:20 | WARNING  | emotion_detector | Failed to capture frame from camera
2025-11-30 22:15:21 | INFO     | emotion_detector | Detected emotion: neutral (confidence: 0.97)
2025-11-30 22:15:26 | WARNING  | emotion_detector | Failed to capture frame from camera
2025-11-30 22:15:27 | INFO     | emotion_detector | Detected emotion: neutral (confidence: 0.94)
2025-11-30 22:15:32 | WARNING  | emotion_detector | Failed to capture frame from camera
2025-11-30 22:15:33 | INFO     | emotion_detector | Detected emotion: neutral (confidence: 0.92)
2025-11-30 22:15:38 | INFO     | emotion_detector | Detected emotion: neutral (confidence: 0.81)
2025-11-30 22:15:39 | INFO     | emotion_detector | Detected emotion: neutral (confidence: 0.99)
2025-11-30 22:15:45 | INFO     | emotion_detector | Detected emotion: neutral (confidence: 0.93)
2025-11-30 22:15:45 | INFO     | emotion_detector | Detected emotion: neutral (confidence: 0.86)
2025-11-30 22:15:51 | WARNING  | emotion_detector | Failed to capture frame from camera
2025-11-30 22:15:51 | INFO     | emotion_detector | Detected emotion: neutral (confidence: 0.99)
2025-11-30 22:15:56 | WARNING  | emotion_detector | Failed to capture frame from camera
2025-11-30 22:15:57 | INFO     | emotion_detector | Detected emotion: neutral (confidence: 0.84)
2025-11-30 22:16:03 | INFO     | emotion_detector | Detected emotion: neutral (confidence: 0.89)
2025-11-30 22:16:03 | INFO     | emotion_detector | Detected emotion: neutral (confidence: 0.95)
2025-11-30 22:16:09 | INFO     | emotion_detector | Detected emotion: neutral (confidence: 0.89)
2025-11-30 22:16:10 | INFO     | emotion_detector | Detected emotion: neutral (confidence: 0.68)
2025-11-30 22:16:15 | INFO     | emotion_detector | Detected emotion: neutral (confidence: 0.94)
2025-11-30 22:16:16 | INFO     | emotion_detector | Detected emotion: neutral (confidence: 0.55)
2025-11-30 22:16:22 | WARNING  | emotion_detector | Failed to capture frame from camera
2025-11-30 22:16:22 | INFO     | emotion_detector | Detected emotion: neutral (confidence: 0.96)
2025-11-30 22:16:27 | WARNING  | emotion_detector | Failed to capture frame from camera
2025-11-30 22:16:28 | INFO     | emotion_detector | Detected emotion: neutral (confidence: 0.93)
2025-11-30 22:16:34 | INFO     | emotion_detector | Detected emotion: neutral (confidence: 0.96)
2025-11-30 22:16:34 | INFO     | emotion_detector | Detected emotion: neutral (confidence: 0.93)
2025-11-30 22:16:40 | WARNING  | emotion_detector | Failed to capture frame from camera
2025-11-30 22:16:40 | INFO     | emotion_detector | Detected emotion: neutral (confidence: 0.89)
2025-11-30 22:16:46 | WARNING  | emotion_detector | Failed to capture frame from camera
2025-11-30 22:16:46 | INFO     | emotion_detector | Detected emotion: neutral (confidence: 0.96)
2025-11-30 22:16:52 | INFO     | emotion_detector | Detected emotion: neutral (confidence: 0.97)
2025-11-30 22:16:52 | INFO     | emotion_detector | Detected emotion: neutral (confidence: 0.94)
2025-11-30 22:16:58 | INFO     | emotion_detector | Detected emotion: neutral (confidence: 0.89)
2025-11-30 22:16:59 | INFO     | emotion_detector | Detected emotion: neutral (confidence: 0.98)
2025-11-30 22:17:05 | INFO     | emotion_detector | Detected emotion: neutral (confidence: 0.97)
2025-11-30 22:17:05 | INFO     | emotion_detector | Detected emotion: neutral (confidence: 0.87)
2025-11-30 22:17:11 | INFO     | emotion_detector | Detected emotion: neutral (confidence: 0.94)
2025-11-30 22:17:11 | INFO     | emotion_detector | Detected emotion: neutral (confidence: 0.91)
2025-11-30 22:17:17 | INFO     | emotion_detector | Detected emotion: neutral (confidence: 0.77)
2025-11-30 22:17:18 | INFO     | emotion_detector | Detected emotion: neutral (confidence: 0.99)
2025-11-30 22:17:24 | INFO     | emotion_detector | Detected emotion: neutral (confidence: 0.86)
2025-11-30 22:17:24 | INFO     | emotion_detector | Detected emotion: neutral (confidence: 0.95)
2025-11-30 22:17:29 | WARNING  | emotion_detector | Failed to capture frame from camera
2025-11-30 22:17:30 | INFO     | emotion_detector | Detected emotion: neutral (confidence: 0.88)
2025-11-30 22:17:35 | WARNING  | emotion_detector | Failed to capture frame from camera
2025-11-30 22:17:36 | INFO     | emotion_detector | Detected emotion: neutral (confidence: 0.88)
2025-11-30 22:17:41 | WARNING  | emotion_detector | Failed to capture frame from camera
2025-11-30 22:17:42 | INFO     | emotion_detector | Detected emotion: neutral (confidence: 0.96)
2025-11-30 22:17:47 | WARNING  | emotion_detector | Failed to capture frame from camera
2025-11-30 22:17:48 | INFO     | emotion_detector | Detected emotion: neutral (confidence: 0.96)
2025-11-30 22:17:53 | WARNING  | emotion_detector | Failed to capture frame from camera
2025-11-30 22:17:53 | INFO     | emotion_detector | Detected emotion: neutral (confidence: 0.89)
2025-11-30 22:17:59 | WARNING  | emotion_detector | Failed to capture frame from camera
2025-11-30 22:17:59 | INFO     | emotion_detector | Detected emotion: neutral (confidence: 0.95)
2025-11-30 22:18:05 | WARNING  | emotion_detector | Failed to capture frame from camera
2025-11-30 22:18:05 | INFO     | emotion_detector | Detected emotion: neutral (confidence: 0.74)
2025-11-30 22:18:11 | WARNING  | emotion_detector | Failed to capture frame from camera
2025-11-30 22:18:11 | INFO     | emotion_detector | Detected emotion: neutral (confidence: 0.85)
2025-11-30 22:18:17 | WARNING  | emotion_detector | Failed to capture frame from camera
2025-11-30 22:18:17 | INFO     | emotion_detector | Detected emotion: neutral (confidence: 0.94)
2025-11-30 22:18:23 | WARNING  | emotion_detector | Failed to capture frame from camera
2025-11-30 22:18:23 | INFO     | emotion_detector | Detected emotion: neutral (confidence: 0.96)
2025-11-30 22:18:29 | WARNING  | emotion_detector | Failed to capture frame from camera
2025-11-30 22:18:29 | INFO     | emotion_detector | Detected emotion: neutral (confidence: 0.83)
2025-11-30 22:18:34 | WARNING  | emotion_detector | Failed to capture frame from camera
2025-11-30 22:18:35 | INFO     | emotion_detector | Detected emotion: neutral (confidence: 0.97)
2025-11-30 22:18:40 | WARNING  | emotion_detector | Failed to capture frame from camera
2025-11-30 22:18:41 | INFO     | emotion_detector | Detected emotion: neutral (confidence: 0.98)
2025-11-30 22:18:46 | WARNING  | emotion_detector | Failed to capture frame from camera
2025-11-30 22:18:46 | INFO     | emotion_detector | Detected emotion: neutral (confidence: 0.97)
2025-11-30 22:18:52 | WARNING  | emotion_detector | Failed to capture frame from camera
2025-11-30 22:18:52 | INFO     | emotion_detector | Detected emotion: neutral (confidence: 0.57)
2025-11-30 22:18:58 | WARNING  | emotion_detector | Failed to capture frame from camera
2025-11-30 22:18:58 | INFO     | emotion_detector | Detected emotion: neutral (confidence: 0.95)
2025-11-30 22:19:03 | WARNING  | emotion_detector | Failed to capture frame from camera
2025-11-30 22:19:04 | INFO     | emotion_detector | Detected emotion: neutral (confidence: 0.93)
2025-11-30 22:19:09 | WARNING  | emotion_detector | Failed to capture frame from camera
2025-11-30 22:19:10 | INFO     | emotion_detector | Detected emotion: neutral (confidence: 0.98)
2025-11-30 22:19:15 | WARNING  | emotion_detector | Failed to capture frame from camera
2025-11-30 22:19:15 | INFO     | emotion_detector | Detected emotion: neutral (confidence: 0.95)
2025-11-30 22:19:21 | WARNING  | emotion_detector | Failed to capture frame from camera
2025-11-30 22:19:21 | INFO     | emotion_detector | Detected emotion: neutral (confidence: 0.82)
2025-11-30 22:19:27 | INFO     | emotion_detector | Detected emotion: neutral (confidence: 0.98)
2025-11-30 22:19:28 | INFO     | emotion_detector | Detected emotion: neutral (confidence: 0.93)
2025-11-30 22:19:33 | WARNING  | emotion_detector | Failed to capture frame from camera
2025-11-30 22:19:34 | INFO     | emotion_detector | Detected emotion: neutral (confidence: 0.99)
2025-11-30 22:19:39 | WARNING  | emotion_detector | Failed to capture frame from camera
2025-11-30 22:19:40 | INFO     | emotion_detector | Detected emotion: neutral (confidence: 0.99)
2025-11-30 22:19:45 | INFO     | emotion_detector | Detected emotion: neutral (confidence: 0.96)
2025-11-30 22:19:46 | INFO     | emotion_detector | Detected emotion: neutral (confidence: 0.95)
2025-11-30 22:19:52 | INFO     | emotion_detector | Detected emotion: neutral (confidence: 0.79)
2025-11-30 22:19:52 | INFO     | emotion_detector | Detected emotion: neutral (confidence: 0.98)
2025-11-30 22:19:58 | INFO     | emotion_detector | Detected emotion: neutral (confidence: 0.98)
2025-11-30 22:19:59 | INFO     | emotion_detector | Detected emotion: neutral (confidence: 0.92)
2025-11-30 22:20:05 | INFO     | emotion_detector | Detected emotion: neutral (confidence: 0.70)
2025-11-30 22:20:05 | INFO     | emotion_detector | Detected emotion: neutral (confidence: 0.91)
2025-11-30 22:20:11 | WARNING  | emotion_detector | Failed to capture frame from camera
2025-11-30 22:20:11 | INFO     | emotion_detector | Detected emotion: neutral (confidence: 0.98)
2025-11-30 22:20:16 | WARNING  | emotion_detector | Failed to capture frame from camera
2025-11-30 22:20:17 | INFO     | emotion_detector | Detected emotion: neutral (confidence: 0.74)
2025-11-30 22:20:22 | WARNING  | emotion_detector | Failed to capture frame from camera
2025-11-30 22:20:23 | INFO     | emotion_detector | Detected emotion: neutral (confidence: 0.89)
2025-11-30 22:20:28 | WARNING  | emotion_detector | Failed to capture frame from camera
2025-11-30 22:20:29 | INFO     | emotion_detector | Detected emotion: neutral (confidence: 0.60)
2025-11-30 22:20:34 | WARNING  | emotion_detector | Failed to capture frame from camera
2025-11-30 22:20:35 | INFO     | emotion_detector | Detected emotion: neutral (confidence: 0.57)
2025-11-30 22:20:40 | WARNING  | emotion_detector | Failed to capture frame from camera
2025-11-30 22:20:40 | INFO     | emotion_detector | Detected emotion: neutral (confidence: 0.97)
2025-11-30 22:20:46 | WARNING  | emotion_detector | Failed to capture frame from camera
2025-11-30 22:20:46 | INFO     | emotion_detector | Detected emotion: neutral (confidence: 0.85)
2025-11-30 22:20:52 | WARNING  | emotion_detector | Failed to capture frame from camera
2025-11-30 22:20:52 | INFO     | emotion_detector | Detected emotion: neutral (confidence: 0.98)
2025-11-30 22:20:58 | INFO     | emotion_detector | Detected emotion: neutral (confidence: 0.96)
2025-11-30 22:20:58 | INFO     | emotion_detector | Detected emotion: neutral (confidence: 0.91)
2025-11-30 22:21:04 | WARNING  | emotion_detector | Failed to capture frame from camera
2025-11-30 22:21:04 | INFO     | emotion_detector | Detected emotion: neutral (confidence: 0.90)
2025-11-30 22:21:10 | WARNING  | emotion_detector | Failed to capture frame from camera
2025-11-30 22:21:10 | INFO     | emotion_detector | Detected emotion: neutral (confidence: 0.94)
2025-11-30 22:21:16 | WARNING  | emotion_detector | Failed to capture frame from camera
2025-11-30 22:21:16 | INFO     | emotion_detector | Detected emotion: neutral (confidence: 0.97)
2025-11-30 22:21:22 | WARNING  | emotion_detector | Failed to capture frame from camera
2025-11-30 22:21:22 | INFO     | emotion_detector | Detected emotion: neutral (confidence: 0.96)
2025-11-30 22:21:28 | WARNING  | emotion_detector | Failed to capture frame from camera
2025-11-30 22:21:28 | INFO     | emotion_detector | Detected emotion: neutral (confidence: 0.91)
2025-11-30 22:21:34 | WARNING  | emotion_detector | Failed to capture frame from camera
2025-11-30 22:21:34 | INFO     | emotion_detector | Detected emotion: neutral (confidence: 0.92)
2025-11-30 22:21:40 | WARNING  | emotion_detector | Failed to capture frame from camera
2025-11-30 22:21:40 | INFO     | emotion_detector | Detected emotion: neutral (confidence: 0.99)
2025-11-30 22:21:46 | INFO     | emotion_detector | Detected emotion: neutral (confidence: 0.72)
2025-11-30 22:21:46 | INFO     | emotion_detector | Detected emotion: neutral (confidence: 0.95)
2025-11-30 22:21:52 | INFO     | emotion_detector | Detected emotion: neutral (confidence: 0.96)
2025-11-30 22:21:53 | INFO     | emotion_detector | Detected emotion: neutral (confidence: 0.90)
2025-11-30 22:21:59 | INFO     | emotion_detector | Detected emotion: neutral (confidence: 0.92)
2025-11-30 22:21:59 | INFO     | emotion_detector | Detected emotion: neutral (confidence: 0.91)
2025-11-30 22:22:05 | WARNING  | emotion_detector | Failed to capture frame from camera
2025-11-30 22:22:05 | INFO     | emotion_detector | Detected emotion: neutral (confidence: 0.93)
2025-11-30 22:22:11 | INFO     | emotion_detector | Detected emotion: neutral (confidence: 0.95)
2025-11-30 22:22:11 | INFO     | emotion_detector | Detected emotion: neutral (confidence: 0.89)
2025-11-30 22:22:17 | WARNING  | emotion_detector | Failed to capture frame from camera
2025-11-30 22:22:17 | INFO     | emotion_detector | Detected emotion: neutral (confidence: 0.96)
2025-11-30 22:22:23 | WARNING  | emotion_detector | Failed to capture frame from camera
2025-11-30 22:22:23 | INFO     | emotion_detector | Detected emotion: neutral (confidence: 0.93)
2025-11-30 22:22:28 | WARNING  | emotion_detector | Failed to capture frame from camera
2025-11-30 22:22:29 | INFO     | emotion_detector | Detected emotion: neutral (confidence: 0.95)
2025-11-30 22:22:35 | INFO     | emotion_detector | Detected emotion: neutral (confidence: 0.90)
2025-11-30 22:22:35 | INFO     | emotion_detector | Detected emotion: neutral (confidence: 0.91)
2025-11-30 22:22:41 | WARNING  | emotion_detector | Failed to capture frame from camera
2025-11-30 22:22:41 | INFO     | emotion_detector | Detected emotion: neutral (confidence: 0.92)
2025-11-30 22:22:47 | WARNING  | emotion_detector | Failed to capture frame from camera
2025-11-30 22:22:47 | INFO     | emotion_detector | Detected emotion: neutral (confidence: 0.94)
2025-11-30 22:22:52 | WARNING  | emotion_detector | Failed to capture frame from camera
2025-11-30 22:22:53 | INFO     | emotion_detector | Detected emotion: neutral (confidence: 0.98)
2025-11-30 22:22:59 | INFO     | emotion_detector | Detected emotion: neutral (confidence: 0.58)
2025-11-30 22:22:59 | INFO     | emotion_detector | Detected emotion: neutral (confidence: 0.95)
2025-11-30 22:23:05 | WARNING  | emotion_detector | Failed to capture frame from camera
2025-11-30 22:23:05 | INFO     | emotion_detector | Detected emotion: neutral (confidence: 0.89)
2025-11-30 22:23:10 | WARNING  | emotion_detector | Failed to capture frame from camera
2025-11-30 22:23:11 | INFO     | emotion_detector | Detected emotion: neutral (confidence: 0.99)
2025-11-30 22:23:16 | WARNING  | emotion_detector | Failed to capture frame from camera
2025-11-30 22:23:17 | INFO     | emotion_detector | Detected emotion: neutral (confidence: 0.86)
2025-11-30 22:23:22 | WARNING  | emotion_detector | Failed to capture frame from camera
2025-11-30 22:23:23 | INFO     | emotion_detector | Detected emotion: neutral (confidence: 0.57)
2025-11-30 22:23:28 | WARNING  | emotion_detector | Failed to capture frame from camera
2025-11-30 22:23:28 | INFO     | emotion_detector | Detected emotion: neutral (confidence: 0.78)
2025-11-30 22:23:34 | INFO     | emotion_detector | Detected emotion: neutral (confidence: 0.93)
2025-11-30 22:23:35 | INFO     | emotion_detector | Detected emotion: neutral (confidence: 0.93)
2025-11-30 22:23:40 | WARNING  | emotion_detector | Failed to capture frame from camera
2025-11-30 22:23:41 | INFO     | emotion_detector | Detected emotion: neutral (confidence: 0.80)
2025-11-30 22:23:46 | WARNING  | emotion_detector | Failed to capture frame from camera
2025-11-30 22:23:46 | INFO     | emotion_detector | Detected emotion: neutral (confidence: 0.94)
2025-11-30 22:23:52 | WARNING  | emotion_detector | Failed to capture frame from camera
2025-11-30 22:23:52 | INFO     | emotion_detector | Detected emotion: neutral (confidence: 0.96)
2025-11-30 22:23:58 | WARNING  | emotion_detector | Failed to capture frame from camera
2025-11-30 22:23:58 | INFO     | emotion_detector | Bias correction: Switched from fear/sad to neutral (neutral score: 0.44)
2025-11-30 22:23:58 | INFO     | emotion_detector | Detected emotion: neutral (confidence: 0.44)
2025-11-30 22:24:04 | WARNING  | emotion_detector | Failed to capture frame from camera
2025-11-30 22:24:04 | INFO     | emotion_detector | Detected emotion: neutral (confidence: 0.97)
2025-11-30 22:24:10 | WARNING  | emotion_detector | Failed to capture frame from camera
2025-11-30 22:24:10 | INFO     | emotion_detector | Detected emotion: neutral (confidence: 0.91)
2025-11-30 22:24:16 | WARNING  | emotion_detector | Failed to capture frame from camera
2025-11-30 22:24:16 | INFO     | emotion_detector | Detected emotion: neutral (confidence: 0.95)
2025-11-30 22:24:22 | INFO     | emotion_detector | Detected emotion: neutral (confidence: 0.90)
2025-11-30 22:24:22 | INFO     | emotion_detector | Detected emotion: neutral (confidence: 0.79)
2025-11-30 22:24:28 | WARNING  | emotion_detector | Failed to capture frame from camera
2025-11-30 22:24:28 | INFO     | emotion_detector | Detected emotion: neutral (confidence: 0.90)
2025-11-30 22:24:34 | WARNING  | emotion_detector | Failed to capture frame from camera
2025-11-30 22:24:34 | INFO     | emotion_detector | Detected emotion: neutral (confidence: 0.97)
2025-11-30 22:24:40 | WARNING  | emotion_detector | Failed to capture frame from camera
2025-11-30 22:24:40 | INFO     | emotion_detector | Detected emotion: neutral (confidence: 0.96)
2025-11-30 22:24:46 | WARNING  | emotion_detector | Failed to capture frame from camera
2025-11-30 22:24:46 | INFO     | emotion_detector | Detected emotion: neutral (confidence: 0.96)
2025-11-30 22:24:52 | INFO     | emotion_detector | Detected emotion: neutral (confidence: 0.98)
2025-11-30 22:24:52 | INFO     | emotion_detector | Detected emotion: neutral (confidence: 0.98)
2025-11-30 22:24:58 | WARNING  | emotion_detector | Failed to capture frame from camera
2025-11-30 22:24:58 | INFO     | emotion_detector | Detected emotion: neutral (confidence: 0.95)
2025-11-30 22:25:04 | WARNING  | emotion_detector | Failed to capture frame from camera
2025-11-30 22:25:04 | INFO     | emotion_detector | Detected emotion: neutral (confidence: 0.95)
2025-11-30 22:25:09 | WARNING  | emotion_detector | Failed to capture frame from camera
2025-11-30 22:25:10 | INFO     | emotion_detector | Detected emotion: neutral (confidence: 0.97)
2025-11-30 22:25:15 | WARNING  | emotion_detector | Failed to capture frame from camera
2025-11-30 22:25:16 | INFO     | emotion_detector | Detected emotion: neutral (confidence: 0.98)
2025-11-30 22:25:21 | WARNING  | emotion_detector | Failed to capture frame from camera
2025-11-30 22:25:21 | INFO     | emotion_detector | Detected emotion: neutral (confidence: 0.93)
2025-11-30 22:25:27 | WARNING  | emotion_detector | Failed to capture frame from camera
2025-11-30 22:25:27 | INFO     | emotion_detector | Detected emotion: neutral (confidence: 0.95)
2025-11-30 22:25:33 | WARNING  | emotion_detector | Failed to capture frame from camera
2025-11-30 22:25:33 | INFO     | emotion_detector | Detected emotion: neutral (confidence: 0.97)
2025-11-30 22:25:39 | WARNING  | emotion_detector | Failed to capture frame from camera
2025-11-30 22:25:39 | INFO     | emotion_detector | Detected emotion: neutral (confidence: 0.88)
2025-11-30 22:25:45 | INFO     | emotion_detector | Detected emotion: neutral (confidence: 0.91)
2025-11-30 22:25:46 | INFO     | emotion_detector | Detected emotion: neutral (confidence: 0.98)
2025-11-30 22:25:51 | WARNING  | emotion_detector | Failed to capture frame from camera
2025-11-30 22:25:51 | INFO     | emotion_detector | Detected emotion: neutral (confidence: 0.97)
2025-11-30 22:25:57 | WARNING  | emotion_detector | Failed to capture frame from camera
2025-11-30 22:25:57 | INFO     | emotion_detector | Detected emotion: neutral (confidence: 0.93)
2025-11-30 22:26:03 | WARNING  | emotion_detector | Failed to capture frame from camera
2025-11-30 22:26:03 | INFO     | emotion_detector | Detected emotion: neutral (confidence: 0.88)
2025-11-30 22:26:08 | WARNING  | emotion_detector | Failed to capture frame from camera
2025-11-30 22:26:09 | INFO     | emotion_detector | Detected emotion: neutral (confidence: 0.94)
2025-11-30 22:26:14 | WARNING  | emotion_detector | Failed to capture frame from camera
2025-11-30 22:26:15 | INFO     | emotion_detector | Detected emotion: neutral (confidence: 0.97)
2025-11-30 22:26:21 | INFO     | emotion_detector | Detected emotion: neutral (confidence: 0.92)
2025-11-30 22:26:21 | INFO     | emotion_detector | Detected emotion: neutral (confidence: 0.94)
2025-11-30 22:26:27 | WARNING  | emotion_detector | Failed to capture frame from camera
2025-11-30 22:26:27 | INFO     | emotion_detector | Detected emotion: neutral (confidence: 0.98)
2025-11-30 22:26:33 | WARNING  | emotion_detector | Failed to capture frame from camera
2025-11-30 22:26:33 | INFO     | emotion_detector | Detected emotion: neutral (confidence: 0.75)
2025-11-30 22:26:39 | WARNING  | emotion_detector | Failed to capture frame from camera
2025-11-30 22:26:39 | INFO     | emotion_detector | Detected emotion: neutral (confidence: 0.95)
2025-11-30 22:26:45 | WARNING  | emotion_detector | Failed to capture frame from camera
2025-11-30 22:26:45 | INFO     | emotion_detector | Detected emotion: neutral (confidence: 0.56)
2025-11-30 22:26:51 | INFO     | emotion_detector | Detected emotion: neutral (confidence: 0.99)
2025-11-30 22:26:51 | INFO     | emotion_detector | Detected emotion: neutral (confidence: 0.96)
2025-11-30 22:26:57 | INFO     | emotion_detector | Detected emotion: neutral (confidence: 0.96)
2025-11-30 22:26:58 | INFO     | emotion_detector | Detected emotion: neutral (confidence: 0.83)
2025-11-30 22:27:04 | INFO     | emotion_detector | Detected emotion: neutral (confidence: 0.89)
2025-11-30 22:27:04 | INFO     | emotion_detector | Detected emotion: neutral (confidence: 0.96)
2025-11-30 22:27:10 | INFO     | emotion_detector | Detected emotion: neutral (confidence: 0.89)
2025-11-30 22:27:11 | INFO     | emotion_detector | Detected emotion: neutral (confidence: 0.94)
2025-11-30 22:27:17 | INFO     | emotion_detector | Bias correction: Switched from fear/sad to neutral (neutral score: 0.46)
2025-11-30 22:27:17 | INFO     | emotion_detector | Detected emotion: neutral (confidence: 0.46)
2025-11-30 22:27:17 | INFO     | emotion_detector | Detected emotion: neutral (confidence: 0.98)
2025-11-30 22:27:22 | WARNING  | emotion_detector | Failed to capture frame from camera
2025-11-30 22:27:23 | INFO     | emotion_detector | Detected emotion: sad (confidence: 0.58)
2025-11-30 22:27:28 | WARNING  | emotion_detector | Failed to capture frame from camera
2025-11-30 22:27:29 | INFO     | emotion_detector | Detected emotion: neutral (confidence: 0.98)
2025-11-30 22:27:34 | WARNING  | emotion_detector | Failed to capture frame from camera
2025-11-30 22:27:35 | INFO     | emotion_detector | Detected emotion: neutral (confidence: 0.75)
2025-11-30 22:27:40 | WARNING  | emotion_detector | Failed to capture frame from camera
2025-11-30 22:27:41 | INFO     | emotion_detector | Detected emotion: neutral (confidence: 0.74)
2025-11-30 22:27:46 | WARNING  | emotion_detector | Failed to capture frame from camera
2025-11-30 22:27:47 | INFO     | emotion_detector | Detected emotion: neutral (confidence: 0.98)
2025-11-30 22:27:52 | WARNING  | emotion_detector | Failed to capture frame from camera
2025-11-30 22:27:52 | INFO     | emotion_detector | Detected emotion: sad (confidence: 0.57)
2025-11-30 22:27:58 | WARNING  | emotion_detector | Failed to capture frame from camera
2025-11-30 22:27:58 | INFO     | emotion_detector | Detected emotion: neutral (confidence: 0.93)
2025-11-30 22:28:04 | WARNING  | emotion_detector | Failed to capture frame from camera
2025-11-30 22:28:04 | INFO     | emotion_detector | Detected emotion: neutral (confidence: 0.99)
2025-11-30 22:28:10 | WARNING  | emotion_detector | Failed to capture frame from camera
2025-11-30 22:28:10 | INFO     | emotion_detector | Detected emotion: neutral (confidence: 0.98)
2025-11-30 22:28:16 | INFO     | emotion_detector | Detected emotion: neutral (confidence: 0.98)
2025-11-30 22:28:17 | INFO     | emotion_detector | Detected emotion: neutral (confidence: 0.92)
2025-11-30 22:28:22 | WARNING  | emotion_detector | Failed to capture frame from camera
2025-11-30 22:28:22 | INFO     | emotion_detector | Detected emotion: neutral (confidence: 0.71)
2025-11-30 22:28:28 | WARNING  | emotion_detector | Failed to capture frame from camera
2025-11-30 22:28:28 | INFO     | emotion_detector | Detected emotion: neutral (confidence: 0.97)
2025-11-30 22:28:34 | WARNING  | emotion_detector | Failed to capture frame from camera
2025-11-30 22:28:34 | INFO     | emotion_detector | Detected emotion: neutral (confidence: 0.88)
2025-11-30 22:28:40 | WARNING  | emotion_detector | Failed to capture frame from camera
2025-11-30 22:28:40 | INFO     | emotion_detector | Detected emotion: neutral (confidence: 0.94)
2025-11-30 22:28:46 | WARNING  | emotion_detector | Failed to capture frame from camera
2025-11-30 22:28:46 | INFO     | emotion_detector | Detected emotion: neutral (confidence: 0.92)
2025-11-30 22:28:52 | INFO     | emotion_detector | Detected emotion: neutral (confidence: 0.98)
2025-11-30 22:28:52 | INFO     | emotion_detector | Detected emotion: neutral (confidence: 0.81)
2025-11-30 22:28:58 | WARNING  | emotion_detector | Failed to capture frame from camera
2025-11-30 22:28:58 | INFO     | emotion_detector | Detected emotion: neutral (confidence: 0.93)
2025-11-30 22:29:04 | WARNING  | emotion_detector | Failed to capture frame from camera
2025-11-30 22:29:04 | INFO     | emotion_detector | Detected emotion: neutral (confidence: 0.97)
2025-11-30 22:29:10 | WARNING  | emotion_detector | Failed to capture frame from camera
2025-11-30 22:29:10 | INFO     | emotion_detector | Detected emotion: neutral (confidence: 0.85)
2025-11-30 22:29:16 | WARNING  | emotion_detector | Failed to capture frame from camera
2025-11-30 22:29:16 | INFO     | emotion_detector | Detected emotion: neutral (confidence: 0.92)
2025-11-30 22:29:22 | INFO     | emotion_detector | Detected emotion: neutral (confidence: 0.94)
2025-11-30 22:29:22 | INFO     | emotion_detector | Detected emotion: neutral (confidence: 0.66)
2025-11-30 22:29:28 | INFO     | emotion_detector | Detected emotion: neutral (confidence: 0.89)
2025-11-30 22:29:29 | INFO     | emotion_detector | Detected emotion: neutral (confidence: 0.93)
2025-11-30 22:29:35 | INFO     | emotion_detector | Detected emotion: neutral (confidence: 0.56)
2025-11-30 22:29:35 | INFO     | emotion_detector | Detected emotion: neutral (confidence: 0.80)
2025-11-30 22:29:41 | WARNING  | emotion_detector | Failed to capture frame from camera
2025-11-30 22:29:41 | INFO     | emotion_detector | Detected emotion: neutral (confidence: 0.98)
2025-11-30 22:29:46 | WARNING  | emotion_detector | Failed to capture frame from camera
2025-11-30 22:29:47 | INFO     | emotion_detector | Detected emotion: neutral (confidence: 0.75)
2025-11-30 22:29:52 | WARNING  | emotion_detector | Failed to capture frame from camera
2025-11-30 22:29:53 | INFO     | emotion_detector | Detected emotion: neutral (confidence: 0.97)
2025-11-30 22:29:58 | WARNING  | emotion_detector | Failed to capture frame from camera
2025-11-30 22:29:58 | INFO     | emotion_detector | Detected emotion: neutral (confidence: 0.92)
2025-11-30 22:30:04 | WARNING  | emotion_detector | Failed to capture frame from camera
2025-11-30 22:30:04 | INFO     | emotion_detector | Detected emotion: neutral (confidence: 0.96)
2025-11-30 22:30:10 | INFO     | emotion_detector | Detected emotion: neutral (confidence: 0.91)
2025-11-30 22:30:11 | INFO     | emotion_detector | Detected emotion: neutral (confidence: 0.89)
2025-11-30 22:30:17 | INFO     | emotion_detector | Detected emotion: neutral (confidence: 0.92)
2025-11-30 22:30:17 | INFO     | emotion_detector | Detected emotion: neutral (confidence: 0.95)
2025-11-30 22:30:23 | WARNING  | emotion_detector | Failed to capture frame from camera
2025-11-30 22:30:23 | INFO     | emotion_detector | Detected emotion: neutral (confidence: 0.84)
2025-11-30 22:30:29 | INFO     | emotion_detector | Detected emotion: neutral (confidence: 0.90)
2025-11-30 22:30:29 | INFO     | emotion_detector | Detected emotion: neutral (confidence: 0.92)
2025-11-30 22:30:35 | WARNING  | emotion_detector | Failed to capture frame from camera
2025-11-30 22:30:35 | INFO     | emotion_detector | Detected emotion: neutral (confidence: 0.63)
2025-11-30 22:30:41 | WARNING  | emotion_detector | Failed to capture frame from camera
2025-11-30 22:30:41 | INFO     | emotion_detector | Detected emotion: neutral (confidence: 0.93)
2025-11-30 22:30:47 | WARNING  | emotion_detector | Failed to capture frame from camera
2025-11-30 22:30:47 | INFO     | emotion_detector | Detected emotion: neutral (confidence: 0.97)
2025-11-30 22:30:52 | WARNING  | emotion_detector | Failed to capture frame from camera
2025-11-30 22:30:53 | INFO     | emotion_detector | Detected emotion: neutral (confidence: 0.93)
2025-11-30 22:30:58 | WARNING  | emotion_detector | Failed to capture frame from camera
2025-11-30 22:30:59 | INFO     | emotion_detector | Detected emotion: neutral (confidence: 0.99)
2025-11-30 22:31:04 | WARNING  | emotion_detector | Failed to capture frame from camera
2025-11-30 22:31:05 | INFO     | emotion_detector | Detected emotion: neutral (confidence: 0.93)
2025-11-30 22:31:11 | INFO     | emotion_detector | Detected emotion: neutral (confidence: 0.82)
2025-11-30 22:31:11 | INFO     | emotion_detector | Detected emotion: neutral (confidence: 0.63)
2025-11-30 22:31:17 | INFO     | emotion_detector | Bias correction: Switched from fear/sad to neutral (neutral score: 0.48)
2025-11-30 22:31:17 | INFO     | emotion_detector | Detected emotion: neutral (confidence: 0.48)
2025-11-30 22:31:18 | INFO     | emotion_detector | Detected emotion: neutral (confidence: 0.88)
2025-11-30 22:31:23 | WARNING  | emotion_detector | Failed to capture frame from camera
2025-11-30 22:31:24 | INFO     | emotion_detector | Detected emotion: sad (confidence: 0.67)
2025-11-30 22:31:30 | INFO     | emotion_detector | Detected emotion: neutral (confidence: 0.89)
2025-11-30 22:31:30 | INFO     | emotion_detector | Detected emotion: neutral (confidence: 0.97)
2025-11-30 22:31:35 | WARNING  | emotion_detector | Failed to capture frame from camera
2025-11-30 22:31:36 | INFO     | emotion_detector | Detected emotion: neutral (confidence: 0.99)
2025-11-30 22:31:41 | WARNING  | emotion_detector | Failed to capture frame from camera
2025-11-30 22:31:42 | INFO     | emotion_detector | Detected emotion: neutral (confidence: 0.51)
2025-11-30 22:31:47 | WARNING  | emotion_detector | Failed to capture frame from camera
2025-11-30 22:31:48 | INFO     | emotion_detector | Detected emotion: neutral (confidence: 0.58)
2025-11-30 22:31:53 | WARNING  | emotion_detector | Failed to capture frame from camera
2025-11-30 22:31:53 | INFO     | emotion_detector | Detected emotion: neutral (confidence: 0.53)
2025-11-30 22:31:59 | WARNING  | emotion_detector | Failed to capture frame from camera
2025-11-30 22:31:59 | INFO     | emotion_detector | Detected emotion: sad (confidence: 0.71)
2025-11-30 22:32:05 | INFO     | emotion_detector | Detected emotion: neutral (confidence: 0.94)
2025-11-30 22:32:06 | INFO     | emotion_detector | Detected emotion: neutral (confidence: 0.99)
2025-11-30 22:32:11 | WARNING  | emotion_detector | Failed to capture frame from camera
2025-11-30 22:32:12 | INFO     | emotion_detector | Detected emotion: neutral (confidence: 0.92)
2025-11-30 22:32:17 | WARNING  | emotion_detector | Failed to capture frame from camera
2025-11-30 22:32:17 | INFO     | emotion_detector | Detected emotion: neutral (confidence: 0.98)
2025-11-30 22:32:23 | INFO     | emotion_detector | Detected emotion: neutral (confidence: 0.97)
2025-11-30 22:32:24 | INFO     | emotion_detector | Detected emotion: neutral (confidence: 0.94)
2025-11-30 22:32:30 | INFO     | emotion_detector | Detected emotion: neutral (confidence: 0.99)
2025-11-30 22:32:30 | INFO     | emotion_detector | Detected emotion: neutral (confidence: 0.89)
2025-11-30 22:32:36 | INFO     | emotion_detector | Detected emotion: neutral (confidence: 0.97)
2025-11-30 22:32:36 | INFO     | emotion_detector | Detected emotion: neutral (confidence: 0.94)
2025-11-30 22:32:42 | INFO     | emotion_detector | Detected emotion: neutral (confidence: 0.98)
2025-11-30 22:32:43 | INFO     | emotion_detector | Detected emotion: neutral (confidence: 0.96)
2025-11-30 22:32:48 | WARNING  | emotion_detector | Failed to capture frame from camera
2025-11-30 22:32:48 | INFO     | emotion_detector | Detected emotion: neutral (confidence: 0.94)
2025-11-30 22:32:54 | WARNING  | emotion_detector | Failed to capture frame from camera
2025-11-30 22:32:54 | INFO     | emotion_detector | Detected emotion: neutral (confidence: 0.98)
2025-11-30 22:33:00 | WARNING  | emotion_detector | Failed to capture frame from camera
2025-11-30 22:33:00 | INFO     | emotion_detector | Detected emotion: sad (confidence: 0.63)
2025-11-30 22:33:06 | WARNING  | emotion_detector | Failed to capture frame from camera
2025-11-30 22:33:06 | INFO     | emotion_detector | Detected emotion: neutral (confidence: 0.99)
2025-11-30 22:33:11 | WARNING  | emotion_detector | Failed to capture frame from camera
2025-11-30 22:33:12 | INFO     | emotion_detector | Detected emotion: neutral (confidence: 0.95)
2025-11-30 22:33:17 | WARNING  | emotion_detector | Failed to capture frame from camera
2025-11-30 22:33:18 | INFO     | emotion_detector | Detected emotion: neutral (confidence: 0.96)
2025-11-30 22:33:23 | WARNING  | emotion_detector | Failed to capture frame from camera
2025-11-30 22:33:24 | INFO     | emotion_detector | Detected emotion: neutral (confidence: 0.69)
2025-11-30 22:33:30 | INFO     | emotion_detector | Detected emotion: neutral (confidence: 0.67)
2025-11-30 22:33:30 | INFO     | emotion_detector | Detected emotion: sad (confidence: 0.79)
2025-11-30 22:33:36 | WARNING  | emotion_detector | Failed to capture frame from camera
2025-11-30 22:33:36 | INFO     | emotion_detector | Detected emotion: neutral (confidence: 0.92)
2025-11-30 22:33:52 | WARNING  | emotion_detector | Failed to capture frame from camera
2025-11-30 22:33:52 | WARNING  | emotion_detector | Failed to capture frame from camera
2025-11-30 22:33:58 | WARNING  | emotion_detector | Failed to capture frame from camera
2025-11-30 22:33:59 | INFO     | emotion_detector | Detected emotion: fear (confidence: 0.43)
2025-11-30 22:34:05 | INFO     | emotion_detector | Detected emotion: fear (confidence: 1.00)
2025-11-30 22:34:06 | INFO     | emotion_detector | Detected emotion: sad (confidence: 0.53)
2025-11-30 22:34:12 | WARNING  | emotion_detector | Failed to capture frame from camera
2025-11-30 22:34:12 | INFO     | emotion_detector | Detected emotion: fear (confidence: 0.72)
2025-11-30 22:34:19 | INFO     | emotion_detector | Detected emotion: fear (confidence: 1.00)
2025-11-30 22:34:20 | INFO     | emotion_detector | Detected emotion: angry (confidence: 0.95)
2025-11-30 22:34:26 | WARNING  | emotion_detector | Failed to capture frame from camera
2025-11-30 22:34:26 | INFO     | emotion_detector | Bias correction: Switched from fear/sad to neutral (neutral score: 0.35)
2025-11-30 22:34:26 | INFO     | emotion_detector | Detected emotion: neutral (confidence: 0.35)
2025-11-30 22:34:34 | INFO     | emotion_detector | Detected emotion: neutral (confidence: 0.99)
2025-11-30 22:34:35 | INFO     | emotion_detector | Detected emotion: neutral (confidence: 0.99)
2025-11-30 22:34:44 | WARNING  | emotion_detector | Failed to capture frame from camera
2025-11-30 22:34:44 | INFO     | emotion_detector | Detected emotion: neutral (confidence: 1.00)
2025-11-30 22:34:53 | WARNING  | emotion_detector | Failed to capture frame from camera
2025-11-30 22:34:54 | INFO     | emotion_detector | Detected emotion: neutral (confidence: 0.97)
2025-11-30 22:35:03 | INFO     | emotion_detector | Detected emotion: neutral (confidence: 0.99)
2025-11-30 22:35:04 | INFO     | emotion_detector | Detected emotion: neutral (confidence: 0.99)
2025-11-30 22:35:13 | WARNING  | emotion_detector | Failed to capture frame from camera
2025-11-30 22:35:13 | INFO     | emotion_detector | Detected emotion: fear (confidence: 1.00)
2025-11-30 22:35:22 | INFO     | emotion_detector | Detected emotion: fear (confidence: 0.83)
2025-11-30 22:35:22 | INFO     | emotion_detector | Detected emotion: angry (confidence: 0.92)
2025-11-30 22:35:31 | WARNING  | emotion_detector | Failed to capture frame from camera
2025-11-30 22:35:31 | INFO     | emotion_detector | Detected emotion: neutral (confidence: 0.52)
2025-11-30 22:35:40 | WARNING  | emotion_detector | Failed to capture frame from camera
2025-11-30 22:35:41 | INFO     | emotion_detector | Detected emotion: neutral (confidence: 0.85)
2025-11-30 22:35:50 | INFO     | emotion_detector | Detected emotion: neutral (confidence: 1.00)
2025-11-30 22:35:50 | INFO     | emotion_detector | Detected emotion: fear (confidence: 1.00)
2025-11-30 22:35:59 | WARNING  | emotion_detector | Failed to capture frame from camera
2025-11-30 22:35:59 | INFO     | emotion_detector | Detected emotion: fear (confidence: 0.92)
2025-11-30 22:36:08 | WARNING  | emotion_detector | Failed to capture frame from camera
2025-11-30 22:36:08 | INFO     | emotion_detector | Detected emotion: fear (confidence: 0.97)
2025-11-30 22:36:17 | WARNING  | emotion_detector | Failed to capture frame from camera
2025-11-30 22:36:17 | INFO     | emotion_detector | Detected emotion: fear (confidence: 0.70)
2025-11-30 22:36:26 | WARNING  | emotion_detector | Failed to capture frame from camera
2025-11-30 22:36:27 | INFO     | emotion_detector | Detected emotion: fear (confidence: 0.85)
2025-11-30 22:36:36 | INFO     | emotion_detector | Detected emotion: neutral (confidence: 0.81)
2025-11-30 22:36:36 | INFO     | emotion_detector | Detected emotion: neutral (confidence: 0.53)
2025-11-30 22:36:45 | WARNING  | emotion_detector | Failed to capture frame from camera
2025-11-30 22:36:45 | INFO     | emotion_detector | Detected emotion: neutral (confidence: 1.00)
2025-11-30 22:36:54 | INFO     | emotion_detector | Detected emotion: happy (confidence: 1.00)
2025-11-30 22:36:54 | INFO     | emotion_detector | Bias correction: Switched from fear/sad to happy (happy score: 0.49)
2025-11-30 22:36:54 | INFO     | emotion_detector | Detected emotion: happy (confidence: 0.49)
2025-11-30 22:37:03 | WARNING  | emotion_detector | Failed to capture frame from camera
2025-11-30 22:37:03 | INFO     | emotion_detector | Detected emotion: neutral (confidence: 0.98)
2025-11-30 22:37:12 | WARNING  | emotion_detector | Failed to capture frame from camera
2025-11-30 22:37:12 | INFO     | emotion_detector | Detected emotion: neutral (confidence: 1.00)
2025-11-30 22:37:20 | WARNING  | emotion_detector | Failed to capture frame from camera
2025-11-30 22:37:21 | INFO     | emotion_detector | Detected emotion: neutral (confidence: 0.98)
2025-11-30 22:37:30 | WARNING  | emotion_detector | Failed to capture frame from camera
2025-11-30 22:37:30 | INFO     | emotion_detector | Detected emotion: neutral (confidence: 1.00)
2025-11-30 22:37:40 | INFO     | emotion_detector | Detected emotion: neutral (confidence: 0.75)
2025-11-30 22:37:41 | INFO     | emotion_detector | Detected emotion: happy (confidence: 0.73)
2025-11-30 22:37:49 | WARNING  | emotion_detector | Failed to capture frame from camera
2025-11-30 22:37:49 | INFO     | emotion_detector | Detected emotion: neutral (confidence: 1.00)
2025-11-30 22:37:58 | WARNING  | emotion_detector | Failed to capture frame from camera
2025-11-30 22:37:59 | INFO     | emotion_detector | Detected emotion: happy (confidence: 0.77)
2025-11-30 22:38:08 | INFO     | emotion_detector | Detected emotion: happy (confidence: 0.73)
2025-11-30 22:38:08 | INFO     | emotion_detector | Detected emotion: happy (confidence: 0.99)
2025-11-30 22:38:17 | WARNING  | emotion_detector | Failed to capture frame from camera
2025-11-30 22:38:18 | INFO     | emotion_detector | Detected emotion: neutral (confidence: 1.00)
2025-11-30 22:38:26 | WARNING  | emotion_detector | Failed to capture frame from camera
2025-11-30 22:38:27 | INFO     | emotion_detector | Detected emotion: neutral (confidence: 0.96)
2025-11-30 22:38:36 | INFO     | emotion_detector | Detected emotion: neutral (confidence: 1.00)
2025-11-30 22:38:36 | INFO     | emotion_detector | Detected emotion: neutral (confidence: 1.00)
2025-11-30 22:38:45 | WARNING  | emotion_detector | Failed to capture frame from camera
2025-11-30 22:38:46 | INFO     | emotion_detector | Detected emotion: fear (confidence: 0.95)
2025-11-30 22:38:55 | WARNING  | emotion_detector | Failed to capture frame from camera
2025-11-30 22:38:55 | INFO     | emotion_detector | Detected emotion: neutral (confidence: 1.00)
2025-11-30 22:39:04 | INFO     | emotion_detector | Detected emotion: neutral (confidence: 0.97)
2025-11-30 22:39:05 | INFO     | emotion_detector | Detected emotion: neutral (confidence: 0.50)
2025-11-30 22:39:14 | WARNING  | emotion_detector | Failed to capture frame from camera
2025-11-30 22:39:14 | INFO     | emotion_detector | Detected emotion: fear (confidence: 0.83)
2025-11-30 22:39:23 | WARNING  | emotion_detector | Failed to capture frame from camera
2025-11-30 22:39:23 | INFO     | emotion_detector | Detected emotion: sad (confidence: 0.98)
2025-11-30 22:39:32 | WARNING  | emotion_detector | Failed to capture frame from camera
2025-11-30 22:39:33 | INFO     | emotion_detector | Detected emotion: fear (confidence: 0.90)
2025-11-30 22:39:42 | WARNING  | emotion_detector | Failed to capture frame from camera
2025-11-30 22:39:43 | INFO     | emotion_detector | Detected emotion: neutral (confidence: 1.00)
2025-11-30 22:39:52 | WARNING  | emotion_detector | Failed to capture frame from camera
2025-11-30 22:39:52 | INFO     | emotion_detector | Detected emotion: neutral (confidence: 1.00)
2025-11-30 22:40:01 | WARNING  | emotion_detector | Failed to capture frame from camera
2025-11-30 22:40:01 | INFO     | emotion_detector | Detected emotion: happy (confidence: 1.00)
2025-11-30 22:40:10 | INFO     | emotion_detector | Detected emotion: neutral (confidence: 0.99)
2025-11-30 22:40:11 | INFO     | emotion_detector | Detected emotion: neutral (confidence: 0.86)
2025-11-30 22:40:19 | WARNING  | emotion_detector | Failed to capture frame from camera
2025-11-30 22:40:20 | INFO     | emotion_detector | Detected emotion: happy (confidence: 0.72)
2025-11-30 22:40:28 | WARNING  | emotion_detector | Failed to capture frame from camera
2025-11-30 22:40:29 | INFO     | emotion_detector | Detected emotion: neutral (confidence: 0.97)
2025-11-30 22:40:38 | INFO     | emotion_detector | Detected emotion: neutral (confidence: 0.72)
2025-11-30 22:40:38 | INFO     | emotion_detector | Detected emotion: neutral (confidence: 0.41)
2025-11-30 22:40:47 | WARNING  | emotion_detector | Failed to capture frame from camera
2025-11-30 22:40:47 | INFO     | emotion_detector | Bias correction: Switched from fear/sad to neutral (neutral score: 0.48)
2025-11-30 22:40:47 | INFO     | emotion_detector | Detected emotion: neutral (confidence: 0.48)
2025-11-30 22:40:55 | WARNING  | emotion_detector | Failed to capture frame from camera
2025-11-30 22:40:56 | INFO     | emotion_detector | Detected emotion: fear (confidence: 0.90)
2025-11-30 22:41:04 | WARNING  | emotion_detector | Failed to capture frame from camera
2025-11-30 22:41:05 | INFO     | emotion_detector | Detected emotion: neutral (confidence: 0.69)
2025-11-30 22:41:13 | WARNING  | emotion_detector | Failed to capture frame from camera
2025-11-30 22:41:14 | INFO     | emotion_detector | Detected emotion: fear (confidence: 0.74)
2025-11-30 22:41:23 | INFO     | emotion_detector | Detected emotion: fear (confidence: 0.54)
2025-11-30 22:41:23 | INFO     | emotion_detector | Detected emotion: fear (confidence: 0.88)
2025-11-30 22:41:32 | WARNING  | emotion_detector | Failed to capture frame from camera
2025-11-30 22:41:32 | INFO     | emotion_detector | Bias correction: Switched from fear/sad to neutral (neutral score: 0.28)
2025-11-30 22:41:32 | INFO     | emotion_detector | Detected emotion: neutral (confidence: 0.28)
2025-11-30 22:41:41 | INFO     | emotion_detector | Detected emotion: neutral (confidence: 0.63)
2025-11-30 22:41:42 | INFO     | emotion_detector | Detected emotion: neutral (confidence: 0.39)
2025-11-30 22:41:50 | WARNING  | emotion_detector | Failed to capture frame from camera
2025-11-30 22:41:51 | INFO     | emotion_detector | Detected emotion: fear (confidence: 0.89)
2025-11-30 22:41:59 | WARNING  | emotion_detector | Failed to capture frame from camera
2025-11-30 22:42:00 | INFO     | emotion_detector | Detected emotion: angry (confidence: 0.43)
2025-11-30 22:42:08 | WARNING  | emotion_detector | Failed to capture frame from camera
2025-11-30 22:42:08 | INFO     | emotion_detector | Detected emotion: neutral (confidence: 0.29)
2025-11-30 22:42:17 | WARNING  | emotion_detector | Failed to capture frame from camera
2025-11-30 22:42:17 | INFO     | emotion_detector | Detected emotion: fear (confidence: 0.74)
2025-11-30 22:42:26 | WARNING  | emotion_detector | Failed to capture frame from camera
2025-11-30 22:42:26 | INFO     | emotion_detector | Detected emotion: angry (confidence: 0.89)
2025-11-30 22:42:34 | WARNING  | emotion_detector | Failed to capture frame from camera
2025-11-30 22:42:35 | INFO     | emotion_detector | Bias correction: Switched from fear/sad to neutral (neutral score: 0.36)
2025-11-30 22:42:35 | INFO     | emotion_detector | Detected emotion: neutral (confidence: 0.36)
2025-11-30 22:42:44 | WARNING  | emotion_detector | Failed to capture frame from camera
2025-11-30 22:42:44 | INFO     | emotion_detector | Detected emotion: fear (confidence: 0.98)
2025-11-30 22:42:53 | WARNING  | emotion_detector | Failed to capture frame from camera
2025-11-30 22:42:53 | INFO     | emotion_detector | Detected emotion: neutral (confidence: 0.98)
2025-11-30 22:43:02 | WARNING  | emotion_detector | Failed to capture frame from camera
2025-11-30 22:43:02 | INFO     | emotion_detector | Detected emotion: angry (confidence: 0.50)
2025-11-30 22:43:11 | INFO     | emotion_detector | Detected emotion: neutral (confidence: 0.54)
2025-11-30 22:43:11 | INFO     | emotion_detector | Detected emotion: fear (confidence: 0.99)
2025-11-30 22:43:20 | WARNING  | emotion_detector | Failed to capture frame from camera
2025-11-30 22:43:20 | INFO     | emotion_detector | Detected emotion: angry (confidence: 0.65)
2025-11-30 22:43:28 | WARNING  | emotion_detector | Failed to capture frame from camera
2025-11-30 22:43:29 | INFO     | emotion_detector | Detected emotion: angry (confidence: 0.80)
2025-11-30 22:43:37 | WARNING  | emotion_detector | Failed to capture frame from camera
2025-11-30 22:43:38 | INFO     | emotion_detector | Detected emotion: angry (confidence: 0.52)
2025-11-30 22:43:46 | WARNING  | emotion_detector | Failed to capture frame from camera
2025-11-30 22:43:47 | INFO     | emotion_detector | Detected emotion: angry (confidence: 0.97)
2025-11-30 22:43:55 | WARNING  | emotion_detector | Failed to capture frame from camera
2025-11-30 22:43:56 | INFO     | emotion_detector | Detected emotion: neutral (confidence: 0.64)
2025-11-30 22:44:04 | WARNING  | emotion_detector | Failed to capture frame from camera
2025-11-30 22:44:04 | INFO     | emotion_detector | Detected emotion: angry (confidence: 0.81)
2025-11-30 22:44:13 | WARNING  | emotion_detector | Failed to capture frame from camera
2025-11-30 22:44:13 | INFO     | emotion_detector | Detected emotion: sad (confidence: 0.81)
2025-11-30 22:44:22 | WARNING  | emotion_detector | Failed to capture frame from camera
2025-11-30 22:44:22 | WARNING  | emotion_detector | Failed to capture frame from camera
2025-11-30 22:44:30 | WARNING  | emotion_detector | Failed to capture frame from camera
2025-11-30 22:44:31 | WARNING  | emotion_detector | Failed to capture frame from camera
2025-11-30 22:44:39 | WARNING  | emotion_detector | Failed to capture frame from camera
2025-11-30 22:44:40 | WARNING  | emotion_detector | Failed to capture frame from camera
2025-11-30 22:44:47 | WARNING  | emotion_detector | Failed to capture frame from camera
2025-11-30 22:44:49 | WARNING  | emotion_detector | Failed to capture frame from camera
2025-11-30 22:44:56 | WARNING  | emotion_detector | Failed to capture frame from camera
2025-11-30 22:44:57 | WARNING  | emotion_detector | Failed to capture frame from camera
2025-11-30 22:45:04 | WARNING  | emotion_detector | Failed to capture frame from camera
2025-11-30 22:45:05 | WARNING  | emotion_detector | Failed to capture frame from camera
2025-11-30 22:45:12 | WARNING  | emotion_detector | Failed to capture frame from camera
2025-11-30 22:45:14 | WARNING  | emotion_detector | Failed to capture frame from camera
2025-11-30 22:45:21 | WARNING  | emotion_detector | Failed to capture frame from camera
2025-11-30 22:45:22 | WARNING  | emotion_detector | Failed to capture frame from camera
2025-11-30 22:45:29 | WARNING  | emotion_detector | Failed to capture frame from camera
2025-11-30 22:45:31 | WARNING  | emotion_detector | Failed to capture frame from camera
2025-11-30 22:45:40 | WARNING  | emotion_detector | Failed to capture frame from camera
2025-11-30 22:45:41 | WARNING  | emotion_detector | Failed to capture frame from camera
2025-11-30 22:45:49 | WARNING  | emotion_detector | Failed to capture frame from camera
2025-11-30 22:45:50 | WARNING  | emotion_detector | Failed to capture frame from camera
2025-11-30 22:45:58 | WARNING  | emotion_detector | Failed to capture frame from camera
2025-11-30 22:45:59 | WARNING  | emotion_detector | Failed to capture frame from camera
2025-11-30 22:46:06 | WARNING  | emotion_detector | Failed to capture frame from camera
2025-11-30 22:46:07 | WARNING  | emotion_detector | Failed to capture frame from camera
2025-11-30 22:46:15 | WARNING  | emotion_detector | Failed to capture frame from camera
2025-11-30 22:46:16 | WARNING  | emotion_detector | Failed to capture frame from camera
2025-11-30 22:46:24 | WARNING  | emotion_detector | Failed to capture frame from camera
2025-11-30 22:46:25 | WARNING  | emotion_detector | Failed to capture frame from camera
2025-11-30 22:46:32 | WARNING  | emotion_detector | Failed to capture frame from camera
2025-11-30 22:46:33 | WARNING  | emotion_detector | Failed to capture frame from camera
2025-11-30 22:46:41 | WARNING  | emotion_detector | Failed to capture frame from camera
2025-11-30 22:46:42 | WARNING  | emotion_detector | Failed to capture frame from camera
2025-11-30 22:46:50 | WARNING  | emotion_detector | Failed to capture frame from camera
2025-11-30 22:46:51 | WARNING  | emotion_detector | Failed to capture frame from camera
2025-11-30 22:46:58 | WARNING  | emotion_detector | Failed to capture frame from camera
2025-11-30 22:46:59 | WARNING  | emotion_detector | Failed to capture frame from camera
2025-11-30 22:47:07 | WARNING  | emotion_detector | Failed to capture frame from camera
2025-11-30 22:47:08 | WARNING  | emotion_detector | Failed to capture frame from camera
2025-11-30 22:47:15 | WARNING  | emotion_detector | Failed to capture frame from camera
2025-11-30 22:47:16 | WARNING  | emotion_detector | Failed to capture frame from camera
2025-11-30 22:47:24 | WARNING  | emotion_detector | Failed to capture frame from camera
2025-11-30 22:47:25 | WARNING  | emotion_detector | Failed to capture frame from camera
2025-11-30 22:47:32 | WARNING  | emotion_detector | Failed to capture frame from camera
2025-11-30 22:47:33 | WARNING  | emotion_detector | Failed to capture frame from camera
2025-11-30 22:47:42 | INFO     | emotion_detector | Detected emotion: happy (confidence: 0.91)
2025-11-30 22:47:43 | INFO     | emotion_detector | Detected emotion: fear (confidence: 0.72)
2025-11-30 22:47:51 | INFO     | emotion_detector | Detected emotion: angry (confidence: 0.67)
2025-11-30 22:47:52 | INFO     | emotion_detector | Detected emotion: angry (confidence: 0.93)
2025-11-30 22:48:01 | INFO     | emotion_detector | Detected emotion: angry (confidence: 0.81)
2025-11-30 22:48:01 | INFO     | emotion_detector | Detected emotion: angry (confidence: 0.54)
2025-11-30 22:48:10 | WARNING  | emotion_detector | Failed to capture frame from camera
2025-11-30 22:48:10 | INFO     | emotion_detector | Detected emotion: angry (confidence: 1.00)
2025-11-30 22:48:19 | INFO     | emotion_detector | Detected emotion: sad (confidence: 0.59)
2025-11-30 22:48:19 | INFO     | emotion_detector | Detected emotion: sad (confidence: 0.63)
2025-11-30 22:48:28 | WARNING  | emotion_detector | Failed to capture frame from camera
2025-11-30 22:48:28 | INFO     | emotion_detector | Detected emotion: angry (confidence: 0.90)
2025-11-30 22:48:36 | WARNING  | emotion_detector | Failed to capture frame from camera
2025-11-30 22:48:37 | INFO     | emotion_detector | Detected emotion: angry (confidence: 0.87)
2025-11-30 22:48:45 | WARNING  | emotion_detector | Failed to capture frame from camera
2025-11-30 22:48:46 | INFO     | emotion_detector | Detected emotion: sad (confidence: 0.45)
2025-11-30 22:48:54 | WARNING  | emotion_detector | Failed to capture frame from camera
2025-11-30 22:48:55 | INFO     | emotion_detector | Detected emotion: angry (confidence: 0.72)
2025-11-30 22:49:04 | INFO     | emotion_detector | Detected emotion: neutral (confidence: 0.45)
2025-11-30 22:49:04 | INFO     | emotion_detector | Detected emotion: neutral (confidence: 0.52)
2025-11-30 22:49:13 | WARNING  | emotion_detector | Failed to capture frame from camera
2025-11-30 22:49:13 | INFO     | emotion_detector | Detected emotion: angry (confidence: 0.77)
2025-11-30 22:49:21 | WARNING  | emotion_detector | Failed to capture frame from camera
2025-11-30 22:49:22 | INFO     | emotion_detector | Detected emotion: neutral (confidence: 0.91)
2025-11-30 22:49:31 | INFO     | emotion_detector | Detected emotion: angry (confidence: 0.52)
2025-11-30 22:49:31 | INFO     | emotion_detector | Detected emotion: angry (confidence: 0.46)
2025-11-30 22:49:40 | INFO     | emotion_detector | Bias correction: Switched from fear/sad to neutral (neutral score: 0.32)
2025-11-30 22:49:40 | INFO     | emotion_detector | Detected emotion: neutral (confidence: 0.32)
2025-11-30 22:49:41 | INFO     | emotion_detector | Detected emotion: angry (confidence: 0.44)
2025-11-30 22:49:49 | WARNING  | emotion_detector | Failed to capture frame from camera
2025-11-30 22:49:50 | INFO     | emotion_detector | Detected emotion: fear (confidence: 0.81)
2025-11-30 22:49:58 | INFO     | emotion_detector | Detected emotion: neutral (confidence: 0.80)
2025-11-30 22:49:59 | INFO     | emotion_detector | Detected emotion: neutral (confidence: 0.71)
2025-11-30 22:50:07 | WARNING  | emotion_detector | Failed to capture frame from camera
2025-11-30 22:50:08 | INFO     | emotion_detector | Detected emotion: angry (confidence: 0.87)
2025-11-30 22:50:17 | INFO     | emotion_detector | Detected emotion: sad (confidence: 0.99)
2025-11-30 22:50:17 | INFO     | emotion_detector | Detected emotion: sad (confidence: 0.98)
2025-11-30 22:50:25 | WARNING  | emotion_detector | Failed to capture frame from camera
2025-11-30 22:50:26 | INFO     | emotion_detector | Detected emotion: sad (confidence: 1.00)
2025-11-30 22:50:34 | WARNING  | emotion_detector | Failed to capture frame from camera
2025-11-30 22:50:35 | INFO     | emotion_detector | Detected emotion: neutral (confidence: 0.72)
2025-11-30 22:50:48 | WARNING  | emotion_detector | Failed to capture frame from camera
2025-11-30 22:50:49 | INFO     | emotion_detector | Detected emotion: sad (confidence: 1.00)
2025-11-30 22:50:58 | INFO     | emotion_detector | Detected emotion: angry (confidence: 0.67)
2025-11-30 22:50:59 | INFO     | emotion_detector | Detected emotion: angry (confidence: 0.43)
2025-11-30 22:51:08 | WARNING  | emotion_detector | Failed to capture frame from camera
2025-11-30 22:51:08 | INFO     | emotion_detector | Bias correction: Switched from fear/sad to neutral (neutral score: 0.38)
2025-11-30 22:51:08 | INFO     | emotion_detector | Detected emotion: neutral (confidence: 0.38)
2025-11-30 22:51:17 | WARNING  | emotion_detector | Failed to capture frame from camera
2025-11-30 22:51:18 | INFO     | emotion_detector | Detected emotion: fear (confidence: 0.95)
2025-11-30 22:51:27 | WARNING  | emotion_detector | Failed to capture frame from camera
2025-11-30 22:51:28 | INFO     | emotion_detector | Detected emotion: angry (confidence: 0.39)
2025-11-30 22:51:36 | WARNING  | emotion_detector | Failed to capture frame from camera
2025-11-30 22:51:37 | INFO     | emotion_detector | Detected emotion: neutral (confidence: 0.45)
2025-11-30 22:51:46 | WARNING  | emotion_detector | Failed to capture frame from camera
2025-11-30 22:51:47 | INFO     | emotion_detector | Detected emotion: neutral (confidence: 0.53)
2025-11-30 22:51:56 | INFO     | emotion_detector | Detected emotion: neutral (confidence: 0.49)
2025-11-30 22:51:56 | INFO     | emotion_detector | Detected emotion: neutral (confidence: 0.51)
2025-11-30 22:52:05 | WARNING  | emotion_detector | Failed to capture frame from camera
2025-11-30 22:52:06 | INFO     | emotion_detector | Detected emotion: sad (confidence: 0.72)
2025-11-30 22:52:15 | WARNING  | emotion_detector | Failed to capture frame from camera
2025-11-30 22:52:15 | INFO     | emotion_detector | Detected emotion: angry (confidence: 0.74)
2025-11-30 22:52:24 | WARNING  | emotion_detector | Failed to capture frame from camera
2025-11-30 22:52:25 | INFO     | emotion_detector | Detected emotion: neutral (confidence: 0.87)
2025-11-30 22:52:34 | WARNING  | emotion_detector | Failed to capture frame from camera
2025-11-30 22:52:34 | INFO     | emotion_detector | Detected emotion: sad (confidence: 0.83)
2025-11-30 22:52:44 | WARNING  | emotion_detector | Failed to capture frame from camera
2025-11-30 22:52:44 | INFO     | emotion_detector | Detected emotion: angry (confidence: 0.62)
2025-11-30 22:52:53 | WARNING  | emotion_detector | Failed to capture frame from camera
2025-11-30 22:52:54 | INFO     | emotion_detector | Detected emotion: angry (confidence: 0.94)
2025-11-30 22:53:03 | WARNING  | emotion_detector | Failed to capture frame from camera
2025-11-30 22:53:04 | INFO     | emotion_detector | Detected emotion: sad (confidence: 0.53)
2025-11-30 22:53:13 | WARNING  | emotion_detector | Failed to capture frame from camera
2025-11-30 22:53:14 | INFO     | emotion_detector | Detected emotion: sad (confidence: 0.70)
2025-11-30 22:53:22 | WARNING  | emotion_detector | Failed to capture frame from camera
2025-11-30 22:53:23 | INFO     | emotion_detector | Detected emotion: angry (confidence: 0.61)
2025-11-30 22:53:32 | WARNING  | emotion_detector | Failed to capture frame from camera
2025-11-30 22:53:32 | INFO     | emotion_detector | Detected emotion: sad (confidence: 0.89)
2025-11-30 22:53:42 | WARNING  | emotion_detector | Failed to capture frame from camera
2025-11-30 22:53:42 | INFO     | emotion_detector | Detected emotion: sad (confidence: 0.82)
2025-11-30 22:53:51 | WARNING  | emotion_detector | Failed to capture frame from camera
2025-11-30 22:53:52 | INFO     | emotion_detector | Detected emotion: neutral (confidence: 0.86)
2025-11-30 22:54:01 | INFO     | emotion_detector | Detected emotion: angry (confidence: 0.86)
2025-11-30 22:54:02 | INFO     | emotion_detector | Detected emotion: sad (confidence: 1.00)
2025-11-30 22:54:11 | WARNING  | emotion_detector | Failed to capture frame from camera
2025-11-30 22:54:11 | INFO     | emotion_detector | Detected emotion: sad (confidence: 1.00)
2025-11-30 22:54:20 | WARNING  | emotion_detector | Failed to capture frame from camera
2025-11-30 22:54:21 | INFO     | emotion_detector | Detected emotion: sad (confidence: 0.87)
2025-11-30 22:54:30 | WARNING  | emotion_detector | Failed to capture frame from camera
2025-11-30 22:54:30 | INFO     | emotion_detector | Detected emotion: sad (confidence: 0.84)
2025-11-30 22:54:39 | WARNING  | emotion_detector | Failed to capture frame from camera
2025-11-30 22:54:40 | INFO     | emotion_detector | Detected emotion: sad (confidence: 0.89)
2025-11-30 22:54:49 | WARNING  | emotion_detector | Failed to capture frame from camera
2025-11-30 22:54:49 | INFO     | emotion_detector | Detected emotion: sad (confidence: 0.94)
2025-11-30 22:54:58 | WARNING  | emotion_detector | Failed to capture frame from camera
2025-11-30 22:54:59 | INFO     | emotion_detector | Detected emotion: neutral (confidence: 0.61)
2025-11-30 22:55:08 | WARNING  | emotion_detector | Failed to capture frame from camera
2025-11-30 22:55:08 | INFO     | emotion_detector | Detected emotion: neutral (confidence: 0.83)
2025-11-30 22:55:17 | WARNING  | emotion_detector | Failed to capture frame from camera
2025-11-30 22:55:18 | INFO     | emotion_detector | Detected emotion: neutral (confidence: 0.75)
2025-11-30 22:55:27 | WARNING  | emotion_detector | Failed to capture frame from camera
2025-11-30 22:55:27 | INFO     | emotion_detector | Detected emotion: neutral (confidence: 0.76)
2025-11-30 22:55:36 | WARNING  | emotion_detector | Failed to capture frame from camera
2025-11-30 22:55:37 | INFO     | emotion_detector | Detected emotion: sad (confidence: 0.99)
2025-11-30 22:55:46 | WARNING  | emotion_detector | Failed to capture frame from camera
2025-11-30 22:55:46 | INFO     | emotion_detector | Detected emotion: sad (confidence: 0.68)
2025-11-30 22:55:56 | WARNING  | emotion_detector | Failed to capture frame from camera
2025-11-30 22:55:56 | INFO     | emotion_detector | Detected emotion: sad (confidence: 0.57)
2025-11-30 22:56:05 | WARNING  | emotion_detector | Failed to capture frame from camera
2025-11-30 22:56:06 | INFO     | emotion_detector | Detected emotion: sad (confidence: 0.71)
2025-11-30 22:56:14 | WARNING  | emotion_detector | Failed to capture frame from camera
2025-11-30 22:56:15 | INFO     | emotion_detector | Detected emotion: sad (confidence: 0.89)
2025-11-30 22:56:24 | WARNING  | emotion_detector | Failed to capture frame from camera
2025-11-30 22:56:25 | INFO     | emotion_detector | Detected emotion: neutral (confidence: 1.00)
2025-11-30 22:56:33 | WARNING  | emotion_detector | Failed to capture frame from camera
2025-11-30 22:56:34 | INFO     | emotion_detector | Detected emotion: neutral (confidence: 0.98)
2025-11-30 22:56:43 | WARNING  | emotion_detector | Failed to capture frame from camera
2025-11-30 22:56:44 | INFO     | emotion_detector | Detected emotion: neutral (confidence: 0.84)
2025-11-30 22:56:53 | WARNING  | emotion_detector | Failed to capture frame from camera
2025-11-30 22:56:53 | INFO     | emotion_detector | Detected emotion: neutral (confidence: 0.61)
2025-11-30 22:57:02 | WARNING  | emotion_detector | Failed to capture frame from camera
2025-11-30 22:57:03 | INFO     | emotion_detector | Detected emotion: neutral (confidence: 1.00)
2025-11-30 22:57:11 | WARNING  | emotion_detector | Failed to capture frame from camera
2025-11-30 22:57:12 | INFO     | emotion_detector | Detected emotion: neutral (confidence: 1.00)
2025-11-30 22:57:21 | WARNING  | emotion_detector | Failed to capture frame from camera
2025-11-30 22:57:21 | INFO     | emotion_detector | Detected emotion: neutral (confidence: 1.00)
2025-11-30 22:57:30 | WARNING  | emotion_detector | Failed to capture frame from camera
2025-11-30 22:57:31 | INFO     | emotion_detector | Detected emotion: fear (confidence: 0.97)
2025-11-30 22:57:41 | INFO     | emotion_detector | Detected emotion: neutral (confidence: 0.54)
2025-11-30 22:57:41 | INFO     | emotion_detector | Detected emotion: neutral (confidence: 0.67)
2025-11-30 22:57:50 | WARNING  | emotion_detector | Failed to capture frame from camera
2025-11-30 22:57:50 | INFO     | emotion_detector | Bias correction: Switched from fear/sad to neutral (neutral score: 0.47)
2025-11-30 22:57:50 | INFO     | emotion_detector | Detected emotion: neutral (confidence: 0.47)
2025-11-30 22:57:59 | WARNING  | emotion_detector | Failed to capture frame from camera
2025-11-30 22:58:00 | INFO     | emotion_detector | Detected emotion: neutral (confidence: 0.62)
2025-11-30 22:58:09 | WARNING  | emotion_detector | Failed to capture frame from camera
2025-11-30 22:58:09 | INFO     | emotion_detector | Detected emotion: neutral (confidence: 0.93)
2025-11-30 22:58:18 | WARNING  | emotion_detector | Failed to capture frame from camera
2025-11-30 22:58:19 | INFO     | emotion_detector | Detected emotion: neutral (confidence: 0.75)
2025-11-30 22:58:27 | WARNING  | emotion_detector | Failed to capture frame from camera
2025-11-30 22:58:28 | INFO     | emotion_detector | Detected emotion: fear (confidence: 0.95)
2025-11-30 22:58:37 | WARNING  | emotion_detector | Failed to capture frame from camera
2025-11-30 22:58:38 | INFO     | emotion_detector | Detected emotion: fear (confidence: 0.60)
2025-11-30 22:58:47 | WARNING  | emotion_detector | Failed to capture frame from camera
2025-11-30 22:58:47 | INFO     | emotion_detector | Detected emotion: fear (confidence: 0.81)
2025-11-30 22:58:56 | WARNING  | emotion_detector | Failed to capture frame from camera
2025-11-30 22:58:56 | INFO     | emotion_detector | Detected emotion: fear (confidence: 0.98)
2025-11-30 22:59:05 | WARNING  | emotion_detector | Failed to capture frame from camera
2025-11-30 22:59:06 | INFO     | emotion_detector | Detected emotion: angry (confidence: 0.70)
2025-11-30 22:59:15 | WARNING  | emotion_detector | Failed to capture frame from camera
2025-11-30 22:59:15 | INFO     | emotion_detector | Detected emotion: sad (confidence: 0.97)
2025-11-30 22:59:24 | WARNING  | emotion_detector | Failed to capture frame from camera
2025-11-30 22:59:25 | INFO     | emotion_detector | Detected emotion: neutral (confidence: 0.99)
2025-11-30 22:59:34 | WARNING  | emotion_detector | Failed to capture frame from camera
2025-11-30 22:59:34 | INFO     | emotion_detector | Detected emotion: neutral (confidence: 1.00)
2025-11-30 22:59:44 | WARNING  | emotion_detector | Failed to capture frame from camera
2025-11-30 22:59:44 | INFO     | emotion_detector | Detected emotion: neutral (confidence: 0.95)
2025-11-30 22:59:53 | WARNING  | emotion_detector | Failed to capture frame from camera
2025-11-30 22:59:54 | INFO     | emotion_detector | Detected emotion: neutral (confidence: 0.92)
2025-11-30 23:00:03 | INFO     | emotion_detector | Detected emotion: neutral (confidence: 0.64)
2025-11-30 23:00:04 | INFO     | emotion_detector | Detected emotion: neutral (confidence: 0.50)
2025-11-30 23:00:13 | WARNING  | emotion_detector | Failed to capture frame from camera
2025-11-30 23:00:13 | INFO     | emotion_detector | Detected emotion: sad (confidence: 0.58)
2025-11-30 23:00:22 | WARNING  | emotion_detector | Failed to capture frame from camera
2025-11-30 23:00:22 | INFO     | emotion_detector | Detected emotion: angry (confidence: 0.48)
2025-11-30 23:00:31 | WARNING  | emotion_detector | Failed to capture frame from camera
2025-11-30 23:00:32 | INFO     | emotion_detector | Detected emotion: neutral (confidence: 0.37)
2025-11-30 23:00:41 | WARNING  | emotion_detector | Failed to capture frame from camera
2025-11-30 23:00:42 | INFO     | emotion_detector | Detected emotion: neutral (confidence: 0.65)
2025-11-30 23:00:51 | WARNING  | emotion_detector | Failed to capture frame from camera
2025-11-30 23:00:51 | INFO     | emotion_detector | Detected emotion: angry (confidence: 0.51)
2025-11-30 23:01:00 | WARNING  | emotion_detector | Failed to capture frame from camera
2025-11-30 23:01:01 | INFO     | emotion_detector | Detected emotion: angry (confidence: 0.87)
2025-11-30 23:01:10 | WARNING  | emotion_detector | Failed to capture frame from camera
2025-11-30 23:01:10 | INFO     | emotion_detector | Detected emotion: angry (confidence: 0.58)
2025-11-30 23:01:19 | INFO     | emotion_detector | Detected emotion: sad (confidence: 0.98)
2025-11-30 23:01:20 | INFO     | emotion_detector | Detected emotion: sad (confidence: 0.99)
2025-11-30 23:01:29 | WARNING  | emotion_detector | Failed to capture frame from camera
2025-11-30 23:01:29 | INFO     | emotion_detector | Detected emotion: fear (confidence: 0.93)
2025-11-30 23:01:38 | WARNING  | emotion_detector | Failed to capture frame from camera
2025-11-30 23:01:39 | INFO     | emotion_detector | Detected emotion: angry (confidence: 0.85)
2025-11-30 23:01:48 | WARNING  | emotion_detector | Failed to capture frame from camera
2025-11-30 23:01:48 | INFO     | emotion_detector | Detected emotion: sad (confidence: 0.39)
2025-11-30 23:01:57 | WARNING  | emotion_detector | Failed to capture frame from camera
2025-11-30 23:01:58 | INFO     | emotion_detector | Detected emotion: sad (confidence: 0.46)
2025-11-30 23:02:07 | WARNING  | emotion_detector | Failed to capture frame from camera
2025-11-30 23:02:07 | INFO     | emotion_detector | Detected emotion: neutral (confidence: 0.51)
2025-11-30 23:02:16 | WARNING  | emotion_detector | Failed to capture frame from camera
2025-11-30 23:02:17 | INFO     | emotion_detector | Detected emotion: sad (confidence: 0.70)
2025-11-30 23:02:25 | WARNING  | emotion_detector | Failed to capture frame from camera
2025-11-30 23:02:26 | INFO     | emotion_detector | Detected emotion: sad (confidence: 0.93)
2025-11-30 23:02:35 | WARNING  | emotion_detector | Failed to capture frame from camera
2025-11-30 23:02:35 | INFO     | emotion_detector | Detected emotion: neutral (confidence: 0.86)
2025-11-30 23:02:45 | WARNING  | emotion_detector | Failed to capture frame from camera
2025-11-30 23:02:45 | INFO     | emotion_detector | Detected emotion: neutral (confidence: 0.53)
2025-11-30 23:02:58 | WARNING  | emotion_detector | Failed to capture frame from camera
2025-11-30 23:02:59 | INFO     | emotion_detector | Detected emotion: sad (confidence: 0.47)
2025-11-30 23:03:10 | WARNING  | emotion_detector | Failed to capture frame from camera
2025-11-30 23:03:10 | INFO     | emotion_detector | Detected emotion: neutral (confidence: 1.00)
2025-11-30 23:03:19 | WARNING  | emotion_detector | Failed to capture frame from camera
2025-11-30 23:03:19 | INFO     | emotion_detector | Detected emotion: neutral (confidence: 1.00)
2025-11-30 23:03:29 | WARNING  | emotion_detector | Failed to capture frame from camera
2025-11-30 23:03:29 | INFO     | emotion_detector | Detected emotion: neutral (confidence: 0.75)
2025-11-30 23:03:38 | WARNING  | emotion_detector | Failed to capture frame from camera
2025-11-30 23:03:39 | INFO     | emotion_detector | Detected emotion: fear (confidence: 0.85)
2025-11-30 23:03:48 | WARNING  | emotion_detector | Failed to capture frame from camera
2025-11-30 23:03:48 | INFO     | emotion_detector | Detected emotion: sad (confidence: 0.99)
2025-11-30 23:03:58 | WARNING  | emotion_detector | Failed to capture frame from camera
2025-11-30 23:03:58 | INFO     | emotion_detector | Bias correction: Switched from fear/sad to neutral (neutral score: 0.47)
2025-11-30 23:03:58 | INFO     | emotion_detector | Detected emotion: neutral (confidence: 0.47)
2025-11-30 23:04:07 | WARNING  | emotion_detector | Failed to capture frame from camera
2025-11-30 23:04:08 | INFO     | emotion_detector | Detected emotion: fear (confidence: 0.61)
2025-11-30 23:04:17 | WARNING  | emotion_detector | Failed to capture frame from camera
2025-11-30 23:04:17 | INFO     | emotion_detector | Detected emotion: fear (confidence: 1.00)
2025-11-30 23:04:26 | WARNING  | emotion_detector | Failed to capture frame from camera
2025-11-30 23:04:27 | INFO     | emotion_detector | Detected emotion: fear (confidence: 1.00)
2025-11-30 23:04:36 | WARNING  | emotion_detector | Failed to capture frame from camera
2025-11-30 23:04:37 | INFO     | emotion_detector | Detected emotion: fear (confidence: 0.96)
2025-11-30 23:04:45 | WARNING  | emotion_detector | Failed to capture frame from camera
2025-11-30 23:04:46 | INFO     | emotion_detector | Detected emotion: sad (confidence: 1.00)
2025-11-30 23:04:56 | INFO     | emotion_detector | Detected emotion: sad (confidence: 1.00)
2025-11-30 23:04:56 | INFO     | emotion_detector | Detected emotion: fear (confidence: 0.99)
2025-11-30 23:05:05 | WARNING  | emotion_detector | Failed to capture frame from camera
2025-11-30 23:05:06 | INFO     | emotion_detector | Detected emotion: fear (confidence: 1.00)
2025-11-30 23:05:15 | WARNING  | emotion_detector | Failed to capture frame from camera
2025-11-30 23:05:15 | INFO     | emotion_detector | Detected emotion: fear (confidence: 0.90)
2025-11-30 23:05:24 | WARNING  | emotion_detector | Failed to capture frame from camera
2025-11-30 23:05:25 | INFO     | emotion_detector | Detected emotion: neutral (confidence: 0.96)
2025-11-30 23:05:34 | WARNING  | emotion_detector | Failed to capture frame from camera
2025-11-30 23:05:34 | INFO     | emotion_detector | Detected emotion: angry (confidence: 1.00)
2025-11-30 23:05:43 | WARNING  | emotion_detector | Failed to capture frame from camera
2025-11-30 23:05:44 | INFO     | emotion_detector | Detected emotion: angry (confidence: 0.98)
2025-11-30 23:05:53 | WARNING  | emotion_detector | Failed to capture frame from camera
2025-11-30 23:05:53 | INFO     | emotion_detector | Detected emotion: angry (confidence: 0.98)
2025-11-30 23:06:02 | WARNING  | emotion_detector | Failed to capture frame from camera
2025-11-30 23:06:03 | INFO     | emotion_detector | Detected emotion: angry (confidence: 0.93)
2025-11-30 23:06:12 | WARNING  | emotion_detector | Failed to capture frame from camera
2025-11-30 23:06:12 | INFO     | emotion_detector | Detected emotion: angry (confidence: 0.96)
2025-11-30 23:06:22 | INFO     | emotion_detector | Detected emotion: angry (confidence: 0.99)
2025-11-30 23:06:22 | INFO     | emotion_detector | Detected emotion: angry (confidence: 1.00)
2025-11-30 23:06:31 | WARNING  | emotion_detector | Failed to capture frame from camera
2025-11-30 23:06:32 | INFO     | emotion_detector | Detected emotion: angry (confidence: 0.96)
2025-11-30 23:06:41 | WARNING  | emotion_detector | Failed to capture frame from camera
2025-11-30 23:06:41 | INFO     | emotion_detector | Detected emotion: angry (confidence: 1.00)
2025-11-30 23:06:50 | WARNING  | emotion_detector | Failed to capture frame from camera
2025-11-30 23:06:51 | INFO     | emotion_detector | Detected emotion: angry (confidence: 0.99)
2025-11-30 23:07:00 | WARNING  | emotion_detector | Failed to capture frame from camera
2025-11-30 23:07:00 | INFO     | emotion_detector | Detected emotion: angry (confidence: 0.99)
2025-11-30 23:07:09 | WARNING  | emotion_detector | Failed to capture frame from camera
2025-11-30 23:07:10 | INFO     | emotion_detector | Detected emotion: angry (confidence: 1.00)
2025-11-30 23:07:19 | WARNING  | emotion_detector | Failed to capture frame from camera
2025-11-30 23:07:19 | INFO     | emotion_detector | Detected emotion: angry (confidence: 0.98)
2025-11-30 23:07:28 | WARNING  | emotion_detector | Failed to capture frame from camera
2025-11-30 23:07:28 | INFO     | emotion_detector | Detected emotion: fear (confidence: 0.98)
2025-11-30 23:07:38 | WARNING  | emotion_detector | Failed to capture frame from camera
2025-11-30 23:07:38 | INFO     | emotion_detector | Detected emotion: sad (confidence: 0.92)
2025-11-30 23:07:47 | WARNING  | emotion_detector | Failed to capture frame from camera
2025-11-30 23:07:48 | INFO     | emotion_detector | Detected emotion: neutral (confidence: 1.00)
2025-11-30 23:07:57 | WARNING  | emotion_detector | Failed to capture frame from camera
2025-11-30 23:07:57 | INFO     | emotion_detector | Detected emotion: sad (confidence: 0.93)
2025-11-30 23:08:06 | WARNING  | emotion_detector | Failed to capture frame from camera
2025-11-30 23:08:07 | INFO     | emotion_detector | Detected emotion: sad (confidence: 0.59)
2025-11-30 23:08:16 | WARNING  | emotion_detector | Failed to capture frame from camera
2025-11-30 23:08:16 | INFO     | emotion_detector | Detected emotion: neutral (confidence: 0.46)
2025-11-30 23:08:25 | WARNING  | emotion_detector | Failed to capture frame from camera
2025-11-30 23:08:26 | INFO     | emotion_detector | Detected emotion: neutral (confidence: 1.00)
2025-11-30 23:08:35 | WARNING  | emotion_detector | Failed to capture frame from camera
2025-11-30 23:08:35 | INFO     | emotion_detector | Detected emotion: neutral (confidence: 1.00)
2025-11-30 23:08:44 | WARNING  | emotion_detector | Failed to capture frame from camera
2025-11-30 23:08:45 | INFO     | emotion_detector | Detected emotion: neutral (confidence: 1.00)
2025-11-30 23:08:53 | WARNING  | emotion_detector | Failed to capture frame from camera
2025-11-30 23:08:54 | INFO     | emotion_detector | Detected emotion: neutral (confidence: 0.95)
2025-11-30 23:09:03 | INFO     | emotion_detector | Detected emotion: neutral (confidence: 0.98)
2025-11-30 23:09:04 | INFO     | emotion_detector | Detected emotion: neutral (confidence: 0.99)
2025-11-30 23:09:13 | WARNING  | emotion_detector | Failed to capture frame from camera
2025-11-30 23:09:13 | INFO     | emotion_detector | Detected emotion: neutral (confidence: 0.67)
2025-11-30 23:09:22 | WARNING  | emotion_detector | Failed to capture frame from camera
2025-11-30 23:09:23 | INFO     | emotion_detector | Detected emotion: neutral (confidence: 0.47)
2025-11-30 23:09:32 | WARNING  | emotion_detector | Failed to capture frame from camera
2025-11-30 23:09:32 | INFO     | emotion_detector | Detected emotion: fear (confidence: 0.98)
2025-11-30 23:09:41 | WARNING  | emotion_detector | Failed to capture frame from camera
2025-11-30 23:09:42 | INFO     | emotion_detector | Detected emotion: fear (confidence: 0.93)
2025-11-30 23:09:51 | WARNING  | emotion_detector | Failed to capture frame from camera
2025-11-30 23:09:51 | INFO     | emotion_detector | Detected emotion: angry (confidence: 0.74)
2025-11-30 23:10:00 | WARNING  | emotion_detector | Failed to capture frame from camera
2025-11-30 23:10:01 | INFO     | emotion_detector | Detected emotion: sad (confidence: 0.41)
2025-11-30 23:10:10 | WARNING  | emotion_detector | Failed to capture frame from camera
2025-11-30 23:10:10 | INFO     | emotion_detector | Detected emotion: sad (confidence: 0.43)
2025-11-30 23:10:19 | WARNING  | emotion_detector | Failed to capture frame from camera
2025-11-30 23:10:20 | INFO     | emotion_detector | Detected emotion: angry (confidence: 0.68)
2025-11-30 23:10:29 | WARNING  | emotion_detector | Failed to capture frame from camera
2025-11-30 23:10:29 | INFO     | emotion_detector | Detected emotion: angry (confidence: 0.99)
2025-11-30 23:10:39 | INFO     | emotion_detector | Detected emotion: angry (confidence: 0.36)
2025-11-30 23:10:39 | INFO     | emotion_detector | Bias correction: Switched from fear/sad to neutral (neutral score: 0.32)
2025-11-30 23:10:39 | INFO     | emotion_detector | Detected emotion: neutral (confidence: 0.32)
2025-11-30 23:10:48 | WARNING  | emotion_detector | Failed to capture frame from camera
2025-11-30 23:10:48 | WARNING  | emotion_detector | Failed to capture frame from camera
2025-11-30 23:10:57 | WARNING  | emotion_detector | Failed to capture frame from camera
2025-11-30 23:10:57 | WARNING  | emotion_detector | Failed to capture frame from camera
2025-11-30 23:11:06 | WARNING  | emotion_detector | Failed to capture frame from camera
2025-11-30 23:11:06 | WARNING  | emotion_detector | Failed to capture frame from camera
2025-11-30 23:11:15 | WARNING  | emotion_detector | Failed to capture frame from camera
2025-11-30 23:11:15 | WARNING  | emotion_detector | Failed to capture frame from camera
2025-11-30 23:11:24 | WARNING  | emotion_detector | Failed to capture frame from camera
2025-11-30 23:11:24 | WARNING  | emotion_detector | Failed to capture frame from camera
2025-11-30 23:11:34 | INFO     | emotion_detector | Detected emotion: angry (confidence: 0.74)
2025-11-30 23:11:34 | INFO     | emotion_detector | Detected emotion: angry (confidence: 0.49)
2025-11-30 23:11:43 | WARNING  | emotion_detector | Failed to capture frame from camera
2025-11-30 23:11:44 | INFO     | emotion_detector | Detected emotion: neutral (confidence: 0.99)
2025-11-30 23:11:53 | WARNING  | emotion_detector | Failed to capture frame from camera
2025-11-30 23:11:53 | INFO     | emotion_detector | Detected emotion: neutral (confidence: 0.93)
2025-11-30 23:12:02 | WARNING  | emotion_detector | Failed to capture frame from camera
2025-11-30 23:12:03 | INFO     | emotion_detector | Detected emotion: neutral (confidence: 0.79)
2025-11-30 23:12:12 | WARNING  | emotion_detector | Failed to capture frame from camera
2025-11-30 23:12:12 | INFO     | emotion_detector | Detected emotion: angry (confidence: 0.63)
2025-11-30 23:12:21 | WARNING  | emotion_detector | Failed to capture frame from camera
2025-11-30 23:12:22 | INFO     | emotion_detector | Detected emotion: angry (confidence: 0.64)
2025-11-30 23:12:31 | WARNING  | emotion_detector | Failed to capture frame from camera
2025-11-30 23:12:31 | INFO     | emotion_detector | Detected emotion: angry (confidence: 0.65)
2025-11-30 23:12:40 | WARNING  | emotion_detector | Failed to capture frame from camera
2025-11-30 23:12:41 | INFO     | emotion_detector | Detected emotion: sad (confidence: 0.49)
2025-11-30 23:12:50 | WARNING  | emotion_detector | Failed to capture frame from camera
2025-11-30 23:12:50 | INFO     | emotion_detector | Detected emotion: angry (confidence: 0.79)
2025-11-30 23:12:59 | WARNING  | emotion_detector | Failed to capture frame from camera
2025-11-30 23:13:00 | INFO     | emotion_detector | Detected emotion: angry (confidence: 0.62)
2025-11-30 23:13:08 | WARNING  | emotion_detector | Failed to capture frame from camera
2025-11-30 23:13:09 | INFO     | emotion_detector | Detected emotion: sad (confidence: 0.96)
2025-11-30 23:13:18 | WARNING  | emotion_detector | Failed to capture frame from camera
2025-11-30 23:13:18 | INFO     | emotion_detector | Detected emotion: angry (confidence: 0.97)
2025-11-30 23:13:27 | WARNING  | emotion_detector | Failed to capture frame from camera
2025-11-30 23:13:28 | INFO     | emotion_detector | Detected emotion: angry (confidence: 0.52)
2025-11-30 23:13:37 | WARNING  | emotion_detector | Failed to capture frame from camera
2025-11-30 23:13:37 | INFO     | emotion_detector | Detected emotion: neutral (confidence: 0.86)
2025-11-30 23:13:46 | WARNING  | emotion_detector | Failed to capture frame from camera
2025-11-30 23:13:47 | INFO     | emotion_detector | Detected emotion: angry (confidence: 0.77)
2025-11-30 23:13:56 | WARNING  | emotion_detector | Failed to capture frame from camera
2025-11-30 23:13:56 | INFO     | emotion_detector | Detected emotion: sad (confidence: 0.59)
2025-11-30 23:14:05 | WARNING  | emotion_detector | Failed to capture frame from camera
2025-11-30 23:14:05 | INFO     | emotion_detector | Bias correction: Switched from fear/sad to neutral (neutral score: 0.32)
2025-11-30 23:14:05 | INFO     | emotion_detector | Detected emotion: neutral (confidence: 0.32)
2025-11-30 23:14:15 | WARNING  | emotion_detector | Failed to capture frame from camera
2025-11-30 23:14:15 | INFO     | emotion_detector | Detected emotion: sad (confidence: 0.54)
2025-11-30 23:14:24 | WARNING  | emotion_detector | Failed to capture frame from camera
2025-11-30 23:14:25 | INFO     | emotion_detector | Detected emotion: fear (confidence: 0.63)
2025-11-30 23:14:33 | WARNING  | emotion_detector | Failed to capture frame from camera
2025-11-30 23:14:34 | INFO     | emotion_detector | Detected emotion: angry (confidence: 0.91)
2025-11-30 23:14:43 | WARNING  | emotion_detector | Failed to capture frame from camera
2025-11-30 23:14:44 | INFO     | emotion_detector | Detected emotion: neutral (confidence: 0.54)
2025-11-30 23:14:53 | WARNING  | emotion_detector | Failed to capture frame from camera
2025-11-30 23:14:53 | INFO     | emotion_detector | Detected emotion: neutral (confidence: 0.85)
2025-11-30 23:15:02 | WARNING  | emotion_detector | Failed to capture frame from camera
2025-11-30 23:15:03 | INFO     | emotion_detector | Detected emotion: neutral (confidence: 0.91)
2025-11-30 23:15:12 | WARNING  | emotion_detector | Failed to capture frame from camera
2025-11-30 23:15:12 | INFO     | emotion_detector | Detected emotion: sad (confidence: 0.64)
2025-11-30 23:15:21 | WARNING  | emotion_detector | Failed to capture frame from camera
2025-11-30 23:15:22 | INFO     | emotion_detector | Detected emotion: sad (confidence: 0.93)
2025-11-30 23:15:31 | WARNING  | emotion_detector | Failed to capture frame from camera
2025-11-30 23:15:32 | INFO     | emotion_detector | Detected emotion: angry (confidence: 0.53)
2025-11-30 23:15:41 | WARNING  | emotion_detector | Failed to capture frame from camera
2025-11-30 23:15:42 | INFO     | emotion_detector | Detected emotion: sad (confidence: 0.92)
2025-11-30 23:15:51 | WARNING  | emotion_detector | Failed to capture frame from camera
2025-11-30 23:15:51 | INFO     | emotion_detector | Detected emotion: neutral (confidence: 0.89)
2025-11-30 23:16:01 | WARNING  | emotion_detector | Failed to capture frame from camera
2025-11-30 23:16:01 | INFO     | emotion_detector | Detected emotion: neutral (confidence: 0.39)
2025-11-30 23:16:10 | WARNING  | emotion_detector | Failed to capture frame from camera
2025-11-30 23:16:11 | INFO     | emotion_detector | Detected emotion: sad (confidence: 0.89)
2025-11-30 23:16:20 | WARNING  | emotion_detector | Failed to capture frame from camera
2025-11-30 23:16:21 | INFO     | emotion_detector | Detected emotion: angry (confidence: 0.82)
2025-11-30 23:16:30 | WARNING  | emotion_detector | Failed to capture frame from camera
2025-11-30 23:16:31 | INFO     | emotion_detector | Detected emotion: sad (confidence: 0.98)
2025-11-30 23:16:40 | WARNING  | emotion_detector | Failed to capture frame from camera
2025-11-30 23:16:41 | INFO     | emotion_detector | Detected emotion: sad (confidence: 0.79)
2025-11-30 23:16:50 | WARNING  | emotion_detector | Failed to capture frame from camera
2025-11-30 23:16:50 | INFO     | emotion_detector | Detected emotion: neutral (confidence: 1.00)
2025-11-30 23:16:59 | WARNING  | emotion_detector | Failed to capture frame from camera
2025-11-30 23:17:00 | INFO     | emotion_detector | Detected emotion: neutral (confidence: 0.62)
2025-11-30 23:17:09 | WARNING  | emotion_detector | Failed to capture frame from camera
2025-11-30 23:17:09 | INFO     | emotion_detector | Detected emotion: neutral (confidence: 1.00)
2025-11-30 23:17:18 | WARNING  | emotion_detector | Failed to capture frame from camera
2025-11-30 23:17:19 | INFO     | emotion_detector | Detected emotion: neutral (confidence: 1.00)
2025-11-30 23:17:28 | WARNING  | emotion_detector | Failed to capture frame from camera
2025-11-30 23:17:29 | INFO     | emotion_detector | Detected emotion: neutral (confidence: 0.81)
2025-11-30 23:17:39 | INFO     | emotion_detector | Detected emotion: neutral (confidence: 1.00)
2025-11-30 23:17:40 | INFO     | emotion_detector | Detected emotion: neutral (confidence: 1.00)
2025-11-30 23:17:49 | WARNING  | emotion_detector | Failed to capture frame from camera
2025-11-30 23:17:49 | INFO     | emotion_detector | Detected emotion: neutral (confidence: 1.00)
2025-11-30 23:17:58 | WARNING  | emotion_detector | Failed to capture frame from camera
2025-11-30 23:17:59 | INFO     | emotion_detector | Detected emotion: sad (confidence: 0.55)
2025-11-30 23:18:07 | WARNING  | emotion_detector | Failed to capture frame from camera
2025-11-30 23:18:08 | INFO     | emotion_detector | Detected emotion: angry (confidence: 0.78)
2025-11-30 23:18:17 | WARNING  | emotion_detector | Failed to capture frame from camera
2025-11-30 23:18:18 | INFO     | emotion_detector | Detected emotion: sad (confidence: 0.50)
2025-11-30 23:18:27 | WARNING  | emotion_detector | Failed to capture frame from camera
2025-11-30 23:18:27 | INFO     | emotion_detector | Detected emotion: sad (confidence: 0.99)
2025-11-30 23:18:36 | WARNING  | emotion_detector | Failed to capture frame from camera
2025-11-30 23:18:36 | INFO     | emotion_detector | Detected emotion: angry (confidence: 0.71)
2025-11-30 23:18:45 | WARNING  | emotion_detector | Failed to capture frame from camera
2025-11-30 23:18:46 | INFO     | emotion_detector | Detected emotion: neutral (confidence: 0.87)
2025-11-30 23:18:55 | WARNING  | emotion_detector | Failed to capture frame from camera
2025-11-30 23:18:55 | INFO     | emotion_detector | Detected emotion: neutral (confidence: 0.57)
2025-11-30 23:19:04 | WARNING  | emotion_detector | Failed to capture frame from camera
2025-11-30 23:19:05 | INFO     | emotion_detector | Detected emotion: neutral (confidence: 0.36)
2025-11-30 23:19:14 | WARNING  | emotion_detector | Failed to capture frame from camera
2025-11-30 23:19:14 | INFO     | emotion_detector | Detected emotion: angry (confidence: 1.00)
2025-11-30 23:19:23 | WARNING  | emotion_detector | Failed to capture frame from camera
2025-11-30 23:19:24 | INFO     | emotion_detector | Detected emotion: neutral (confidence: 0.97)
2025-11-30 23:19:33 | WARNING  | emotion_detector | Failed to capture frame from camera
2025-11-30 23:19:33 | INFO     | emotion_detector | Detected emotion: angry (confidence: 0.91)
2025-11-30 23:19:42 | WARNING  | emotion_detector | Failed to capture frame from camera
2025-11-30 23:19:43 | INFO     | emotion_detector | Detected emotion: fear (confidence: 0.42)
2025-11-30 23:19:52 | WARNING  | emotion_detector | Failed to capture frame from camera
2025-11-30 23:19:52 | INFO     | emotion_detector | Detected emotion: sad (confidence: 0.99)
2025-11-30 23:20:01 | WARNING  | emotion_detector | Failed to capture frame from camera
2025-11-30 23:20:02 | INFO     | emotion_detector | Detected emotion: angry (confidence: 0.78)
2025-11-30 23:20:11 | WARNING  | emotion_detector | Failed to capture frame from camera
2025-11-30 23:20:11 | INFO     | emotion_detector | Detected emotion: angry (confidence: 0.77)
2025-11-30 23:20:20 | WARNING  | emotion_detector | Failed to capture frame from camera
2025-11-30 23:20:21 | INFO     | emotion_detector | Detected emotion: angry (confidence: 0.82)
2025-11-30 23:20:30 | WARNING  | emotion_detector | Failed to capture frame from camera
2025-11-30 23:20:30 | INFO     | emotion_detector | Detected emotion: neutral (confidence: 0.68)
2025-11-30 23:20:39 | WARNING  | emotion_detector | Failed to capture frame from camera
2025-11-30 23:20:40 | INFO     | emotion_detector | Detected emotion: sad (confidence: 0.60)
2025-11-30 23:20:55 | WARNING  | emotion_detector | Failed to capture frame from camera
2025-11-30 23:20:56 | INFO     | emotion_detector | Detected emotion: sad (confidence: 0.55)
2025-11-30 23:21:05 | WARNING  | emotion_detector | Failed to capture frame from camera
2025-11-30 23:21:05 | INFO     | emotion_detector | Detected emotion: angry (confidence: 0.55)
2025-11-30 23:21:14 | WARNING  | emotion_detector | Failed to capture frame from camera
2025-11-30 23:21:15 | INFO     | emotion_detector | Detected emotion: angry (confidence: 0.90)
2025-11-30 23:21:24 | WARNING  | emotion_detector | Failed to capture frame from camera
2025-11-30 23:21:24 | INFO     | emotion_detector | Bias correction: Switched from fear/sad to neutral (neutral score: 0.37)
2025-11-30 23:21:24 | INFO     | emotion_detector | Detected emotion: neutral (confidence: 0.37)
2025-11-30 23:21:33 | WARNING  | emotion_detector | Failed to capture frame from camera
2025-11-30 23:21:34 | INFO     | emotion_detector | Detected emotion: neutral (confidence: 0.81)
2025-11-30 23:21:43 | WARNING  | emotion_detector | Failed to capture frame from camera
2025-11-30 23:21:44 | INFO     | emotion_detector | Detected emotion: angry (confidence: 0.99)
2025-11-30 23:21:53 | WARNING  | emotion_detector | Failed to capture frame from camera
2025-11-30 23:21:53 | INFO     | emotion_detector | Detected emotion: neutral (confidence: 0.99)
2025-11-30 23:22:02 | WARNING  | emotion_detector | Failed to capture frame from camera
2025-11-30 23:22:03 | INFO     | emotion_detector | Detected emotion: angry (confidence: 0.99)
2025-11-30 23:22:12 | WARNING  | emotion_detector | Failed to capture frame from camera
2025-11-30 23:22:12 | INFO     | emotion_detector | Detected emotion: fear (confidence: 0.95)
2025-11-30 23:22:21 | WARNING  | emotion_detector | Failed to capture frame from camera
2025-11-30 23:22:22 | INFO     | emotion_detector | Detected emotion: angry (confidence: 0.95)
2025-11-30 23:22:31 | WARNING  | emotion_detector | Failed to capture frame from camera
2025-11-30 23:22:31 | INFO     | emotion_detector | Detected emotion: sad (confidence: 0.75)
2025-11-30 23:22:40 | WARNING  | emotion_detector | Failed to capture frame from camera
2025-11-30 23:22:41 | INFO     | emotion_detector | Detected emotion: fear (confidence: 0.63)
2025-11-30 23:22:50 | WARNING  | emotion_detector | Failed to capture frame from camera
2025-11-30 23:22:50 | INFO     | emotion_detector | Detected emotion: neutral (confidence: 0.81)
2025-11-30 23:22:59 | WARNING  | emotion_detector | Failed to capture frame from camera
2025-11-30 23:23:00 | INFO     | emotion_detector | Detected emotion: angry (confidence: 0.67)
2025-11-30 23:23:09 | WARNING  | emotion_detector | Failed to capture frame from camera
2025-11-30 23:23:09 | INFO     | emotion_detector | Detected emotion: sad (confidence: 1.00)
2025-11-30 23:23:18 | WARNING  | emotion_detector | Failed to capture frame from camera
2025-11-30 23:23:19 | INFO     | emotion_detector | Detected emotion: sad (confidence: 0.59)
2025-11-30 23:23:28 | WARNING  | emotion_detector | Failed to capture frame from camera
2025-11-30 23:23:28 | INFO     | emotion_detector | Detected emotion: neutral (confidence: 0.93)
2025-11-30 23:23:37 | WARNING  | emotion_detector | Failed to capture frame from camera
2025-11-30 23:23:38 | INFO     | emotion_detector | Detected emotion: neutral (confidence: 0.96)
2025-11-30 23:23:47 | INFO     | emotion_detector | Detected emotion: sad (confidence: 0.59)
2025-11-30 23:23:48 | INFO     | emotion_detector | Detected emotion: sad (confidence: 0.48)
2025-11-30 23:23:57 | WARNING  | emotion_detector | Failed to capture frame from camera
2025-11-30 23:23:57 | INFO     | emotion_detector | Detected emotion: angry (confidence: 0.92)
2025-11-30 23:24:07 | WARNING  | emotion_detector | Failed to capture frame from camera
2025-11-30 23:24:07 | INFO     | emotion_detector | Detected emotion: neutral (confidence: 1.00)
2025-11-30 23:24:16 | WARNING  | emotion_detector | Failed to capture frame from camera
2025-11-30 23:24:17 | INFO     | emotion_detector | Detected emotion: neutral (confidence: 1.00)
2025-11-30 23:24:26 | WARNING  | emotion_detector | Failed to capture frame from camera
2025-11-30 23:24:26 | INFO     | emotion_detector | Detected emotion: neutral (confidence: 1.00)
2025-11-30 23:24:35 | WARNING  | emotion_detector | Failed to capture frame from camera
2025-11-30 23:24:36 | INFO     | emotion_detector | Detected emotion: neutral (confidence: 1.00)
2025-11-30 23:24:45 | WARNING  | emotion_detector | Failed to capture frame from camera
2025-11-30 23:24:45 | INFO     | emotion_detector | Detected emotion: angry (confidence: 0.53)
2025-11-30 23:24:52 | WARNING  | emotion_detector | Failed to capture frame from camera
2025-11-30 23:24:53 | INFO     | emotion_detector | Detected emotion: neutral (confidence: 0.96)
2025-11-30 23:25:00 | WARNING  | emotion_detector | Failed to capture frame from camera
2025-11-30 23:25:00 | INFO     | emotion_detector | Detected emotion: sad (confidence: 0.79)
2025-11-30 23:25:07 | WARNING  | emotion_detector | Failed to capture frame from camera
2025-11-30 23:25:07 | INFO     | emotion_detector | Detected emotion: sad (confidence: 0.60)
2025-11-30 23:25:14 | WARNING  | emotion_detector | Failed to capture frame from camera
2025-11-30 23:25:14 | INFO     | emotion_detector | Detected emotion: neutral (confidence: 0.99)
